/home/yyy/anaconda3/envs/tsclean/lib/python3.9/site-packages/sklearn/metrics/_classification.py:1565: UndefinedMetricWarning: Precision is ill-defined and being set to 0.0 due to no predicted samples. Use `zero_division` parameter to control this behavior.
  _warn_prf(average, modifier, f"{metric.capitalize()} is", len(result))
/home/yyy/anaconda3/envs/tsclean/lib/python3.9/site-packages/sklearn/metrics/_classification.py:1565: UndefinedMetricWarning: Precision is ill-defined and being set to 0.0 due to no predicted samples. Use `zero_division` parameter to control this behavior.
  _warn_prf(average, modifier, f"{metric.capitalize()} is", len(result))
/home/yyy/anaconda3/envs/tsclean/lib/python3.9/site-packages/sklearn/metrics/_classification.py:1565: UndefinedMetricWarning: Precision is ill-defined and being set to 0.0 due to no predicted samples. Use `zero_division` parameter to control this behavior.
  _warn_prf(average, modifier, f"{metric.capitalize()} is", len(result))
/home/yyy/anaconda3/envs/tsclean/lib/python3.9/site-packages/sklearn/metrics/_classification.py:1565: UndefinedMetricWarning: Precision is ill-defined and being set to 0.0 due to no predicted samples. Use `zero_division` parameter to control this behavior.
  _warn_prf(average, modifier, f"{metric.capitalize()} is", len(result))
/home/yyy/anaconda3/envs/tsclean/lib/python3.9/site-packages/sklearn/metrics/_classification.py:1565: UndefinedMetricWarning: Precision is ill-defined and being set to 0.0 due to no predicted samples. Use `zero_division` parameter to control this behavior.
  _warn_prf(average, modifier, f"{metric.capitalize()} is", len(result))
/home/yyy/anaconda3/envs/tsclean/lib/python3.9/site-packages/sklearn/metrics/_classification.py:1565: UndefinedMetricWarning: Precision is ill-defined and being set to 0.0 due to no predicted samples. Use `zero_division` parameter to control this behavior.
  _warn_prf(average, modifier, f"{metric.capitalize()} is", len(result))
/home/yyy/anaconda3/envs/tsclean/lib/python3.9/site-packages/sklearn/metrics/_classification.py:1565: UndefinedMetricWarning: Precision is ill-defined and being set to 0.0 due to no predicted samples. Use `zero_division` parameter to control this behavior.
  _warn_prf(average, modifier, f"{metric.capitalize()} is", len(result))
/home/yyy/anaconda3/envs/tsclean/lib/python3.9/site-packages/sklearn/metrics/_classification.py:1565: UndefinedMetricWarning: Precision is ill-defined and being set to 0.0 due to no predicted samples. Use `zero_division` parameter to control this behavior.
  _warn_prf(average, modifier, f"{metric.capitalize()} is", len(result))
/home/yyy/anaconda3/envs/tsclean/lib/python3.9/site-packages/sklearn/metrics/_classification.py:1565: UndefinedMetricWarning: Precision is ill-defined and being set to 0.0 due to no predicted samples. Use `zero_division` parameter to control this behavior.
  _warn_prf(average, modifier, f"{metric.capitalize()} is", len(result))
/home/yyy/anaconda3/envs/tsclean/lib/python3.9/site-packages/sklearn/metrics/_classification.py:1565: UndefinedMetricWarning: Precision is ill-defined and being set to 0.0 due to no predicted samples. Use `zero_division` parameter to control this behavior.
  _warn_prf(average, modifier, f"{metric.capitalize()} is", len(result))
/home/yyy/anaconda3/envs/tsclean/lib/python3.9/site-packages/sklearn/metrics/_classification.py:1565: UndefinedMetricWarning: Precision is ill-defined and being set to 0.0 due to no predicted samples. Use `zero_division` parameter to control this behavior.
  _warn_prf(average, modifier, f"{metric.capitalize()} is", len(result))
/home/yyy/anaconda3/envs/tsclean/lib/python3.9/site-packages/sklearn/metrics/_classification.py:1565: UndefinedMetricWarning: Precision is ill-defined and being set to 0.0 due to no predicted samples. Use `zero_division` parameter to control this behavior.
  _warn_prf(average, modifier, f"{metric.capitalize()} is", len(result))
/home/yyy/anaconda3/envs/tsclean/lib/python3.9/site-packages/sklearn/metrics/_classification.py:1565: UndefinedMetricWarning: Precision is ill-defined and being set to 0.0 due to no predicted samples. Use `zero_division` parameter to control this behavior.
  _warn_prf(average, modifier, f"{metric.capitalize()} is", len(result))
/home/yyy/anaconda3/envs/tsclean/lib/python3.9/site-packages/sklearn/metrics/_classification.py:1565: UndefinedMetricWarning: Precision is ill-defined and being set to 0.0 due to no predicted samples. Use `zero_division` parameter to control this behavior.
  _warn_prf(average, modifier, f"{metric.capitalize()} is", len(result))
/home/yyy/anaconda3/envs/tsclean/lib/python3.9/site-packages/sklearn/metrics/_classification.py:1565: UndefinedMetricWarning: Precision is ill-defined and being set to 0.0 due to no predicted samples. Use `zero_division` parameter to control this behavior.
  _warn_prf(average, modifier, f"{metric.capitalize()} is", len(result))
/home/yyy/anaconda3/envs/tsclean/lib/python3.9/site-packages/sklearn/metrics/_classification.py:1565: UndefinedMetricWarning: Precision is ill-defined and being set to 0.0 due to no predicted samples. Use `zero_division` parameter to control this behavior.
  _warn_prf(average, modifier, f"{metric.capitalize()} is", len(result))
/home/yyy/anaconda3/envs/tsclean/lib/python3.9/site-packages/sklearn/metrics/_classification.py:1565: UndefinedMetricWarning: Precision is ill-defined and being set to 0.0 due to no predicted samples. Use `zero_division` parameter to control this behavior.
  _warn_prf(average, modifier, f"{metric.capitalize()} is", len(result))
/home/yyy/anaconda3/envs/tsclean/lib/python3.9/site-packages/sklearn/metrics/_classification.py:1565: UndefinedMetricWarning: Precision is ill-defined and being set to 0.0 due to no predicted samples. Use `zero_division` parameter to control this behavior.
  _warn_prf(average, modifier, f"{metric.capitalize()} is", len(result))
/home/yyy/anaconda3/envs/tsclean/lib/python3.9/site-packages/sklearn/metrics/_classification.py:1565: UndefinedMetricWarning: Precision is ill-defined and being set to 0.0 due to no predicted samples. Use `zero_division` parameter to control this behavior.
  _warn_prf(average, modifier, f"{metric.capitalize()} is", len(result))
/home/yyy/anaconda3/envs/tsclean/lib/python3.9/site-packages/statsmodels/tsa/stattools.py:702: RuntimeWarning: invalid value encountered in divide
  acf = avf[: nlags + 1] / avf[0]
/home/yyy/anaconda3/envs/tsclean/lib/python3.9/site-packages/statsmodels/tsa/stattools.py:702: RuntimeWarning: invalid value encountered in divide
  acf = avf[: nlags + 1] / avf[0]
/home/yyy/anaconda3/envs/tsclean/lib/python3.9/site-packages/statsmodels/tsa/stattools.py:702: RuntimeWarning: invalid value encountered in divide
  acf = avf[: nlags + 1] / avf[0]
/home/yyy/anaconda3/envs/tsclean/lib/python3.9/site-packages/statsmodels/tsa/stattools.py:702: RuntimeWarning: invalid value encountered in divide
  acf = avf[: nlags + 1] / avf[0]
/home/yyy/anaconda3/envs/tsclean/lib/python3.9/site-packages/statsmodels/tsa/stattools.py:702: RuntimeWarning: invalid value encountered in divide
  acf = avf[: nlags + 1] / avf[0]
/home/yyy/anaconda3/envs/tsclean/lib/python3.9/site-packages/statsmodels/tsa/stattools.py:702: RuntimeWarning: invalid value encountered in divide
  acf = avf[: nlags + 1] / avf[0]
/home/yyy/anaconda3/envs/tsclean/lib/python3.9/site-packages/statsmodels/tsa/stattools.py:702: RuntimeWarning: invalid value encountered in divide
  acf = avf[: nlags + 1] / avf[0]
/home/yyy/anaconda3/envs/tsclean/lib/python3.9/site-packages/statsmodels/tsa/stattools.py:702: RuntimeWarning: invalid value encountered in divide
  acf = avf[: nlags + 1] / avf[0]
/home/yyy/anaconda3/envs/tsclean/lib/python3.9/site-packages/statsmodels/tsa/stattools.py:702: RuntimeWarning: invalid value encountered in divide
  acf = avf[: nlags + 1] / avf[0]
/home/yyy/anaconda3/envs/tsclean/lib/python3.9/site-packages/statsmodels/tsa/stattools.py:702: RuntimeWarning: invalid value encountered in divide
  acf = avf[: nlags + 1] / avf[0]
/home/yyy/anaconda3/envs/tsclean/lib/python3.9/site-packages/statsmodels/tsa/stattools.py:702: RuntimeWarning: invalid value encountered in divide
  acf = avf[: nlags + 1] / avf[0]
/home/yyy/anaconda3/envs/tsclean/lib/python3.9/site-packages/sklearn/metrics/_classification.py:1565: UndefinedMetricWarning: Precision is ill-defined and being set to 0.0 due to no predicted samples. Use `zero_division` parameter to control this behavior.
  _warn_prf(average, modifier, f"{metric.capitalize()} is", len(result))
/home/yyy/anaconda3/envs/tsclean/lib/python3.9/site-packages/statsmodels/tsa/stattools.py:702: RuntimeWarning: invalid value encountered in divide
  acf = avf[: nlags + 1] / avf[0]
/home/yyy/anaconda3/envs/tsclean/lib/python3.9/site-packages/sklearn/metrics/_classification.py:1565: UndefinedMetricWarning: Precision is ill-defined and being set to 0.0 due to no predicted samples. Use `zero_division` parameter to control this behavior.
  _warn_prf(average, modifier, f"{metric.capitalize()} is", len(result))
/home/yyy/anaconda3/envs/tsclean/lib/python3.9/site-packages/statsmodels/tsa/stattools.py:702: RuntimeWarning: invalid value encountered in divide
  acf = avf[: nlags + 1] / avf[0]
CUDA Available:  True
cuDNN Version:  91002
Starting serial execution...
Processing dataset: CalIt2_traffic
CalIt2_traffic - Sub_IForest: (1008, 2), (1008,),[0 1]
CalIt2_traffic - Sub_IForest: 0.2810424539998068
CalIt2_traffic - Sub_IForest: 0.2810424539998068
CalIt2_traffic - IForest: (1008, 2), (1008,),[0 1]
CalIt2_traffic - IForest: 0.4725574733222135
CalIt2_traffic - IForest: 0.4725574733222135
CalIt2_traffic - Sub_LOF: (1008, 2), (1008,),[0 1]
CalIt2_traffic - Sub_LOF: 0.13934887715442246
CalIt2_traffic - Sub_LOF: 0.13934887715442246
CalIt2_traffic - LOF: (1008, 2), (1008,),[0 1]
CalIt2_traffic - LOF: 0.22251925435103873
CalIt2_traffic - LOF: 0.22251925435103873
CalIt2_traffic - Sub_PCA: (1008, 2), (1008,),[0 1]
CalIt2_traffic - Sub_PCA: 0.3647944545509101
CalIt2_traffic - Sub_PCA: 0.3647944545509101
CalIt2_traffic - PCA: (1008, 2), (1008,),[0 1]
CalIt2_traffic - PCA: 0.509401775401753
CalIt2_traffic - PCA: 0.509401775401753
CalIt2_traffic - HBOS: (1008, 2), (1008,),[0 1]
CalIt2_traffic - HBOS: 0.16910864849797397
CalIt2_traffic - HBOS: 0.16910864849797397
CalIt2_traffic - Sub_HBOS: (1008, 2), (1008,),[0 1]
CalIt2_traffic - Sub_HBOS: 0.3210463634552043
CalIt2_traffic - Sub_HBOS: 0.3210463634552043
CalIt2_traffic - KNN: (1008, 2), (1008,),[0 1]
CalIt2_traffic - KNN: 0.22251925435103873
CalIt2_traffic - KNN: 0.22251925435103873
CalIt2_traffic - Sub_KNN: (1008, 2), (1008,),[0 1]
CalIt2_traffic - Sub_KNN: 0.13538185313919515
CalIt2_traffic - Sub_KNN: 0.13538185313919515
CalIt2_traffic - KMeansAD: (1008, 2), (1008,),[0 1]
CalIt2_traffic - KMeansAD: 0.12461545849497233
CalIt2_traffic - KMeansAD: 0.12461545849497233
CalIt2_traffic - KMeansAD_U: (1008, 2), (1008,),[0 1]
CalIt2_traffic - KMeansAD_U: 0.12190093657453907
CalIt2_traffic - KMeansAD_U: 0.12190093657453907
CalIt2_traffic - COPOD: (1008, 2), (1008,),[0 1]
CalIt2_traffic - COPOD: 0.4226409383279219
CalIt2_traffic - COPOD: 0.4226409383279219
CalIt2_traffic - CBLOF: (1008, 2), (1008,),[0 1]
CalIt2_traffic - CBLOF: 0.4148157326349462
CalIt2_traffic - CBLOF: 0.4148157326349462
CalIt2_traffic - COF: (1008, 2), (1008,),[0 1]
CalIt2_traffic - COF: 0.320752776667718
CalIt2_traffic - COF: 0.320752776667718
CalIt2_traffic - EIF: (1008, 2), (1008,),[0 1]
CalIt2_traffic - EIF: 0.40747716315492394
CalIt2_traffic - EIF: 0.40747716315492394
CalIt2_traffic - RobustPCA: (1008, 2), (1008,),[0 1]
iteration: 1, error: 4.8058972403297595
iteration: 100, error: 0.07391824471331974
iteration: 148, error: 2.7969398800448515e-05
CalIt2_traffic - RobustPCA: 0.5382093949700856
CalIt2_traffic - RobustPCA: 0.5382093949700856
CalIt2_traffic - FFT: (1008, 2), (1008,),[0 1]
CalIt2_traffic - FFT: 0.5603573246022988
CalIt2_traffic - FFT: 0.5603573246022988
CalIt2_traffic - NORMA: (1008, 2), (1008,),[0 1]
CalIt2_traffic - NORMA: 0.16963647691509268
CalIt2_traffic - NORMA: 0.16963647691509268
CalIt2_traffic - MovingAverage: (1008, 2), (1008,),[0 1]
CalIt2_traffic - MovingAverage: 0.5491664324889708
CalIt2_traffic - MovingAverage: 0.5491664324889708
CalIt2_traffic - EWMA: (1008, 2), (1008,),[0 1]
CalIt2_traffic - EWMA: 0.5489641425950678
CalIt2_traffic - EWMA: 0.5489641425950678
CalIt2_traffic - SavGol: (1008, 2), (1008,),[0 1]
CalIt2_traffic - SavGol: 0.5211545319987755
CalIt2_traffic - SavGol: 0.5211545319987755
CalIt2_traffic - Kalman: (1008, 2), (1008,),[0 1]
CalIt2_traffic - Kalman: 0.542886867512237
CalIt2_traffic - Kalman: 0.542886867512237
CalIt2_traffic - LOESS: (1008, 2), (1008,),[0 1]
CalIt2_traffic - LOESS: 0.5602025672996015
CalIt2_traffic - LOESS: 0.5602025672996015
CalIt2_traffic - HoltWinters: (1008, 2), (1008,),[0 1]
CalIt2_traffic - HoltWinters: 0.540723036194556
CalIt2_traffic - HoltWinters: 0.540723036194556
CalIt2_traffic - RollingMedian: (1008, 2), (1008,),[0 1]
CalIt2_traffic - RollingMedian: 0.5070010147163062
CalIt2_traffic - RollingMedian: 0.5070010147163062
CalIt2_traffic - ZScore: (1008, 2), (1008,),[0 1]
CalIt2_traffic - ZScore: 0.551745438420826
CalIt2_traffic - ZScore: 0.551745438420826
CalIt2_traffic - MAD: (1008, 2), (1008,),[0 1]
CalIt2_traffic - MAD: 0.5442400100473277
CalIt2_traffic - MAD: 0.5442400100473277
CalIt2_traffic - IQR: (1008, 2), (1008,),[0 1]
CalIt2_traffic - IQR: 0.4733027679492552
CalIt2_traffic - IQR: 0.4733027679492552
CalIt2_traffic - Mahalanobis: (1008, 2), (1008,),[0 1]
CalIt2_traffic - Mahalanobis: 0.5497451372221249
CalIt2_traffic - Mahalanobis: 0.5497451372221249
CalIt2_traffic - HotellingT2: (1008, 2), (1008,),[0 1]
CalIt2_traffic - HotellingT2: 0.5497451372221249
CalIt2_traffic - HotellingT2: 0.5497451372221249
CalIt2_traffic - PCAStat: (1008, 2), (1008,),[0 1]
CalIt2_traffic - PCAStat: 0.5202670166356298
CalIt2_traffic - PCAStat: 0.5202670166356298
CalIt2_traffic - KDE: (1008, 2), (1008,),[0 1]
CalIt2_traffic - KDE: 0.5373737778085391
CalIt2_traffic - KDE: 0.5373737778085391
CalIt2_traffic - GMM: (1008, 2), (1008,),[0 1]
CalIt2_traffic - GMM: 0.5223353833745987
CalIt2_traffic - GMM: 0.5223353833745987
CalIt2_traffic - SARAD: (1008, 2), (1008,),[0 1]
SARAD Model initialized on cuda
SARAD training finished. Final loss: 0.000951
CalIt2_traffic - SARAD: 0.1350819323387975
CalIt2_traffic - SARAD: 0.1350819323387975
CalIt2_traffic - SensitiveHUE: (1008, 2), (1008,),[0 1]
SensitiveHUE Model initialized on cuda
Epoch 100/200, Avg NLL Loss: -1.2271
Epoch 200/200, Avg NLL Loss: -3.4581
SensitiveHUE training finished.
CalIt2_traffic - SensitiveHUE: 0.2478689993199705
CalIt2_traffic - SensitiveHUE: 0.2478689993199705
CalIt2_traffic - SensorSCAN: (1008, 2), (1008,),[0 1]
SensorSCAN Model initialized on cuda
Stage 1: Autoencoder Pretraining...
  AE Epoch 100/200, Loss: 0.004275
  AE Epoch 200/200, Loss: 0.002835
Stage 2: SCAN Clustering...
  SCAN Epoch 100/200, Loss: 0.000163
  SCAN Epoch 200/200, Loss: 0.000041
SensorSCAN training finished.
CalIt2_traffic - SensorSCAN: 0.29953556482058535
CalIt2_traffic - SensorSCAN: 0.29953556482058535
CalIt2_traffic - CATCH: (1008, 2), (1008,),[0 1]
CATCH Model initialized on cuda
CATCH training finished. Final loss: 225.432602
CalIt2_traffic - CATCH: 0.3263337104684071
CalIt2_traffic - CATCH: 0.3263337104684071
CalIt2_traffic - DADA: (1008, 2), (1008,),[0 1]
DADA Model initialized on cuda
DADA: Starting stable dual-decoder training...
  Epoch 100/200, Total Loss: 0.391397, Loss_n: 0.540821, Loss_a: 1.299510
  Epoch 200/200, Total Loss: 0.382922, Loss_n: 0.563266, Loss_a: 1.207647
DADA: Training finished.
CalIt2_traffic - DADA: 0.11473301397101197
CalIt2_traffic - DADA: 0.11473301397101197
Results for CalIt2_traffic written to CSV.
Processing dataset: cicids_0
cicids_0 - Sub_IForest: (20000, 72), (20000,),[0 1]
cicids_0 - Sub_IForest: 0.9781794157126
cicids_0 - Sub_IForest: 0.9781794157126
cicids_0 - IForest: (20000, 72), (20000,),[0 1]
cicids_0 - IForest: 0.9783880238494848
cicids_0 - IForest: 0.9783880238494848
cicids_0 - Sub_LOF: (20000, 72), (20000,),[0 1]
cicids_0 - Sub_LOF: 0.9788377075516314
cicids_0 - Sub_LOF: 0.9788377075516314
cicids_0 - LOF: (20000, 72), (20000,),[0 1]
cicids_0 - LOF: 0.9843226771433613
cicids_0 - LOF: 0.9843226771433613
cicids_0 - Sub_PCA: (20000, 72), (20000,),[0 1]
cicids_0 - Sub_PCA: 0.9709310203930135
cicids_0 - Sub_PCA: 0.9709310203930135
cicids_0 - PCA: (20000, 72), (20000,),[0 1]
cicids_0 - PCA: 0.9709837130555528
cicids_0 - PCA: 0.9709837130555528
cicids_0 - HBOS: (20000, 72), (20000,),[0 1]
cicids_0 - HBOS: 0.9713972634162237
cicids_0 - HBOS: 0.9713972634162237
cicids_0 - Sub_HBOS: (20000, 72), (20000,),[0 1]
cicids_0 - Sub_HBOS: 0.9783575261284341
cicids_0 - Sub_HBOS: 0.9783575261284341
cicids_0 - KNN: (20000, 72), (20000,),[0 1]
cicids_0 - KNN: 0.9703639157108745
cicids_0 - KNN: 0.9703639157108745
cicids_0 - Sub_KNN: (20000, 72), (20000,),[0 1]
cicids_0 - Sub_KNN: 0.9768522689234024
cicids_0 - Sub_KNN: 0.9768522689234024
cicids_0 - KMeansAD: (20000, 72), (20000,),[0 1]
cicids_0 - KMeansAD: 0.9786993637643904
cicids_0 - KMeansAD: 0.9786993637643904
cicids_0 - KMeansAD_U: (20000, 72), (20000,),[0 1]
cicids_0 - KMeansAD_U: 0.9806489313877569
cicids_0 - KMeansAD_U: 0.9806489313877569
cicids_0 - COPOD: (20000, 72), (20000,),[0 1]
cicids_0 - COPOD: 0.983444293535214
cicids_0 - COPOD: 0.983444293535214
/home/yyy/anaconda3/envs/tsclean/lib/python3.9/site-packages/statsmodels/tsa/stattools.py:702: RuntimeWarning: invalid value encountered in divide
  acf = avf[: nlags + 1] / avf[0]
/home/yyy/anaconda3/envs/tsclean/lib/python3.9/site-packages/statsmodels/tsa/stattools.py:702: RuntimeWarning: invalid value encountered in divide
  acf = avf[: nlags + 1] / avf[0]
/home/yyy/anaconda3/envs/tsclean/lib/python3.9/site-packages/statsmodels/tsa/stattools.py:702: RuntimeWarning: invalid value encountered in divide
  acf = avf[: nlags + 1] / avf[0]
/home/yyy/anaconda3/envs/tsclean/lib/python3.9/site-packages/statsmodels/tsa/stattools.py:702: RuntimeWarning: invalid value encountered in divide
  acf = avf[: nlags + 1] / avf[0]
/home/yyy/anaconda3/envs/tsclean/lib/python3.9/site-packages/sklearn/metrics/_classification.py:1565: UndefinedMetricWarning: Precision is ill-defined and being set to 0.0 due to no predicted samples. Use `zero_division` parameter to control this behavior.
  _warn_prf(average, modifier, f"{metric.capitalize()} is", len(result))
/home/yyy/anaconda3/envs/tsclean/lib/python3.9/site-packages/statsmodels/tsa/stattools.py:702: RuntimeWarning: invalid value encountered in divide
  acf = avf[: nlags + 1] / avf[0]
/home/yyy/anaconda3/envs/tsclean/lib/python3.9/site-packages/statsmodels/tsa/stattools.py:702: RuntimeWarning: invalid value encountered in divide
  acf = avf[: nlags + 1] / avf[0]
/home/yyy/anaconda3/envs/tsclean/lib/python3.9/site-packages/statsmodels/tsa/stattools.py:702: RuntimeWarning: invalid value encountered in divide
  acf = avf[: nlags + 1] / avf[0]
/home/yyy/anaconda3/envs/tsclean/lib/python3.9/site-packages/statsmodels/tsa/stattools.py:702: RuntimeWarning: invalid value encountered in divide
  acf = avf[: nlags + 1] / avf[0]
/home/yyy/anaconda3/envs/tsclean/lib/python3.9/site-packages/statsmodels/tsa/stattools.py:702: RuntimeWarning: invalid value encountered in divide
  acf = avf[: nlags + 1] / avf[0]
/home/yyy/anaconda3/envs/tsclean/lib/python3.9/site-packages/statsmodels/tsa/stattools.py:702: RuntimeWarning: invalid value encountered in divide
  acf = avf[: nlags + 1] / avf[0]
/home/yyy/anaconda3/envs/tsclean/lib/python3.9/site-packages/statsmodels/tsa/stattools.py:702: RuntimeWarning: invalid value encountered in divide
  acf = avf[: nlags + 1] / avf[0]
/home/yyy/anaconda3/envs/tsclean/lib/python3.9/site-packages/statsmodels/tsa/stattools.py:702: RuntimeWarning: invalid value encountered in divide
  acf = avf[: nlags + 1] / avf[0]
/home/yyy/anaconda3/envs/tsclean/lib/python3.9/site-packages/statsmodels/tsa/stattools.py:702: RuntimeWarning: invalid value encountered in divide
  acf = avf[: nlags + 1] / avf[0]
/home/yyy/anaconda3/envs/tsclean/lib/python3.9/site-packages/statsmodels/tsa/stattools.py:702: RuntimeWarning: invalid value encountered in divide
  acf = avf[: nlags + 1] / avf[0]
/home/yyy/anaconda3/envs/tsclean/lib/python3.9/site-packages/statsmodels/tsa/stattools.py:702: RuntimeWarning: invalid value encountered in divide
  acf = avf[: nlags + 1] / avf[0]
/home/yyy/anaconda3/envs/tsclean/lib/python3.9/site-packages/statsmodels/tsa/stattools.py:702: RuntimeWarning: invalid value encountered in divide
  acf = avf[: nlags + 1] / avf[0]
/home/yyy/anaconda3/envs/tsclean/lib/python3.9/site-packages/sklearn/metrics/_classification.py:1565: UndefinedMetricWarning: Precision is ill-defined and being set to 0.0 due to no predicted samples. Use `zero_division` parameter to control this behavior.
  _warn_prf(average, modifier, f"{metric.capitalize()} is", len(result))
/home/yyy/anaconda3/envs/tsclean/lib/python3.9/site-packages/statsmodels/tsa/stattools.py:702: RuntimeWarning: invalid value encountered in divide
  acf = avf[: nlags + 1] / avf[0]
/home/yyy/anaconda3/envs/tsclean/lib/python3.9/site-packages/statsmodels/tsa/stattools.py:702: RuntimeWarning: invalid value encountered in divide
  acf = avf[: nlags + 1] / avf[0]
/home/yyy/anaconda3/envs/tsclean/lib/python3.9/site-packages/statsmodels/tsa/stattools.py:702: RuntimeWarning: invalid value encountered in divide
  acf = avf[: nlags + 1] / avf[0]
/home/yyy/anaconda3/envs/tsclean/lib/python3.9/site-packages/statsmodels/tsa/stattools.py:702: RuntimeWarning: invalid value encountered in divide
  acf = avf[: nlags + 1] / avf[0]
/home/yyy/anaconda3/envs/tsclean/lib/python3.9/site-packages/sklearn/metrics/_classification.py:1565: UndefinedMetricWarning: Precision is ill-defined and being set to 0.0 due to no predicted samples. Use `zero_division` parameter to control this behavior.
  _warn_prf(average, modifier, f"{metric.capitalize()} is", len(result))
/home/yyy/anaconda3/envs/tsclean/lib/python3.9/site-packages/statsmodels/tsa/stattools.py:702: RuntimeWarning: invalid value encountered in divide
  acf = avf[: nlags + 1] / avf[0]
/home/yyy/anaconda3/envs/tsclean/lib/python3.9/site-packages/statsmodels/tsa/stattools.py:702: RuntimeWarning: invalid value encountered in divide
  acf = avf[: nlags + 1] / avf[0]
/home/yyy/anaconda3/envs/tsclean/lib/python3.9/site-packages/statsmodels/tsa/stattools.py:702: RuntimeWarning: invalid value encountered in divide
  acf = avf[: nlags + 1] / avf[0]
/home/yyy/anaconda3/envs/tsclean/lib/python3.9/site-packages/statsmodels/tsa/stattools.py:702: RuntimeWarning: invalid value encountered in divide
  acf = avf[: nlags + 1] / avf[0]
/home/yyy/anaconda3/envs/tsclean/lib/python3.9/site-packages/sklearn/metrics/_classification.py:1565: UndefinedMetricWarning: Precision is ill-defined and being set to 0.0 due to no predicted samples. Use `zero_division` parameter to control this behavior.
  _warn_prf(average, modifier, f"{metric.capitalize()} is", len(result))
/home/yyy/anaconda3/envs/tsclean/lib/python3.9/site-packages/statsmodels/tsa/stattools.py:702: RuntimeWarning: invalid value encountered in divide
  acf = avf[: nlags + 1] / avf[0]
/home/yyy/anaconda3/envs/tsclean/lib/python3.9/site-packages/sklearn/metrics/_classification.py:1565: UndefinedMetricWarning: Precision is ill-defined and being set to 0.0 due to no predicted samples. Use `zero_division` parameter to control this behavior.
  _warn_prf(average, modifier, f"{metric.capitalize()} is", len(result))
/home/yyy/anaconda3/envs/tsclean/lib/python3.9/site-packages/statsmodels/tsa/stattools.py:702: RuntimeWarning: invalid value encountered in divide
  acf = avf[: nlags + 1] / avf[0]
/home/yyy/anaconda3/envs/tsclean/lib/python3.9/site-packages/sklearn/metrics/_classification.py:1565: UndefinedMetricWarning: Precision is ill-defined and being set to 0.0 due to no predicted samples. Use `zero_division` parameter to control this behavior.
  _warn_prf(average, modifier, f"{metric.capitalize()} is", len(result))
/home/yyy/anaconda3/envs/tsclean/lib/python3.9/site-packages/sklearn/metrics/_classification.py:1565: UndefinedMetricWarning: Precision is ill-defined and being set to 0.0 due to no predicted samples. Use `zero_division` parameter to control this behavior.
  _warn_prf(average, modifier, f"{metric.capitalize()} is", len(result))
/home/yyy/anaconda3/envs/tsclean/lib/python3.9/site-packages/sklearn/metrics/_classification.py:1565: UndefinedMetricWarning: Precision is ill-defined and being set to 0.0 due to no predicted samples. Use `zero_division` parameter to control this behavior.
  _warn_prf(average, modifier, f"{metric.capitalize()} is", len(result))
/home/yyy/anaconda3/envs/tsclean/lib/python3.9/site-packages/sklearn/metrics/_classification.py:1565: UndefinedMetricWarning: Precision is ill-defined and being set to 0.0 due to no predicted samples. Use `zero_division` parameter to control this behavior.
  _warn_prf(average, modifier, f"{metric.capitalize()} is", len(result))
/home/yyy/anaconda3/envs/tsclean/lib/python3.9/site-packages/sklearn/metrics/_classification.py:1565: UndefinedMetricWarning: Precision is ill-defined and being set to 0.0 due to no predicted samples. Use `zero_division` parameter to control this behavior.
  _warn_prf(average, modifier, f"{metric.capitalize()} is", len(result))
cicids_0 - CBLOF: (20000, 72), (20000,),[0 1]
cicids_0 - CBLOF: 0.9753782942199477
cicids_0 - CBLOF: 0.9753782942199477
cicids_0 - COF: (20000, 72), (20000,),[0 1]
cicids_0 - COF: 0.9847268094757281
cicids_0 - COF: 0.9847268094757281
cicids_0 - EIF: (20000, 72), (20000,),[0 1]
cicids_0 - EIF: 0.9715124865255327
cicids_0 - EIF: 0.9715124865255327
cicids_0 - RobustPCA: (20000, 72), (20000,),[0 1]
iteration: 1, error: 9138547.094872389
iteration: 100, error: 207454.084061375
iteration: 200, error: 97940.40382132017
iteration: 300, error: 85398.4327657568
iteration: 400, error: 70690.01585644625
iteration: 500, error: 51512.89078797167
iteration: 600, error: 77293.16013190357
iteration: 700, error: 40781.54661209719
iteration: 800, error: 27313.868030770773
iteration: 900, error: 18024.84645028123
iteration: 1000, error: 18254.13346646715
cicids_0 - RobustPCA: 0.9952284451484497
cicids_0 - RobustPCA: 0.9952284451484497
cicids_0 - FFT: (20000, 72), (20000,),[0 1]
cicids_0 - FFT: 0.9890006618819863
cicids_0 - FFT: 0.9890006618819863
cicids_0 - NORMA: (20000, 72), (20000,),[0 1]
cicids_0 - NORMA: 0.9932681931301998
cicids_0 - NORMA: 0.9932681931301998
cicids_0 - MovingAverage: (20000, 72), (20000,),[0 1]
cicids_0 - MovingAverage: 0.9888042943532883
cicids_0 - MovingAverage: 0.9888042943532883
cicids_0 - EWMA: (20000, 72), (20000,),[0 1]
cicids_0 - EWMA: 0.9885434915972543
cicids_0 - EWMA: 0.9885434915972543
cicids_0 - SavGol: (20000, 72), (20000,),[0 1]
cicids_0 - SavGol: 0.9892472264809156
cicids_0 - SavGol: 0.9892472264809156
cicids_0 - Kalman: (20000, 72), (20000,),[0 1]
cicids_0 - Kalman: 0.9888151575128719
cicids_0 - Kalman: 0.9888151575128719
cicids_0 - LOESS: (20000, 72), (20000,),[0 1]
cicids_0 - LOESS: 0.9857180215456365
cicids_0 - LOESS: 0.9857180215456365
cicids_0 - HoltWinters: (20000, 72), (20000,),[0 1]
cicids_0 - HoltWinters: 0.9888399977991134
cicids_0 - HoltWinters: 0.9888399977991134
cicids_0 - RollingMedian: (20000, 72), (20000,),[0 1]
cicids_0 - RollingMedian: 0.988726632220208
cicids_0 - RollingMedian: 0.988726632220208
cicids_0 - ZScore: (20000, 72), (20000,),[0 1]
cicids_0 - ZScore: 0.9727598262974043
cicids_0 - ZScore: 0.9727598262974043
cicids_0 - MAD: (20000, 72), (20000,),[0 1]
cicids_0 - MAD: 0.9877654491178011
cicids_0 - MAD: 0.9877654491178011
cicids_0 - IQR: (20000, 72), (20000,),[0 1]
cicids_0 - IQR: 0.9888411056580395
cicids_0 - IQR: 0.9888411056580395
cicids_0 - Mahalanobis: (20000, 72), (20000,),[0 1]
cicids_0 - Mahalanobis: 0.9757462847248006
cicids_0 - Mahalanobis: 0.9757462847248006
cicids_0 - HotellingT2: (20000, 72), (20000,),[0 1]
cicids_0 - HotellingT2: 0.9757462847248006
cicids_0 - HotellingT2: 0.9757462847248006
cicids_0 - PCAStat: (20000, 72), (20000,),[0 1]
cicids_0 - PCAStat: 0.9853843542643562
cicids_0 - PCAStat: 0.9853843542643562
cicids_0 - KDE: (20000, 72), (20000,),[0 1]
cicids_0 - KDE: 0.9872368411314063
cicids_0 - KDE: 0.9872368411314063
cicids_0 - GMM: (20000, 72), (20000,),[0 1]
cicids_0 - GMM: 0.9710629388655535
cicids_0 - GMM: 0.9710629388655535
cicids_0 - SARAD: (20000, 72), (20000,),[0 1]
SARAD Model initialized on cuda
SARAD training finished. Final loss: 0.017948
cicids_0 - SARAD: 0.9809151902259278
cicids_0 - SARAD: 0.9809151902259278
cicids_0 - SensitiveHUE: (20000, 72), (20000,),[0 1]
SensitiveHUE Model initialized on cuda
Epoch 100/200, Avg NLL Loss: 4.1018
Epoch 200/200, Avg NLL Loss: 2.9757
SensitiveHUE training finished.
cicids_0 - SensitiveHUE: 0.9780496375266755
cicids_0 - SensitiveHUE: 0.9780496375266755
cicids_0 - SensorSCAN: (20000, 72), (20000,),[0 1]
SensorSCAN Model initialized on cuda
Stage 1: Autoencoder Pretraining...
  AE Epoch 100/200, Loss: 0.057122
  AE Epoch 200/200, Loss: 0.057990
Stage 2: SCAN Clustering...
  SCAN Epoch 100/200, Loss: nan
  SCAN Epoch 200/200, Loss: nan
SensorSCAN training finished.
cicids_0 - SensorSCAN: 0.9918537409281507
cicids_0 - SensorSCAN: 0.9918537409281507
cicids_0 - CATCH: (20000, 72), (20000,),[0 1]
CATCH Model initialized on cuda
CATCH training finished. Final loss: nan
cicids_0 - CATCH: 0.9918537409281507
cicids_0 - CATCH: 0.9918537409281507
cicids_0 - DADA: (20000, 72), (20000,),[0 1]
DADA Model initialized on cuda
DADA: Starting stable dual-decoder training...
  Epoch 100/200, Total Loss: 0.506957, Loss_n: 0.145119, Loss_a: 0.470867
  Epoch 200/200, Total Loss: 0.502514, Loss_n: 0.399752, Loss_a: 0.981767
DADA: Training finished.
cicids_0 - DADA: 0.9970766556292174
cicids_0 - DADA: 0.9970766556292174
Results for cicids_0 written to CSV.
Processing dataset: creditcard
creditcard - Sub_IForest: (20000, 29), (20000,),[0 1]
creditcard - Sub_IForest: 0.2089252563759573
creditcard - Sub_IForest: 0.2089252563759573
creditcard - IForest: (20000, 29), (20000,),[0 1]
creditcard - IForest: 0.10808137582328639
creditcard - IForest: 0.10808137582328639
creditcard - Sub_LOF: (20000, 29), (20000,),[0 1]
creditcard - Sub_LOF: 0.11359251906798006
creditcard - Sub_LOF: 0.11359251906798006
creditcard - LOF: (20000, 29), (20000,),[0 1]
creditcard - LOF: 0.16833426338475396
creditcard - LOF: 0.16833426338475396
creditcard - Sub_PCA: (20000, 29), (20000,),[0 1]
creditcard - Sub_PCA: 0.22685340385051386
creditcard - Sub_PCA: 0.22685340385051386
creditcard - PCA: (20000, 29), (20000,),[0 1]
creditcard - PCA: 0.2033708741822773
creditcard - PCA: 0.2033708741822773
creditcard - HBOS: (20000, 29), (20000,),[0 1]
creditcard - HBOS: 0.15522045422175776
creditcard - HBOS: 0.15522045422175776
creditcard - Sub_HBOS: (20000, 29), (20000,),[0 1]
creditcard - Sub_HBOS: 0.20233486635220882
creditcard - Sub_HBOS: 0.20233486635220882
creditcard - KNN: (20000, 29), (20000,),[0 1]
creditcard - KNN: 0.16523508593739034
creditcard - KNN: 0.16523508593739034
creditcard - Sub_KNN: (20000, 29), (20000,),[0 1]
creditcard - Sub_KNN: 0.13153089899055515
creditcard - Sub_KNN: 0.13153089899055515
creditcard - KMeansAD: (20000, 29), (20000,),[0 1]
creditcard - KMeansAD: 0.144444186603753
creditcard - KMeansAD: 0.144444186603753
creditcard - KMeansAD_U: (20000, 29), (20000,),[0 1]
creditcard - KMeansAD_U: 0.10164427634390809
creditcard - KMeansAD_U: 0.10164427634390809
creditcard - COPOD: (20000, 29), (20000,),[0 1]
creditcard - COPOD: 0.1639085179014644
creditcard - COPOD: 0.1639085179014644
creditcard - CBLOF: (20000, 29), (20000,),[0 1]
creditcard - CBLOF: 0.09575566914887448
creditcard - CBLOF: 0.09575566914887448
creditcard - COF: (20000, 29), (20000,),[0 1]
creditcard - COF: 0.21476290074315638
creditcard - COF: 0.21476290074315638
creditcard - EIF: (20000, 29), (20000,),[0 1]
creditcard - EIF: 0.11985271946051736
creditcard - EIF: 0.11985271946051736
creditcard - RobustPCA: (20000, 29), (20000,),[0 1]
iteration: 1, error: 48.45935980423436
iteration: 100, error: 0.10131787384686122
iteration: 200, error: 0.020646883871404488
iteration: 300, error: 0.01664488675293246
iteration: 400, error: 0.013862991328435912
iteration: 500, error: 0.013212367730122928
iteration: 600, error: 0.012758458028085309
iteration: 700, error: 0.011962260227154868
iteration: 800, error: 0.01190640918371838
iteration: 900, error: 0.011853958160360667
iteration: 1000, error: 0.011588286337765319
creditcard - RobustPCA: 0.10014665170939381
creditcard - RobustPCA: 0.10014665170939381
creditcard - FFT: (20000, 29), (20000,),[0 1]
creditcard - FFT: 0.1114334269142754
creditcard - FFT: 0.1114334269142754
creditcard - NORMA: (20000, 29), (20000,),[0 1]
creditcard - NORMA: 0.13586458908004198
creditcard - NORMA: 0.13586458908004198
creditcard - MovingAverage: (20000, 29), (20000,),[0 1]
creditcard - MovingAverage: 0.10644147890704984
creditcard - MovingAverage: 0.10644147890704984
creditcard - EWMA: (20000, 29), (20000,),[0 1]
creditcard - EWMA: 0.10721710209675517
creditcard - EWMA: 0.10721710209675517
creditcard - SavGol: (20000, 29), (20000,),[0 1]
creditcard - SavGol: 0.10764401891618096
creditcard - SavGol: 0.10764401891618096
creditcard - Kalman: (20000, 29), (20000,),[0 1]
creditcard - Kalman: 0.10056124051435135
creditcard - Kalman: 0.10056124051435135
creditcard - LOESS: (20000, 29), (20000,),[0 1]
creditcard - LOESS: 0.10014978713194826
creditcard - LOESS: 0.10014978713194826
/home/yyy/anaconda3/envs/tsclean/lib/python3.9/site-packages/sklearn/metrics/_classification.py:1565: UndefinedMetricWarning: Precision is ill-defined and being set to 0.0 due to no predicted samples. Use `zero_division` parameter to control this behavior.
  _warn_prf(average, modifier, f"{metric.capitalize()} is", len(result))
/home/yyy/anaconda3/envs/tsclean/lib/python3.9/site-packages/sklearn/metrics/_classification.py:1565: UndefinedMetricWarning: Precision is ill-defined and being set to 0.0 due to no predicted samples. Use `zero_division` parameter to control this behavior.
  _warn_prf(average, modifier, f"{metric.capitalize()} is", len(result))
/home/yyy/anaconda3/envs/tsclean/lib/python3.9/site-packages/sklearn/metrics/_classification.py:1565: UndefinedMetricWarning: Precision is ill-defined and being set to 0.0 due to no predicted samples. Use `zero_division` parameter to control this behavior.
  _warn_prf(average, modifier, f"{metric.capitalize()} is", len(result))
/home/yyy/anaconda3/envs/tsclean/lib/python3.9/site-packages/sklearn/metrics/_classification.py:1565: UndefinedMetricWarning: Precision is ill-defined and being set to 0.0 due to no predicted samples. Use `zero_division` parameter to control this behavior.
  _warn_prf(average, modifier, f"{metric.capitalize()} is", len(result))
/home/yyy/anaconda3/envs/tsclean/lib/python3.9/site-packages/sklearn/metrics/_classification.py:1565: UndefinedMetricWarning: Precision is ill-defined and being set to 0.0 due to no predicted samples. Use `zero_division` parameter to control this behavior.
  _warn_prf(average, modifier, f"{metric.capitalize()} is", len(result))
/home/yyy/anaconda3/envs/tsclean/lib/python3.9/site-packages/sklearn/metrics/_classification.py:1565: UndefinedMetricWarning: Precision is ill-defined and being set to 0.0 due to no predicted samples. Use `zero_division` parameter to control this behavior.
  _warn_prf(average, modifier, f"{metric.capitalize()} is", len(result))
/home/yyy/anaconda3/envs/tsclean/lib/python3.9/site-packages/sklearn/metrics/_classification.py:1565: UndefinedMetricWarning: Precision is ill-defined and being set to 0.0 due to no predicted samples. Use `zero_division` parameter to control this behavior.
  _warn_prf(average, modifier, f"{metric.capitalize()} is", len(result))
/home/yyy/anaconda3/envs/tsclean/lib/python3.9/site-packages/sklearn/metrics/_classification.py:1565: UndefinedMetricWarning: Precision is ill-defined and being set to 0.0 due to no predicted samples. Use `zero_division` parameter to control this behavior.
  _warn_prf(average, modifier, f"{metric.capitalize()} is", len(result))
creditcard - HoltWinters: (20000, 29), (20000,),[0 1]
creditcard - HoltWinters: 0.10563165037342975
creditcard - HoltWinters: 0.10563165037342975
creditcard - RollingMedian: (20000, 29), (20000,),[0 1]
creditcard - RollingMedian: 0.09982897078028667
creditcard - RollingMedian: 0.09982897078028667
creditcard - ZScore: (20000, 29), (20000,),[0 1]
creditcard - ZScore: 0.17202367538618676
creditcard - ZScore: 0.17202367538618676
creditcard - MAD: (20000, 29), (20000,),[0 1]
creditcard - MAD: 0.10955506273679484
creditcard - MAD: 0.10955506273679484
creditcard - IQR: (20000, 29), (20000,),[0 1]
creditcard - IQR: 0.1182202206358908
creditcard - IQR: 0.1182202206358908
creditcard - Mahalanobis: (20000, 29), (20000,),[0 1]
creditcard - Mahalanobis: 0.21028663947225218
creditcard - Mahalanobis: 0.21028663947225218
creditcard - HotellingT2: (20000, 29), (20000,),[0 1]
creditcard - HotellingT2: 0.21028663947225218
creditcard - HotellingT2: 0.21028663947225218
creditcard - PCAStat: (20000, 29), (20000,),[0 1]
creditcard - PCAStat: 0.19320204746338482
creditcard - PCAStat: 0.19320204746338482
creditcard - KDE: (20000, 29), (20000,),[0 1]
creditcard - KDE: 0.11839191623278471
creditcard - KDE: 0.11839191623278471
creditcard - GMM: (20000, 29), (20000,),[0 1]
creditcard - GMM: 0.3420278843790015
creditcard - GMM: 0.3420278843790015
creditcard - SARAD: (20000, 29), (20000,),[0 1]
SARAD Model initialized on cuda
SARAD training finished. Final loss: 0.044078
creditcard - SARAD: 0.17362029321386202
creditcard - SARAD: 0.17362029321386202
creditcard - SensitiveHUE: (20000, 29), (20000,),[0 1]
SensitiveHUE Model initialized on cuda
Epoch 100/200, Avg NLL Loss: -2.9372
Epoch 200/200, Avg NLL Loss: -3.3444
SensitiveHUE training finished.
creditcard - SensitiveHUE: 0.11534872076382946
creditcard - SensitiveHUE: 0.11534872076382946
creditcard - SensorSCAN: (20000, 29), (20000,),[0 1]
SensorSCAN Model initialized on cuda
Stage 1: Autoencoder Pretraining...
  AE Epoch 100/200, Loss: 0.309193
  AE Epoch 200/200, Loss: 0.298632
Stage 2: SCAN Clustering...
  SCAN Epoch 100/200, Loss: 0.006084
  SCAN Epoch 200/200, Loss: 0.004583
SensorSCAN training finished.
creditcard - SensorSCAN: 0.14488764110056263
creditcard - SensorSCAN: 0.14488764110056263
creditcard - CATCH: (20000, 29), (20000,),[0 1]
CATCH Model initialized on cuda
CATCH training finished. Final loss: 135720.359375
creditcard - CATCH: 0.1091214723673195
creditcard - CATCH: 0.1091214723673195
creditcard - DADA: (20000, 29), (20000,),[0 1]
DADA Model initialized on cuda
DADA: Starting stable dual-decoder training...
  Epoch 100/200, Total Loss: 0.884166, Loss_n: 1.018952, Loss_a: 1.158586
  Epoch 200/200, Total Loss: 0.877618, Loss_n: 0.935151, Loss_a: 1.016610
DADA: Training finished.
creditcard - DADA: 0.1547058509273661
creditcard - DADA: 0.1547058509273661
Results for creditcard written to CSV.
Processing dataset: Daphnet_S05R01E1
Daphnet_S05R01E1 - Sub_IForest: (3892, 9), (3892,),[0 1]
Daphnet_S05R01E1 - Sub_IForest: 0.5966580146149741
Daphnet_S05R01E1 - Sub_IForest: 0.5966580146149741
Daphnet_S05R01E1 - IForest: (3892, 9), (3892,),[0 1]
Daphnet_S05R01E1 - IForest: 0.5675246159110883
Daphnet_S05R01E1 - IForest: 0.5675246159110883
Daphnet_S05R01E1 - Sub_LOF: (3892, 9), (3892,),[0 1]
Daphnet_S05R01E1 - Sub_LOF: 0.6967806162204602
Daphnet_S05R01E1 - Sub_LOF: 0.6967806162204602
Daphnet_S05R01E1 - LOF: (3892, 9), (3892,),[0 1]
Daphnet_S05R01E1 - LOF: 0.6554823812856031
Daphnet_S05R01E1 - LOF: 0.6554823812856031
Daphnet_S05R01E1 - Sub_PCA: (3892, 9), (3892,),[0 1]
Daphnet_S05R01E1 - Sub_PCA: 0.5965142511656024
Daphnet_S05R01E1 - Sub_PCA: 0.5965142511656024
Daphnet_S05R01E1 - PCA: (3892, 9), (3892,),[0 1]
Daphnet_S05R01E1 - PCA: 0.5908123483647306
Daphnet_S05R01E1 - PCA: 0.5908123483647306
Daphnet_S05R01E1 - HBOS: (3892, 9), (3892,),[0 1]
Daphnet_S05R01E1 - HBOS: 0.6029993853170966
Daphnet_S05R01E1 - HBOS: 0.6029993853170966
Daphnet_S05R01E1 - Sub_HBOS: (3892, 9), (3892,),[0 1]
Daphnet_S05R01E1 - Sub_HBOS: 0.5904407744081251
Daphnet_S05R01E1 - Sub_HBOS: 0.5904407744081251
Daphnet_S05R01E1 - KNN: (3892, 9), (3892,),[0 1]
Daphnet_S05R01E1 - KNN: 0.6242234410070858
Daphnet_S05R01E1 - KNN: 0.6242234410070858
Daphnet_S05R01E1 - Sub_KNN: (3892, 9), (3892,),[0 1]
Daphnet_S05R01E1 - Sub_KNN: 0.5850589805099891
Daphnet_S05R01E1 - Sub_KNN: 0.5850589805099891
Daphnet_S05R01E1 - KMeansAD: (3892, 9), (3892,),[0 1]
Daphnet_S05R01E1 - KMeansAD: 0.6420827496104934
Daphnet_S05R01E1 - KMeansAD: 0.6420827496104934
Daphnet_S05R01E1 - KMeansAD_U: (3892, 9), (3892,),[0 1]
Daphnet_S05R01E1 - KMeansAD_U: 0.6202775948923263
Daphnet_S05R01E1 - KMeansAD_U: 0.6202775948923263
Daphnet_S05R01E1 - COPOD: (3892, 9), (3892,),[0 1]
Daphnet_S05R01E1 - COPOD: 0.5886219333230382
Daphnet_S05R01E1 - COPOD: 0.5886219333230382
Daphnet_S05R01E1 - CBLOF: (3892, 9), (3892,),[0 1]
Daphnet_S05R01E1 - CBLOF: 0.5862971252667301
Daphnet_S05R01E1 - CBLOF: 0.5862971252667301
Daphnet_S05R01E1 - COF: (3892, 9), (3892,),[0 1]
Daphnet_S05R01E1 - COF: 0.6692202239269313
Daphnet_S05R01E1 - COF: 0.6692202239269313
Daphnet_S05R01E1 - EIF: (3892, 9), (3892,),[0 1]
Daphnet_S05R01E1 - EIF: 0.5968056640279442
Daphnet_S05R01E1 - EIF: 0.5968056640279442
Daphnet_S05R01E1 - RobustPCA: (3892, 9), (3892,),[0 1]
iteration: 1, error: 833.354605256625
iteration: 100, error: 13.543551168664823
iteration: 200, error: 5.165717103818493
iteration: 300, error: 1.244288719645128
iteration: 400, error: 0.3852432227013755
iteration: 500, error: 0.3876972300562153
iteration: 600, error: 0.06201665483729681
iteration: 700, error: 0.03980597422355799
iteration: 800, error: 0.017165050036082825
iteration: 857, error: 0.010865704314999239
Daphnet_S05R01E1 - RobustPCA: 0.5401877216080281
Daphnet_S05R01E1 - RobustPCA: 0.5401877216080281
Daphnet_S05R01E1 - FFT: (3892, 9), (3892,),[0 1]
Daphnet_S05R01E1 - FFT: 0.638041843329064
Daphnet_S05R01E1 - FFT: 0.638041843329064
Daphnet_S05R01E1 - NORMA: (3892, 9), (3892,),[0 1]
Daphnet_S05R01E1 - NORMA: 0.4918115785723712
Daphnet_S05R01E1 - NORMA: 0.4918115785723712
Daphnet_S05R01E1 - MovingAverage: (3892, 9), (3892,),[0 1]
Daphnet_S05R01E1 - MovingAverage: 0.6438428485205376
Daphnet_S05R01E1 - MovingAverage: 0.6438428485205376
Daphnet_S05R01E1 - EWMA: (3892, 9), (3892,),[0 1]
Daphnet_S05R01E1 - EWMA: 0.6231801509084746
Daphnet_S05R01E1 - EWMA: 0.6231801509084746
Daphnet_S05R01E1 - SavGol: (3892, 9), (3892,),[0 1]
Daphnet_S05R01E1 - SavGol: 0.6383202507691585
Daphnet_S05R01E1 - SavGol: 0.6383202507691585
Daphnet_S05R01E1 - Kalman: (3892, 9), (3892,),[0 1]
Daphnet_S05R01E1 - Kalman: 0.6310924991891892
Daphnet_S05R01E1 - Kalman: 0.6310924991891892
Daphnet_S05R01E1 - LOESS: (3892, 9), (3892,),[0 1]
Daphnet_S05R01E1 - LOESS: 0.597068116305331
Daphnet_S05R01E1 - LOESS: 0.597068116305331
Daphnet_S05R01E1 - HoltWinters: (3892, 9), (3892,),[0 1]
Daphnet_S05R01E1 - HoltWinters: 0.6206542268911984
Daphnet_S05R01E1 - HoltWinters: 0.6206542268911984
Daphnet_S05R01E1 - RollingMedian: (3892, 9), (3892,),[0 1]
Daphnet_S05R01E1 - RollingMedian: 0.6424575279611516
Daphnet_S05R01E1 - RollingMedian: 0.6424575279611516
Daphnet_S05R01E1 - ZScore: (3892, 9), (3892,),[0 1]
Daphnet_S05R01E1 - ZScore: 0.5824359792508434
Daphnet_S05R01E1 - ZScore: 0.5824359792508434
Daphnet_S05R01E1 - MAD: (3892, 9), (3892,),[0 1]
Daphnet_S05R01E1 - MAD: 0.5759973749901777
Daphnet_S05R01E1 - MAD: 0.5759973749901777
Daphnet_S05R01E1 - IQR: (3892, 9), (3892,),[0 1]
Daphnet_S05R01E1 - IQR: 0.5729728563312507
Daphnet_S05R01E1 - IQR: 0.5729728563312507
Daphnet_S05R01E1 - Mahalanobis: (3892, 9), (3892,),[0 1]
Daphnet_S05R01E1 - Mahalanobis: 0.5997409903812149
Daphnet_S05R01E1 - Mahalanobis: 0.5997409903812149
Daphnet_S05R01E1 - HotellingT2: (3892, 9), (3892,),[0 1]
Daphnet_S05R01E1 - HotellingT2: 0.5997409903812149
Daphnet_S05R01E1 - HotellingT2: 0.5997409903812149
Daphnet_S05R01E1 - PCAStat: (3892, 9), (3892,),[0 1]
Daphnet_S05R01E1 - PCAStat: 0.6057471179495694
Daphnet_S05R01E1 - PCAStat: 0.6057471179495694
Daphnet_S05R01E1 - KDE: (3892, 9), (3892,),[0 1]
Daphnet_S05R01E1 - KDE: 0.5678192979827488
Daphnet_S05R01E1 - KDE: 0.5678192979827488
Daphnet_S05R01E1 - GMM: (3892, 9), (3892,),[0 1]
/home/yyy/anaconda3/envs/tsclean/lib/python3.9/site-packages/sklearn/metrics/_classification.py:1565: UndefinedMetricWarning: Precision is ill-defined and being set to 0.0 due to no predicted samples. Use `zero_division` parameter to control this behavior.
  _warn_prf(average, modifier, f"{metric.capitalize()} is", len(result))
/home/yyy/anaconda3/envs/tsclean/lib/python3.9/site-packages/sklearn/metrics/_classification.py:1565: UndefinedMetricWarning: Precision is ill-defined and being set to 0.0 due to no predicted samples. Use `zero_division` parameter to control this behavior.
  _warn_prf(average, modifier, f"{metric.capitalize()} is", len(result))
/home/yyy/anaconda3/envs/tsclean/lib/python3.9/site-packages/sklearn/metrics/_classification.py:1565: UndefinedMetricWarning: Precision is ill-defined and being set to 0.0 due to no predicted samples. Use `zero_division` parameter to control this behavior.
  _warn_prf(average, modifier, f"{metric.capitalize()} is", len(result))
/home/yyy/anaconda3/envs/tsclean/lib/python3.9/site-packages/sklearn/metrics/_classification.py:1565: UndefinedMetricWarning: Precision is ill-defined and being set to 0.0 due to no predicted samples. Use `zero_division` parameter to control this behavior.
  _warn_prf(average, modifier, f"{metric.capitalize()} is", len(result))
Daphnet_S05R01E1 - GMM: 0.6104445171648214
Daphnet_S05R01E1 - GMM: 0.6104445171648214
Daphnet_S05R01E1 - SARAD: (3892, 9), (3892,),[0 1]
SARAD Model initialized on cuda
SARAD training finished. Final loss: 0.009136
Daphnet_S05R01E1 - SARAD: 0.5764410857315697
Daphnet_S05R01E1 - SARAD: 0.5764410857315697
Daphnet_S05R01E1 - SensitiveHUE: (3892, 9), (3892,),[0 1]
SensitiveHUE Model initialized on cuda
Epoch 100/200, Avg NLL Loss: 6.7560
Epoch 200/200, Avg NLL Loss: 5.7952
SensitiveHUE training finished.
Daphnet_S05R01E1 - SensitiveHUE: 0.6396772744106399
Daphnet_S05R01E1 - SensitiveHUE: 0.6396772744106399
Daphnet_S05R01E1 - SensorSCAN: (3892, 9), (3892,),[0 1]
SensorSCAN Model initialized on cuda
Stage 1: Autoencoder Pretraining...
  AE Epoch 100/200, Loss: 0.030599
  AE Epoch 200/200, Loss: 0.021565
Stage 2: SCAN Clustering...
  SCAN Epoch 100/200, Loss: 0.004702
  SCAN Epoch 200/200, Loss: 0.004417
SensorSCAN training finished.
Daphnet_S05R01E1 - SensorSCAN: 0.5910361412790689
Daphnet_S05R01E1 - SensorSCAN: 0.5910361412790689
Daphnet_S05R01E1 - CATCH: (3892, 9), (3892,),[0 1]
CATCH Model initialized on cuda
CATCH training finished. Final loss: 13966430.000000
Daphnet_S05R01E1 - CATCH: 0.5413703411565168
Daphnet_S05R01E1 - CATCH: 0.5413703411565168
Daphnet_S05R01E1 - DADA: (3892, 9), (3892,),[0 1]
DADA Model initialized on cuda
DADA: Starting stable dual-decoder training...
  Epoch 100/200, Total Loss: 0.524804, Loss_n: 0.468198, Loss_a: 0.916258
  Epoch 200/200, Total Loss: 0.504147, Loss_n: 0.402227, Loss_a: 0.832424
DADA: Training finished.
Daphnet_S05R01E1 - DADA: 0.5177912275225546
Daphnet_S05R01E1 - DADA: 0.5177912275225546
Results for Daphnet_S05R01E1 written to CSV.
Processing dataset: GECCO_water_quality
GECCO_water_quality - Sub_IForest: (20000, 9), (20000,),[0 1]
GECCO_water_quality - Sub_IForest: 0.005357984429077407
GECCO_water_quality - Sub_IForest: 0.005357984429077407
GECCO_water_quality - IForest: (20000, 9), (20000,),[0 1]
GECCO_water_quality - IForest: 0.005641841931316192
GECCO_water_quality - IForest: 0.005641841931316192
GECCO_water_quality - Sub_LOF: (20000, 9), (20000,),[0 1]
GECCO_water_quality - Sub_LOF: 0.017006912819308457
GECCO_water_quality - Sub_LOF: 0.017006912819308457
GECCO_water_quality - LOF: (20000, 9), (20000,),[0 1]
GECCO_water_quality - LOF: 0.08535926595146447
GECCO_water_quality - LOF: 0.08535926595146447
GECCO_water_quality - Sub_PCA: (20000, 9), (20000,),[0 1]
GECCO_water_quality - Sub_PCA: 0.8319337310633339
GECCO_water_quality - Sub_PCA: 0.8319337310633339
GECCO_water_quality - PCA: (20000, 9), (20000,),[0 1]
GECCO_water_quality - PCA: 0.8296577176564018
GECCO_water_quality - PCA: 0.8296577176564018
GECCO_water_quality - HBOS: (20000, 9), (20000,),[0 1]
GECCO_water_quality - HBOS: 0.0054215129652055325
GECCO_water_quality - HBOS: 0.0054215129652055325
GECCO_water_quality - Sub_HBOS: (20000, 9), (20000,),[0 1]
GECCO_water_quality - Sub_HBOS: 0.005528526080957966
GECCO_water_quality - Sub_HBOS: 0.005528526080957966
GECCO_water_quality - KNN: (20000, 9), (20000,),[0 1]
GECCO_water_quality - KNN: 0.031066829830504433
GECCO_water_quality - KNN: 0.031066829830504433
GECCO_water_quality - Sub_KNN: (20000, 9), (20000,),[0 1]
GECCO_water_quality - Sub_KNN: 0.013437964729535882
GECCO_water_quality - Sub_KNN: 0.013437964729535882
GECCO_water_quality - KMeansAD: (20000, 9), (20000,),[0 1]
GECCO_water_quality - KMeansAD: 0.008189773551252591
GECCO_water_quality - KMeansAD: 0.008189773551252591
GECCO_water_quality - KMeansAD_U: (20000, 9), (20000,),[0 1]
GECCO_water_quality - KMeansAD_U: 0.008791922179791481
GECCO_water_quality - KMeansAD_U: 0.008791922179791481
GECCO_water_quality - COPOD: (20000, 9), (20000,),[0 1]
GECCO_water_quality - COPOD: 0.004570307491889784
GECCO_water_quality - COPOD: 0.004570307491889784
GECCO_water_quality - CBLOF: (20000, 9), (20000,),[0 1]
GECCO_water_quality - CBLOF: 0.007055101899705304
GECCO_water_quality - CBLOF: 0.007055101899705304
GECCO_water_quality - COF: (20000, 9), (20000,),[0 1]
GECCO_water_quality - COF: 0.24544893825330172
GECCO_water_quality - COF: 0.24544893825330172
GECCO_water_quality - EIF: (20000, 9), (20000,),[0 1]
GECCO_water_quality - EIF: 0.0069127822826218115
GECCO_water_quality - EIF: 0.0069127822826218115
GECCO_water_quality - RobustPCA: (20000, 9), (20000,),[0 1]
iteration: 1, error: 1067.2757613024378
iteration: 100, error: 23.532172304642195
iteration: 200, error: 13.774905764568263
iteration: 300, error: 5.540967925353942
iteration: 400, error: 4.913748239264482
iteration: 500, error: 3.7874612825069867
iteration: 600, error: 3.155022453248686
iteration: 700, error: 1.9864980001606092
iteration: 800, error: 1.53081230440875
iteration: 900, error: 1.1310543033322262
iteration: 1000, error: 0.9380329324524856
GECCO_water_quality - RobustPCA: 0.008197353971902533
GECCO_water_quality - RobustPCA: 0.008197353971902533
GECCO_water_quality - FFT: (20000, 9), (20000,),[0 1]
GECCO_water_quality - FFT: 0.007766935545847536
GECCO_water_quality - FFT: 0.007766935545847536
GECCO_water_quality - NORMA: (20000, 9), (20000,),[0 1]
GECCO_water_quality - NORMA: 0.0037913434508708103
GECCO_water_quality - NORMA: 0.0037913434508708103
GECCO_water_quality - MovingAverage: (20000, 9), (20000,),[0 1]
GECCO_water_quality - MovingAverage: 0.008020909459350368
GECCO_water_quality - MovingAverage: 0.008020909459350368
GECCO_water_quality - EWMA: (20000, 9), (20000,),[0 1]
GECCO_water_quality - EWMA: 0.0076130314646752325
GECCO_water_quality - EWMA: 0.0076130314646752325
GECCO_water_quality - SavGol: (20000, 9), (20000,),[0 1]
GECCO_water_quality - SavGol: 0.008555377071066331
GECCO_water_quality - SavGol: 0.008555377071066331
GECCO_water_quality - Kalman: (20000, 9), (20000,),[0 1]
GECCO_water_quality - Kalman: 0.007512235995143898
GECCO_water_quality - Kalman: 0.007512235995143898
GECCO_water_quality - LOESS: (20000, 9), (20000,),[0 1]
GECCO_water_quality - LOESS: 0.005100886614583955
GECCO_water_quality - LOESS: 0.005100886614583955
GECCO_water_quality - HoltWinters: (20000, 9), (20000,),[0 1]
GECCO_water_quality - HoltWinters: 0.007390892506564714
GECCO_water_quality - HoltWinters: 0.007390892506564714
GECCO_water_quality - RollingMedian: (20000, 9), (20000,),[0 1]
GECCO_water_quality - RollingMedian: 0.007906509118439726
GECCO_water_quality - RollingMedian: 0.007906509118439726
GECCO_water_quality - ZScore: (20000, 9), (20000,),[0 1]
GECCO_water_quality - ZScore: 0.6265089386768979
GECCO_water_quality - ZScore: 0.6265089386768979
GECCO_water_quality - MAD: (20000, 9), (20000,),[0 1]
GECCO_water_quality - MAD: 0.6540350315950222
GECCO_water_quality - MAD: 0.6540350315950222
GECCO_water_quality - IQR: (20000, 9), (20000,),[0 1]
GECCO_water_quality - IQR: 0.02335827151579639
GECCO_water_quality - IQR: 0.02335827151579639
GECCO_water_quality - Mahalanobis: (20000, 9), (20000,),[0 1]
GECCO_water_quality - Mahalanobis: 0.6732074670083609
GECCO_water_quality - Mahalanobis: 0.6732074670083609
GECCO_water_quality - HotellingT2: (20000, 9), (20000,),[0 1]
GECCO_water_quality - HotellingT2: 0.6732074670083609
GECCO_water_quality - HotellingT2: 0.6732074670083609
GECCO_water_quality - PCAStat: (20000, 9), (20000,),[0 1]
GECCO_water_quality - PCAStat: 0.8294006111768502
GECCO_water_quality - PCAStat: 0.8294006111768502
GECCO_water_quality - KDE: (20000, 9), (20000,),[0 1]
GECCO_water_quality - KDE: 0.07393130176220095
GECCO_water_quality - KDE: 0.07393130176220095
GECCO_water_quality - GMM: (20000, 9), (20000,),[0 1]
Info: Using reg_covar=0.01, covariance_type=full
GECCO_water_quality - GMM: 0.3328982365934591
GECCO_water_quality - GMM: 0.3328982365934591
GECCO_water_quality - SARAD: (20000, 9), (20000,),[0 1]
SARAD Model initialized on cuda
SARAD training finished. Final loss: 0.000560
GECCO_water_quality - SARAD: 0.024609661528372507
GECCO_water_quality - SARAD: 0.024609661528372507
GECCO_water_quality - SensitiveHUE: (20000, 9), (20000,),[0 1]
SensitiveHUE Model initialized on cuda
Epoch 100/200, Avg NLL Loss: -0.3080
Epoch 200/200, Avg NLL Loss: -0.3221
SensitiveHUE training finished.
GECCO_water_quality - SensitiveHUE: 0.17844924503212814
/home/yyy/anaconda3/envs/tsclean/lib/python3.9/site-packages/sklearn/metrics/_classification.py:1565: UndefinedMetricWarning: Precision is ill-defined and being set to 0.0 due to no predicted samples. Use `zero_division` parameter to control this behavior.
  _warn_prf(average, modifier, f"{metric.capitalize()} is", len(result))
/home/yyy/anaconda3/envs/tsclean/lib/python3.9/site-packages/sklearn/metrics/_classification.py:1565: UndefinedMetricWarning: Precision is ill-defined and being set to 0.0 due to no predicted samples. Use `zero_division` parameter to control this behavior.
  _warn_prf(average, modifier, f"{metric.capitalize()} is", len(result))
/home/yyy/TSC/TSClean/AutoClean/Error_Detection/detectors/models/PCA.py:282: RuntimeWarning: divide by zero encountered in divide
  cdist(X, self.selected_components_) / self.selected_w_components_,
/home/yyy/anaconda3/envs/tsclean/lib/python3.9/site-packages/numpy/lib/_function_base_impl.py:4779: RuntimeWarning: invalid value encountered in subtract
  diff_b_a = subtract(b, a)
/home/yyy/anaconda3/envs/tsclean/lib/python3.9/site-packages/numpy/_core/_methods.py:185: RuntimeWarning: invalid value encountered in subtract
  x = asanyarray(arr - arrmean)
/home/yyy/anaconda3/envs/tsclean/lib/python3.9/site-packages/sklearn/metrics/_classification.py:1565: UndefinedMetricWarning: Precision is ill-defined and being set to 0.0 due to no predicted samples. Use `zero_division` parameter to control this behavior.
  _warn_prf(average, modifier, f"{metric.capitalize()} is", len(result))
/home/yyy/anaconda3/envs/tsclean/lib/python3.9/site-packages/sklearn/metrics/_classification.py:1565: UndefinedMetricWarning: Precision is ill-defined and being set to 0.0 due to no predicted samples. Use `zero_division` parameter to control this behavior.
  _warn_prf(average, modifier, f"{metric.capitalize()} is", len(result))
/home/yyy/anaconda3/envs/tsclean/lib/python3.9/site-packages/sklearn/metrics/_classification.py:1565: UndefinedMetricWarning: Precision is ill-defined and being set to 0.0 due to no predicted samples. Use `zero_division` parameter to control this behavior.
  _warn_prf(average, modifier, f"{metric.capitalize()} is", len(result))
/home/yyy/anaconda3/envs/tsclean/lib/python3.9/site-packages/sklearn/metrics/_classification.py:1565: UndefinedMetricWarning: Precision is ill-defined and being set to 0.0 due to no predicted samples. Use `zero_division` parameter to control this behavior.
  _warn_prf(average, modifier, f"{metric.capitalize()} is", len(result))
/home/yyy/anaconda3/envs/tsclean/lib/python3.9/site-packages/sklearn/metrics/_classification.py:1565: UndefinedMetricWarning: Precision is ill-defined and being set to 0.0 due to no predicted samples. Use `zero_division` parameter to control this behavior.
  _warn_prf(average, modifier, f"{metric.capitalize()} is", len(result))
GECCO_water_quality - SensitiveHUE: 0.17844924503212814
GECCO_water_quality - SensorSCAN: (20000, 9), (20000,),[0 1]
SensorSCAN Model initialized on cuda
Stage 1: Autoencoder Pretraining...
  AE Epoch 100/200, Loss: 0.010809
  AE Epoch 200/200, Loss: 0.008830
Stage 2: SCAN Clustering...
  SCAN Epoch 100/200, Loss: 0.001835
  SCAN Epoch 200/200, Loss: 0.001710
SensorSCAN training finished.
GECCO_water_quality - SensorSCAN: 0.008949021430096363
GECCO_water_quality - SensorSCAN: 0.008949021430096363
GECCO_water_quality - CATCH: (20000, 9), (20000,),[0 1]
CATCH Model initialized on cuda
CATCH training finished. Final loss: 19628676.000000
GECCO_water_quality - CATCH: 0.008471485327881749
GECCO_water_quality - CATCH: 0.008471485327881749
GECCO_water_quality - DADA: (20000, 9), (20000,),[0 1]
DADA Model initialized on cuda
DADA: Starting stable dual-decoder training...
  Epoch 100/200, Total Loss: 0.261383, Loss_n: 0.029184, Loss_a: 0.548320
  Epoch 200/200, Total Loss: 0.258154, Loss_n: 0.135581, Loss_a: 0.853173
DADA: Training finished.
GECCO_water_quality - DADA: 0.005285971437958347
GECCO_water_quality - DADA: 0.005285971437958347
Results for GECCO_water_quality written to CSV.
Processing dataset: GHL_41_Lev_corr_Temp_fault_seed_181_vars_23
GHL_41_Lev_corr_Temp_fault_seed_181_vars_23 - Sub_IForest: (20000, 16), (20000,),[0 1]
GHL_41_Lev_corr_Temp_fault_seed_181_vars_23 - Sub_IForest: 0.034885246086645685
GHL_41_Lev_corr_Temp_fault_seed_181_vars_23 - Sub_IForest: 0.034885246086645685
GHL_41_Lev_corr_Temp_fault_seed_181_vars_23 - IForest: (20000, 16), (20000,),[0 1]
GHL_41_Lev_corr_Temp_fault_seed_181_vars_23 - IForest: 0.04319447793906031
GHL_41_Lev_corr_Temp_fault_seed_181_vars_23 - IForest: 0.04319447793906031
GHL_41_Lev_corr_Temp_fault_seed_181_vars_23 - Sub_LOF: (20000, 16), (20000,),[0 1]
GHL_41_Lev_corr_Temp_fault_seed_181_vars_23 - Sub_LOF: 0.03582848569249978
GHL_41_Lev_corr_Temp_fault_seed_181_vars_23 - Sub_LOF: 0.03582848569249978
GHL_41_Lev_corr_Temp_fault_seed_181_vars_23 - LOF: (20000, 16), (20000,),[0 1]
GHL_41_Lev_corr_Temp_fault_seed_181_vars_23 - LOF: 0.03319839269181944
GHL_41_Lev_corr_Temp_fault_seed_181_vars_23 - LOF: 0.03319839269181944
GHL_41_Lev_corr_Temp_fault_seed_181_vars_23 - Sub_PCA: (20000, 16), (20000,),[0 1]
GHL_41_Lev_corr_Temp_fault_seed_181_vars_23 - Sub_PCA: 0.04355077423554536
GHL_41_Lev_corr_Temp_fault_seed_181_vars_23 - Sub_PCA: 0.04355077423554536
GHL_41_Lev_corr_Temp_fault_seed_181_vars_23 - PCA: (20000, 16), (20000,),[0 1]
GHL_41_Lev_corr_Temp_fault_seed_181_vars_23 - PCA: 0.08694254190647877
GHL_41_Lev_corr_Temp_fault_seed_181_vars_23 - PCA: 0.08694254190647877
GHL_41_Lev_corr_Temp_fault_seed_181_vars_23 - HBOS: (20000, 16), (20000,),[0 1]
GHL_41_Lev_corr_Temp_fault_seed_181_vars_23 - HBOS: 0.03172936179196287
GHL_41_Lev_corr_Temp_fault_seed_181_vars_23 - HBOS: 0.03172936179196287
GHL_41_Lev_corr_Temp_fault_seed_181_vars_23 - Sub_HBOS: (20000, 16), (20000,),[0 1]
GHL_41_Lev_corr_Temp_fault_seed_181_vars_23 - Sub_HBOS: 0.032200105125422644
GHL_41_Lev_corr_Temp_fault_seed_181_vars_23 - Sub_HBOS: 0.032200105125422644
GHL_41_Lev_corr_Temp_fault_seed_181_vars_23 - KNN: (20000, 16), (20000,),[0 1]
GHL_41_Lev_corr_Temp_fault_seed_181_vars_23 - KNN: 0.025767584581476523
GHL_41_Lev_corr_Temp_fault_seed_181_vars_23 - KNN: 0.025767584581476523
GHL_41_Lev_corr_Temp_fault_seed_181_vars_23 - Sub_KNN: (20000, 16), (20000,),[0 1]
GHL_41_Lev_corr_Temp_fault_seed_181_vars_23 - Sub_KNN: 0.025414394760531592
GHL_41_Lev_corr_Temp_fault_seed_181_vars_23 - Sub_KNN: 0.025414394760531592
GHL_41_Lev_corr_Temp_fault_seed_181_vars_23 - KMeansAD: (20000, 16), (20000,),[0 1]
GHL_41_Lev_corr_Temp_fault_seed_181_vars_23 - KMeansAD: 0.0318374538158216
GHL_41_Lev_corr_Temp_fault_seed_181_vars_23 - KMeansAD: 0.0318374538158216
GHL_41_Lev_corr_Temp_fault_seed_181_vars_23 - KMeansAD_U: (20000, 16), (20000,),[0 1]
GHL_41_Lev_corr_Temp_fault_seed_181_vars_23 - KMeansAD_U: 0.0316801377988689
GHL_41_Lev_corr_Temp_fault_seed_181_vars_23 - KMeansAD_U: 0.0316801377988689
GHL_41_Lev_corr_Temp_fault_seed_181_vars_23 - COPOD: (20000, 16), (20000,),[0 1]
GHL_41_Lev_corr_Temp_fault_seed_181_vars_23 - COPOD: 0.034930659470898476
GHL_41_Lev_corr_Temp_fault_seed_181_vars_23 - COPOD: 0.034930659470898476
GHL_41_Lev_corr_Temp_fault_seed_181_vars_23 - CBLOF: (20000, 16), (20000,),[0 1]
GHL_41_Lev_corr_Temp_fault_seed_181_vars_23 - CBLOF: 0.04830222319915861
GHL_41_Lev_corr_Temp_fault_seed_181_vars_23 - CBLOF: 0.04830222319915861
GHL_41_Lev_corr_Temp_fault_seed_181_vars_23 - COF: (20000, 16), (20000,),[0 1]
GHL_41_Lev_corr_Temp_fault_seed_181_vars_23 - COF: 0.04561457566395032
GHL_41_Lev_corr_Temp_fault_seed_181_vars_23 - COF: 0.04561457566395032
GHL_41_Lev_corr_Temp_fault_seed_181_vars_23 - EIF: (20000, 16), (20000,),[0 1]
GHL_41_Lev_corr_Temp_fault_seed_181_vars_23 - EIF: 0.12777679979380624
GHL_41_Lev_corr_Temp_fault_seed_181_vars_23 - EIF: 0.12777679979380624
GHL_41_Lev_corr_Temp_fault_seed_181_vars_23 - RobustPCA: (20000, 16), (20000,),[0 1]
iteration: 1, error: 165.8990740265999
iteration: 100, error: 0.8470083019997685
iteration: 200, error: 0.4711026020179617
iteration: 300, error: 0.2381589313108903
iteration: 400, error: 0.13419130592089976
iteration: 500, error: 0.08143727554882112
iteration: 600, error: 0.05673025670826702
iteration: 700, error: 0.0465625904306386
iteration: 800, error: 0.04148132268429341
iteration: 900, error: 0.03576369830232531
iteration: 1000, error: 0.032465582209512234
GHL_41_Lev_corr_Temp_fault_seed_181_vars_23 - RobustPCA: 0.08204224503284312
GHL_41_Lev_corr_Temp_fault_seed_181_vars_23 - RobustPCA: 0.08204224503284312
GHL_41_Lev_corr_Temp_fault_seed_181_vars_23 - FFT: (20000, 16), (20000,),[0 1]
GHL_41_Lev_corr_Temp_fault_seed_181_vars_23 - FFT: 0.02875843191463095
GHL_41_Lev_corr_Temp_fault_seed_181_vars_23 - FFT: 0.02875843191463095
GHL_41_Lev_corr_Temp_fault_seed_181_vars_23 - NORMA: (20000, 16), (20000,),[0 1]
GHL_41_Lev_corr_Temp_fault_seed_181_vars_23 - NORMA: 0.05155120450588193
GHL_41_Lev_corr_Temp_fault_seed_181_vars_23 - NORMA: 0.05155120450588193
GHL_41_Lev_corr_Temp_fault_seed_181_vars_23 - MovingAverage: (20000, 16), (20000,),[0 1]
GHL_41_Lev_corr_Temp_fault_seed_181_vars_23 - MovingAverage: 0.028070815832093417
GHL_41_Lev_corr_Temp_fault_seed_181_vars_23 - MovingAverage: 0.028070815832093417
GHL_41_Lev_corr_Temp_fault_seed_181_vars_23 - EWMA: (20000, 16), (20000,),[0 1]
GHL_41_Lev_corr_Temp_fault_seed_181_vars_23 - EWMA: 0.02572375095399606
GHL_41_Lev_corr_Temp_fault_seed_181_vars_23 - EWMA: 0.02572375095399606
GHL_41_Lev_corr_Temp_fault_seed_181_vars_23 - SavGol: (20000, 16), (20000,),[0 1]
GHL_41_Lev_corr_Temp_fault_seed_181_vars_23 - SavGol: 0.03602783013460512
GHL_41_Lev_corr_Temp_fault_seed_181_vars_23 - SavGol: 0.03602783013460512
GHL_41_Lev_corr_Temp_fault_seed_181_vars_23 - Kalman: (20000, 16), (20000,),[0 1]
GHL_41_Lev_corr_Temp_fault_seed_181_vars_23 - Kalman: 0.02577984120988869
GHL_41_Lev_corr_Temp_fault_seed_181_vars_23 - Kalman: 0.02577984120988869
GHL_41_Lev_corr_Temp_fault_seed_181_vars_23 - LOESS: (20000, 16), (20000,),[0 1]
GHL_41_Lev_corr_Temp_fault_seed_181_vars_23 - LOESS: 0.04540086375309435
GHL_41_Lev_corr_Temp_fault_seed_181_vars_23 - LOESS: 0.04540086375309435
GHL_41_Lev_corr_Temp_fault_seed_181_vars_23 - HoltWinters: (20000, 16), (20000,),[0 1]
GHL_41_Lev_corr_Temp_fault_seed_181_vars_23 - HoltWinters: 0.025622975682786236
GHL_41_Lev_corr_Temp_fault_seed_181_vars_23 - HoltWinters: 0.025622975682786236
GHL_41_Lev_corr_Temp_fault_seed_181_vars_23 - RollingMedian: (20000, 16), (20000,),[0 1]
GHL_41_Lev_corr_Temp_fault_seed_181_vars_23 - RollingMedian: 0.04350743175655218
GHL_41_Lev_corr_Temp_fault_seed_181_vars_23 - RollingMedian: 0.04350743175655218
GHL_41_Lev_corr_Temp_fault_seed_181_vars_23 - ZScore: (20000, 16), (20000,),[0 1]
GHL_41_Lev_corr_Temp_fault_seed_181_vars_23 - ZScore: 0.06917721611757421
GHL_41_Lev_corr_Temp_fault_seed_181_vars_23 - ZScore: 0.06917721611757421
GHL_41_Lev_corr_Temp_fault_seed_181_vars_23 - MAD: (20000, 16), (20000,),[0 1]
GHL_41_Lev_corr_Temp_fault_seed_181_vars_23 - MAD: 0.0439262842572076
/home/yyy/anaconda3/envs/tsclean/lib/python3.9/site-packages/sklearn/metrics/_classification.py:1565: UndefinedMetricWarning: Precision is ill-defined and being set to 0.0 due to no predicted samples. Use `zero_division` parameter to control this behavior.
  _warn_prf(average, modifier, f"{metric.capitalize()} is", len(result))
/home/yyy/anaconda3/envs/tsclean/lib/python3.9/site-packages/sklearn/metrics/_classification.py:1565: UndefinedMetricWarning: Precision is ill-defined and being set to 0.0 due to no predicted samples. Use `zero_division` parameter to control this behavior.
  _warn_prf(average, modifier, f"{metric.capitalize()} is", len(result))
/home/yyy/anaconda3/envs/tsclean/lib/python3.9/site-packages/sklearn/metrics/_classification.py:1565: UndefinedMetricWarning: Precision is ill-defined and being set to 0.0 due to no predicted samples. Use `zero_division` parameter to control this behavior.
  _warn_prf(average, modifier, f"{metric.capitalize()} is", len(result))
/home/yyy/TSC/TSClean/AutoClean/Error_Detection/detectors/models/PCA.py:282: RuntimeWarning: divide by zero encountered in divide
  cdist(X, self.selected_components_) / self.selected_w_components_,
/home/yyy/anaconda3/envs/tsclean/lib/python3.9/site-packages/numpy/lib/_function_base_impl.py:4779: RuntimeWarning: invalid value encountered in subtract
  diff_b_a = subtract(b, a)
/home/yyy/anaconda3/envs/tsclean/lib/python3.9/site-packages/numpy/_core/_methods.py:185: RuntimeWarning: invalid value encountered in subtract
  x = asanyarray(arr - arrmean)
/home/yyy/anaconda3/envs/tsclean/lib/python3.9/site-packages/sklearn/metrics/_classification.py:1565: UndefinedMetricWarning: Precision is ill-defined and being set to 0.0 due to no predicted samples. Use `zero_division` parameter to control this behavior.
  _warn_prf(average, modifier, f"{metric.capitalize()} is", len(result))
/home/yyy/anaconda3/envs/tsclean/lib/python3.9/site-packages/sklearn/metrics/_classification.py:1565: UndefinedMetricWarning: Precision is ill-defined and being set to 0.0 due to no predicted samples. Use `zero_division` parameter to control this behavior.
  _warn_prf(average, modifier, f"{metric.capitalize()} is", len(result))
/home/yyy/anaconda3/envs/tsclean/lib/python3.9/site-packages/sklearn/metrics/_classification.py:1565: UndefinedMetricWarning: Precision is ill-defined and being set to 0.0 due to no predicted samples. Use `zero_division` parameter to control this behavior.
  _warn_prf(average, modifier, f"{metric.capitalize()} is", len(result))
/home/yyy/anaconda3/envs/tsclean/lib/python3.9/site-packages/sklearn/metrics/_classification.py:1565: UndefinedMetricWarning: Precision is ill-defined and being set to 0.0 due to no predicted samples. Use `zero_division` parameter to control this behavior.
  _warn_prf(average, modifier, f"{metric.capitalize()} is", len(result))
/home/yyy/anaconda3/envs/tsclean/lib/python3.9/site-packages/sklearn/metrics/_classification.py:1565: UndefinedMetricWarning: Precision is ill-defined and being set to 0.0 due to no predicted samples. Use `zero_division` parameter to control this behavior.
  _warn_prf(average, modifier, f"{metric.capitalize()} is", len(result))
/home/yyy/anaconda3/envs/tsclean/lib/python3.9/site-packages/sklearn/metrics/_classification.py:1565: UndefinedMetricWarning: Precision is ill-defined and being set to 0.0 due to no predicted samples. Use `zero_division` parameter to control this behavior.
  _warn_prf(average, modifier, f"{metric.capitalize()} is", len(result))
/home/yyy/anaconda3/envs/tsclean/lib/python3.9/site-packages/sklearn/metrics/_classification.py:1565: UndefinedMetricWarning: Precision is ill-defined and being set to 0.0 due to no predicted samples. Use `zero_division` parameter to control this behavior.
  _warn_prf(average, modifier, f"{metric.capitalize()} is", len(result))
/home/yyy/anaconda3/envs/tsclean/lib/python3.9/site-packages/sklearn/metrics/_classification.py:1565: UndefinedMetricWarning: Precision is ill-defined and being set to 0.0 due to no predicted samples. Use `zero_division` parameter to control this behavior.
  _warn_prf(average, modifier, f"{metric.capitalize()} is", len(result))
/home/yyy/anaconda3/envs/tsclean/lib/python3.9/site-packages/sklearn/metrics/_classification.py:1565: UndefinedMetricWarning: Precision is ill-defined and being set to 0.0 due to no predicted samples. Use `zero_division` parameter to control this behavior.
  _warn_prf(average, modifier, f"{metric.capitalize()} is", len(result))
/home/yyy/anaconda3/envs/tsclean/lib/python3.9/site-packages/sklearn/metrics/_classification.py:1565: UndefinedMetricWarning: Precision is ill-defined and being set to 0.0 due to no predicted samples. Use `zero_division` parameter to control this behavior.
  _warn_prf(average, modifier, f"{metric.capitalize()} is", len(result))
/home/yyy/anaconda3/envs/tsclean/lib/python3.9/site-packages/sklearn/metrics/_classification.py:1565: UndefinedMetricWarning: Precision is ill-defined and being set to 0.0 due to no predicted samples. Use `zero_division` parameter to control this behavior.
  _warn_prf(average, modifier, f"{metric.capitalize()} is", len(result))
/home/yyy/anaconda3/envs/tsclean/lib/python3.9/site-packages/sklearn/metrics/_classification.py:1565: UndefinedMetricWarning: Precision is ill-defined and being set to 0.0 due to no predicted samples. Use `zero_division` parameter to control this behavior.
  _warn_prf(average, modifier, f"{metric.capitalize()} is", len(result))
/home/yyy/anaconda3/envs/tsclean/lib/python3.9/site-packages/sklearn/metrics/_classification.py:1565: UndefinedMetricWarning: Precision is ill-defined and being set to 0.0 due to no predicted samples. Use `zero_division` parameter to control this behavior.
  _warn_prf(average, modifier, f"{metric.capitalize()} is", len(result))
/home/yyy/anaconda3/envs/tsclean/lib/python3.9/site-packages/sklearn/metrics/_classification.py:1565: UndefinedMetricWarning: Precision is ill-defined and being set to 0.0 due to no predicted samples. Use `zero_division` parameter to control this behavior.
  _warn_prf(average, modifier, f"{metric.capitalize()} is", len(result))
GHL_41_Lev_corr_Temp_fault_seed_181_vars_23 - MAD: 0.0439262842572076
GHL_41_Lev_corr_Temp_fault_seed_181_vars_23 - IQR: (20000, 16), (20000,),[0 1]
GHL_41_Lev_corr_Temp_fault_seed_181_vars_23 - IQR: 0.04335174614338707
GHL_41_Lev_corr_Temp_fault_seed_181_vars_23 - IQR: 0.04335174614338707
GHL_41_Lev_corr_Temp_fault_seed_181_vars_23 - Mahalanobis: (20000, 16), (20000,),[0 1]
GHL_41_Lev_corr_Temp_fault_seed_181_vars_23 - Mahalanobis: 0.07759882592641232
GHL_41_Lev_corr_Temp_fault_seed_181_vars_23 - Mahalanobis: 0.07759882592641232
GHL_41_Lev_corr_Temp_fault_seed_181_vars_23 - HotellingT2: (20000, 16), (20000,),[0 1]
GHL_41_Lev_corr_Temp_fault_seed_181_vars_23 - HotellingT2: 0.07759882592641232
GHL_41_Lev_corr_Temp_fault_seed_181_vars_23 - HotellingT2: 0.07759882592641232
GHL_41_Lev_corr_Temp_fault_seed_181_vars_23 - PCAStat: (20000, 16), (20000,),[0 1]
GHL_41_Lev_corr_Temp_fault_seed_181_vars_23 - PCAStat: 0.060616039427920244
GHL_41_Lev_corr_Temp_fault_seed_181_vars_23 - PCAStat: 0.060616039427920244
GHL_41_Lev_corr_Temp_fault_seed_181_vars_23 - KDE: (20000, 16), (20000,),[0 1]
GHL_41_Lev_corr_Temp_fault_seed_181_vars_23 - KDE: 0.025767297124951287
GHL_41_Lev_corr_Temp_fault_seed_181_vars_23 - KDE: 0.025767297124951287
GHL_41_Lev_corr_Temp_fault_seed_181_vars_23 - GMM: (20000, 16), (20000,),[0 1]
GHL_41_Lev_corr_Temp_fault_seed_181_vars_23 - GMM: 0.11624343743410452
GHL_41_Lev_corr_Temp_fault_seed_181_vars_23 - GMM: 0.11624343743410452
GHL_41_Lev_corr_Temp_fault_seed_181_vars_23 - SARAD: (20000, 16), (20000,),[0 1]
SARAD Model initialized on cuda
SARAD training finished. Final loss: 0.002093
GHL_41_Lev_corr_Temp_fault_seed_181_vars_23 - SARAD: 0.03670868910841891
GHL_41_Lev_corr_Temp_fault_seed_181_vars_23 - SARAD: 0.03670868910841891
GHL_41_Lev_corr_Temp_fault_seed_181_vars_23 - SensitiveHUE: (20000, 16), (20000,),[0 1]
SensitiveHUE Model initialized on cuda
Epoch 100/200, Avg NLL Loss: -0.0725
Epoch 200/200, Avg NLL Loss: -0.0737
SensitiveHUE training finished.
GHL_41_Lev_corr_Temp_fault_seed_181_vars_23 - SensitiveHUE: 0.05972958285671693
GHL_41_Lev_corr_Temp_fault_seed_181_vars_23 - SensitiveHUE: 0.05972958285671693
GHL_41_Lev_corr_Temp_fault_seed_181_vars_23 - SensorSCAN: (20000, 16), (20000,),[0 1]
SensorSCAN Model initialized on cuda
Stage 1: Autoencoder Pretraining...
  AE Epoch 100/200, Loss: 0.000969
  AE Epoch 200/200, Loss: 0.001063
Stage 2: SCAN Clustering...
  SCAN Epoch 100/200, Loss: 0.001746
  SCAN Epoch 200/200, Loss: 0.000565
SensorSCAN training finished.
GHL_41_Lev_corr_Temp_fault_seed_181_vars_23 - SensorSCAN: 0.04294716329228366
GHL_41_Lev_corr_Temp_fault_seed_181_vars_23 - SensorSCAN: 0.04294716329228366
GHL_41_Lev_corr_Temp_fault_seed_181_vars_23 - CATCH: (20000, 16), (20000,),[0 1]
CATCH Model initialized on cuda
CATCH training finished. Final loss: 1627499.250000
GHL_41_Lev_corr_Temp_fault_seed_181_vars_23 - CATCH: 0.3293498558029661
GHL_41_Lev_corr_Temp_fault_seed_181_vars_23 - CATCH: 0.3293498558029661
GHL_41_Lev_corr_Temp_fault_seed_181_vars_23 - DADA: (20000, 16), (20000,),[0 1]
DADA Model initialized on cuda
DADA: Starting stable dual-decoder training...
  Epoch 100/200, Total Loss: 0.253446, Loss_n: 0.303571, Loss_a: 1.472946
  Epoch 200/200, Total Loss: 0.252696, Loss_n: 0.013650, Loss_a: 0.402368
DADA: Training finished.
GHL_41_Lev_corr_Temp_fault_seed_181_vars_23 - DADA: 0.028231554927720465
GHL_41_Lev_corr_Temp_fault_seed_181_vars_23 - DADA: 0.028231554927720465
Results for GHL_41_Lev_corr_Temp_fault_seed_181_vars_23 written to CSV.
Processing dataset: GutenTAG_0
GutenTAG_0 - Sub_IForest: (4000, 20), (4000,),[0 1]
GutenTAG_0 - Sub_IForest: 0.017327419501140678
GutenTAG_0 - Sub_IForest: 0.017327419501140678
GutenTAG_0 - IForest: (4000, 20), (4000,),[0 1]
GutenTAG_0 - IForest: 0.016048064455937965
GutenTAG_0 - IForest: 0.016048064455937965
GutenTAG_0 - Sub_LOF: (4000, 20), (4000,),[0 1]
GutenTAG_0 - Sub_LOF: 0.022525270758511816
GutenTAG_0 - Sub_LOF: 0.022525270758511816
GutenTAG_0 - LOF: (4000, 20), (4000,),[0 1]
GutenTAG_0 - LOF: 0.022595795937960492
GutenTAG_0 - LOF: 0.022595795937960492
GutenTAG_0 - Sub_PCA: (4000, 20), (4000,),[0 1]
GutenTAG_0 - Sub_PCA: 0.01401444526418687
GutenTAG_0 - Sub_PCA: 0.01401444526418687
GutenTAG_0 - PCA: (4000, 20), (4000,),[0 1]
GutenTAG_0 - PCA: 0.011981320214543442
GutenTAG_0 - PCA: 0.011981320214543442
GutenTAG_0 - HBOS: (4000, 20), (4000,),[0 1]
GutenTAG_0 - HBOS: 0.01490323920325213
GutenTAG_0 - HBOS: 0.01490323920325213
GutenTAG_0 - Sub_HBOS: (4000, 20), (4000,),[0 1]
GutenTAG_0 - Sub_HBOS: 0.01583154972648899
GutenTAG_0 - Sub_HBOS: 0.01583154972648899
GutenTAG_0 - KNN: (4000, 20), (4000,),[0 1]
GutenTAG_0 - KNN: 0.03353319267537414
GutenTAG_0 - KNN: 0.03353319267537414
GutenTAG_0 - Sub_KNN: (4000, 20), (4000,),[0 1]
GutenTAG_0 - Sub_KNN: 0.03521010267800596
GutenTAG_0 - Sub_KNN: 0.03521010267800596
GutenTAG_0 - KMeansAD: (4000, 20), (4000,),[0 1]
GutenTAG_0 - KMeansAD: 0.02912648947602709
GutenTAG_0 - KMeansAD: 0.02912648947602709
GutenTAG_0 - KMeansAD_U: (4000, 20), (4000,),[0 1]
GutenTAG_0 - KMeansAD_U: 0.04568562345909118
GutenTAG_0 - KMeansAD_U: 0.04568562345909118
GutenTAG_0 - COPOD: (4000, 20), (4000,),[0 1]
GutenTAG_0 - COPOD: 0.014143875607318975
GutenTAG_0 - COPOD: 0.014143875607318975
GutenTAG_0 - CBLOF: (4000, 20), (4000,),[0 1]
GutenTAG_0 - CBLOF: 0.09700434011247443
GutenTAG_0 - CBLOF: 0.09700434011247443
GutenTAG_0 - COF: (4000, 20), (4000,),[0 1]
GutenTAG_0 - COF: 0.012596632027922595
GutenTAG_0 - COF: 0.012596632027922595
GutenTAG_0 - EIF: (4000, 20), (4000,),[0 1]
GutenTAG_0 - EIF: 0.05356338586901667
GutenTAG_0 - EIF: 0.05356338586901667
GutenTAG_0 - RobustPCA: (4000, 20), (4000,),[0 1]
iteration: 1, error: 0.6062127643103189
iteration: 100, error: 0.0006031574013074257
iteration: 200, error: 0.0005601631968402758
iteration: 300, error: 0.00041370463208651576
iteration: 400, error: 0.0003727944699001325
iteration: 500, error: 0.00037720145262485277
iteration: 600, error: 0.00040843598153437614
iteration: 700, error: 0.0006535749074711661
iteration: 800, error: 0.0018026221842602805
iteration: 900, error: 0.0003341173802248433
iteration: 1000, error: 0.0004676773746513518
GutenTAG_0 - RobustPCA: 0.01957560446028133
GutenTAG_0 - RobustPCA: 0.01957560446028133
GutenTAG_0 - FFT: (4000, 20), (4000,),[0 1]
GutenTAG_0 - FFT: 0.016067421505165786
GutenTAG_0 - FFT: 0.016067421505165786
GutenTAG_0 - NORMA: (4000, 20), (4000,),[0 1]
GutenTAG_0 - NORMA: 0.0113819207412116
GutenTAG_0 - NORMA: 0.0113819207412116
GutenTAG_0 - MovingAverage: (4000, 20), (4000,),[0 1]
GutenTAG_0 - MovingAverage: 0.016798743016249236
GutenTAG_0 - MovingAverage: 0.016798743016249236
GutenTAG_0 - EWMA: (4000, 20), (4000,),[0 1]
GutenTAG_0 - EWMA: 0.016138167167650326
GutenTAG_0 - EWMA: 0.016138167167650326
GutenTAG_0 - SavGol: (4000, 20), (4000,),[0 1]
GutenTAG_0 - SavGol: 0.015958582660528485
GutenTAG_0 - SavGol: 0.015958582660528485
GutenTAG_0 - Kalman: (4000, 20), (4000,),[0 1]
GutenTAG_0 - Kalman: 0.01530434530128282
GutenTAG_0 - Kalman: 0.01530434530128282
GutenTAG_0 - LOESS: (4000, 20), (4000,),[0 1]
GutenTAG_0 - LOESS: 0.017940535729146775
GutenTAG_0 - LOESS: 0.017940535729146775
GutenTAG_0 - HoltWinters: (4000, 20), (4000,),[0 1]
GutenTAG_0 - HoltWinters: 0.015755034169914913
GutenTAG_0 - HoltWinters: 0.015755034169914913
GutenTAG_0 - RollingMedian: (4000, 20), (4000,),[0 1]
GutenTAG_0 - RollingMedian: 0.036933094563278944
GutenTAG_0 - RollingMedian: 0.036933094563278944
GutenTAG_0 - ZScore: (4000, 20), (4000,),[0 1]
GutenTAG_0 - ZScore: 0.01267131569657562
GutenTAG_0 - ZScore: 0.01267131569657562
GutenTAG_0 - MAD: (4000, 20), (4000,),[0 1]
GutenTAG_0 - MAD: 0.021195744622080404
GutenTAG_0 - MAD: 0.021195744622080404
GutenTAG_0 - IQR: (4000, 20), (4000,),[0 1]
GutenTAG_0 - IQR: 0.013085081565745659
GutenTAG_0 - IQR: 0.013085081565745659
GutenTAG_0 - Mahalanobis: (4000, 20), (4000,),[0 1]
GutenTAG_0 - Mahalanobis: 0.013259463249977912
GutenTAG_0 - Mahalanobis: 0.013259463249977912
GutenTAG_0 - HotellingT2: (4000, 20), (4000,),[0 1]
GutenTAG_0 - HotellingT2: 0.013259463249977912
GutenTAG_0 - HotellingT2: 0.013259463249977912
GutenTAG_0 - PCAStat: (4000, 20), (4000,),[0 1]
/home/yyy/anaconda3/envs/tsclean/lib/python3.9/site-packages/sklearn/metrics/_classification.py:1565: UndefinedMetricWarning: Precision is ill-defined and being set to 0.0 due to no predicted samples. Use `zero_division` parameter to control this behavior.
  _warn_prf(average, modifier, f"{metric.capitalize()} is", len(result))
/home/yyy/anaconda3/envs/tsclean/lib/python3.9/site-packages/statsmodels/tsa/stattools.py:702: RuntimeWarning: invalid value encountered in divide
  acf = avf[: nlags + 1] / avf[0]
/home/yyy/anaconda3/envs/tsclean/lib/python3.9/site-packages/statsmodels/tsa/stattools.py:702: RuntimeWarning: invalid value encountered in divide
  acf = avf[: nlags + 1] / avf[0]
/home/yyy/anaconda3/envs/tsclean/lib/python3.9/site-packages/statsmodels/tsa/stattools.py:702: RuntimeWarning: invalid value encountered in divide
  acf = avf[: nlags + 1] / avf[0]
/home/yyy/anaconda3/envs/tsclean/lib/python3.9/site-packages/statsmodels/tsa/stattools.py:702: RuntimeWarning: invalid value encountered in divide
  acf = avf[: nlags + 1] / avf[0]
/home/yyy/anaconda3/envs/tsclean/lib/python3.9/site-packages/statsmodels/tsa/stattools.py:702: RuntimeWarning: invalid value encountered in divide
  acf = avf[: nlags + 1] / avf[0]
/home/yyy/anaconda3/envs/tsclean/lib/python3.9/site-packages/statsmodels/tsa/stattools.py:702: RuntimeWarning: invalid value encountered in divide
  acf = avf[: nlags + 1] / avf[0]
/home/yyy/anaconda3/envs/tsclean/lib/python3.9/site-packages/statsmodels/tsa/stattools.py:702: RuntimeWarning: invalid value encountered in divide
  acf = avf[: nlags + 1] / avf[0]
/home/yyy/anaconda3/envs/tsclean/lib/python3.9/site-packages/sklearn/metrics/_classification.py:1565: UndefinedMetricWarning: Precision is ill-defined and being set to 0.0 due to no predicted samples. Use `zero_division` parameter to control this behavior.
  _warn_prf(average, modifier, f"{metric.capitalize()} is", len(result))
/home/yyy/anaconda3/envs/tsclean/lib/python3.9/site-packages/statsmodels/tsa/stattools.py:702: RuntimeWarning: invalid value encountered in divide
  acf = avf[: nlags + 1] / avf[0]
/home/yyy/anaconda3/envs/tsclean/lib/python3.9/site-packages/statsmodels/tsa/stattools.py:702: RuntimeWarning: invalid value encountered in divide
  acf = avf[: nlags + 1] / avf[0]
/home/yyy/anaconda3/envs/tsclean/lib/python3.9/site-packages/statsmodels/tsa/stattools.py:702: RuntimeWarning: invalid value encountered in divide
  acf = avf[: nlags + 1] / avf[0]
/home/yyy/anaconda3/envs/tsclean/lib/python3.9/site-packages/statsmodels/tsa/stattools.py:702: RuntimeWarning: invalid value encountered in divide
  acf = avf[: nlags + 1] / avf[0]
/home/yyy/anaconda3/envs/tsclean/lib/python3.9/site-packages/statsmodels/tsa/stattools.py:702: RuntimeWarning: invalid value encountered in divide
  acf = avf[: nlags + 1] / avf[0]
/home/yyy/anaconda3/envs/tsclean/lib/python3.9/site-packages/statsmodels/tsa/stattools.py:702: RuntimeWarning: invalid value encountered in divide
  acf = avf[: nlags + 1] / avf[0]
/home/yyy/anaconda3/envs/tsclean/lib/python3.9/site-packages/statsmodels/tsa/stattools.py:702: RuntimeWarning: invalid value encountered in divide
  acf = avf[: nlags + 1] / avf[0]
/home/yyy/anaconda3/envs/tsclean/lib/python3.9/site-packages/statsmodels/tsa/stattools.py:702: RuntimeWarning: invalid value encountered in divide
  acf = avf[: nlags + 1] / avf[0]
/home/yyy/anaconda3/envs/tsclean/lib/python3.9/site-packages/statsmodels/tsa/stattools.py:702: RuntimeWarning: invalid value encountered in divide
  acf = avf[: nlags + 1] / avf[0]
/home/yyy/anaconda3/envs/tsclean/lib/python3.9/site-packages/statsmodels/tsa/stattools.py:702: RuntimeWarning: invalid value encountered in divide
  acf = avf[: nlags + 1] / avf[0]
/home/yyy/anaconda3/envs/tsclean/lib/python3.9/site-packages/sklearn/metrics/_classification.py:1565: UndefinedMetricWarning: Precision is ill-defined and being set to 0.0 due to no predicted samples. Use `zero_division` parameter to control this behavior.
  _warn_prf(average, modifier, f"{metric.capitalize()} is", len(result))
/home/yyy/anaconda3/envs/tsclean/lib/python3.9/site-packages/statsmodels/tsa/stattools.py:702: RuntimeWarning: invalid value encountered in divide
  acf = avf[: nlags + 1] / avf[0]
/home/yyy/anaconda3/envs/tsclean/lib/python3.9/site-packages/statsmodels/tsa/stattools.py:702: RuntimeWarning: invalid value encountered in divide
  acf = avf[: nlags + 1] / avf[0]
/home/yyy/anaconda3/envs/tsclean/lib/python3.9/site-packages/statsmodels/tsa/stattools.py:702: RuntimeWarning: invalid value encountered in divide
  acf = avf[: nlags + 1] / avf[0]
/home/yyy/anaconda3/envs/tsclean/lib/python3.9/site-packages/statsmodels/tsa/stattools.py:702: RuntimeWarning: invalid value encountered in divide
  acf = avf[: nlags + 1] / avf[0]
/home/yyy/anaconda3/envs/tsclean/lib/python3.9/site-packages/statsmodels/tsa/stattools.py:702: RuntimeWarning: invalid value encountered in divide
  acf = avf[: nlags + 1] / avf[0]
/home/yyy/anaconda3/envs/tsclean/lib/python3.9/site-packages/statsmodels/tsa/stattools.py:702: RuntimeWarning: invalid value encountered in divide
  acf = avf[: nlags + 1] / avf[0]
/home/yyy/anaconda3/envs/tsclean/lib/python3.9/site-packages/statsmodels/tsa/stattools.py:702: RuntimeWarning: invalid value encountered in divide
  acf = avf[: nlags + 1] / avf[0]
/home/yyy/anaconda3/envs/tsclean/lib/python3.9/site-packages/sklearn/metrics/_classification.py:1565: UndefinedMetricWarning: Precision is ill-defined and being set to 0.0 due to no predicted samples. Use `zero_division` parameter to control this behavior.
  _warn_prf(average, modifier, f"{metric.capitalize()} is", len(result))
/home/yyy/anaconda3/envs/tsclean/lib/python3.9/site-packages/statsmodels/tsa/stattools.py:702: RuntimeWarning: invalid value encountered in divide
  acf = avf[: nlags + 1] / avf[0]
/home/yyy/anaconda3/envs/tsclean/lib/python3.9/site-packages/statsmodels/tsa/stattools.py:702: RuntimeWarning: invalid value encountered in divide
  acf = avf[: nlags + 1] / avf[0]
/home/yyy/anaconda3/envs/tsclean/lib/python3.9/site-packages/statsmodels/tsa/stattools.py:702: RuntimeWarning: invalid value encountered in divide
  acf = avf[: nlags + 1] / avf[0]
/home/yyy/anaconda3/envs/tsclean/lib/python3.9/site-packages/statsmodels/tsa/stattools.py:702: RuntimeWarning: invalid value encountered in divide
  acf = avf[: nlags + 1] / avf[0]
/home/yyy/anaconda3/envs/tsclean/lib/python3.9/site-packages/statsmodels/tsa/stattools.py:702: RuntimeWarning: invalid value encountered in divide
  acf = avf[: nlags + 1] / avf[0]
/home/yyy/anaconda3/envs/tsclean/lib/python3.9/site-packages/sklearn/metrics/_classification.py:1565: UndefinedMetricWarning: Precision is ill-defined and being set to 0.0 due to no predicted samples. Use `zero_division` parameter to control this behavior.
  _warn_prf(average, modifier, f"{metric.capitalize()} is", len(result))
/home/yyy/anaconda3/envs/tsclean/lib/python3.9/site-packages/statsmodels/tsa/stattools.py:702: RuntimeWarning: invalid value encountered in divide
  acf = avf[: nlags + 1] / avf[0]
/home/yyy/anaconda3/envs/tsclean/lib/python3.9/site-packages/statsmodels/tsa/stattools.py:702: RuntimeWarning: invalid value encountered in divide
  acf = avf[: nlags + 1] / avf[0]
/home/yyy/anaconda3/envs/tsclean/lib/python3.9/site-packages/statsmodels/tsa/stattools.py:702: RuntimeWarning: invalid value encountered in divide
  acf = avf[: nlags + 1] / avf[0]
/home/yyy/anaconda3/envs/tsclean/lib/python3.9/site-packages/statsmodels/tsa/stattools.py:702: RuntimeWarning: invalid value encountered in divide
  acf = avf[: nlags + 1] / avf[0]
/home/yyy/anaconda3/envs/tsclean/lib/python3.9/site-packages/sklearn/metrics/_classification.py:1565: UndefinedMetricWarning: Precision is ill-defined and being set to 0.0 due to no predicted samples. Use `zero_division` parameter to control this behavior.
  _warn_prf(average, modifier, f"{metric.capitalize()} is", len(result))
/home/yyy/anaconda3/envs/tsclean/lib/python3.9/site-packages/statsmodels/tsa/stattools.py:702: RuntimeWarning: invalid value encountered in divide
  acf = avf[: nlags + 1] / avf[0]
/home/yyy/anaconda3/envs/tsclean/lib/python3.9/site-packages/statsmodels/tsa/stattools.py:702: RuntimeWarning: invalid value encountered in divide
  acf = avf[: nlags + 1] / avf[0]
/home/yyy/anaconda3/envs/tsclean/lib/python3.9/site-packages/statsmodels/tsa/stattools.py:702: RuntimeWarning: invalid value encountered in divide
  acf = avf[: nlags + 1] / avf[0]
GutenTAG_0 - PCAStat: 0.010100458575348721
GutenTAG_0 - PCAStat: 0.010100458575348721
GutenTAG_0 - KDE: (4000, 20), (4000,),[0 1]
GutenTAG_0 - KDE: 0.014502031778574922
GutenTAG_0 - KDE: 0.014502031778574922
GutenTAG_0 - GMM: (4000, 20), (4000,),[0 1]
GutenTAG_0 - GMM: 0.013992120044933705
GutenTAG_0 - GMM: 0.013992120044933705
GutenTAG_0 - SARAD: (4000, 20), (4000,),[0 1]
SARAD Model initialized on cuda
SARAD training finished. Final loss: 0.048762
GutenTAG_0 - SARAD: 0.012895939247062177
GutenTAG_0 - SARAD: 0.012895939247062177
GutenTAG_0 - SensitiveHUE: (4000, 20), (4000,),[0 1]
SensitiveHUE Model initialized on cuda
Epoch 100/200, Avg NLL Loss: -4.6000
Epoch 200/200, Avg NLL Loss: -5.0354
SensitiveHUE training finished.
GutenTAG_0 - SensitiveHUE: 0.011124922346724598
GutenTAG_0 - SensitiveHUE: 0.011124922346724598
GutenTAG_0 - SensorSCAN: (4000, 20), (4000,),[0 1]
SensorSCAN Model initialized on cuda
Stage 1: Autoencoder Pretraining...
  AE Epoch 100/200, Loss: 0.011069
  AE Epoch 200/200, Loss: 0.006144
Stage 2: SCAN Clustering...
  SCAN Epoch 100/200, Loss: 0.003625
  SCAN Epoch 200/200, Loss: 0.002840
SensorSCAN training finished.
GutenTAG_0 - SensorSCAN: 0.009908072016345665
GutenTAG_0 - SensorSCAN: 0.009908072016345665
GutenTAG_0 - CATCH: (4000, 20), (4000,),[0 1]
CATCH Model initialized on cuda
CATCH training finished. Final loss: 42.726639
GutenTAG_0 - CATCH: 0.009788992057516691
GutenTAG_0 - CATCH: 0.009788992057516691
GutenTAG_0 - DADA: (4000, 20), (4000,),[0 1]
DADA Model initialized on cuda
DADA: Starting stable dual-decoder training...
  Epoch 100/200, Total Loss: 0.265140, Loss_n: 0.226489, Loss_a: 0.866797
  Epoch 200/200, Total Loss: 0.246397, Loss_n: 0.224490, Loss_a: 0.988554
DADA: Training finished.
GutenTAG_0 - DADA: 0.01539942727414838
GutenTAG_0 - DADA: 0.01539942727414838
Results for GutenTAG_0 written to CSV.
Processing dataset: metro_traffic-volume
metro_traffic-volume - Sub_IForest: (20000, 5), (20000,),[0 1]
metro_traffic-volume - Sub_IForest: 0.00999024519438007
metro_traffic-volume - Sub_IForest: 0.00999024519438007
metro_traffic-volume - IForest: (20000, 5), (20000,),[0 1]
metro_traffic-volume - IForest: 0.009653166670101366
metro_traffic-volume - IForest: 0.009653166670101366
metro_traffic-volume - Sub_LOF: (20000, 5), (20000,),[0 1]
metro_traffic-volume - Sub_LOF: 0.012460021381517824
metro_traffic-volume - Sub_LOF: 0.012460021381517824
metro_traffic-volume - LOF: (20000, 5), (20000,),[0 1]
metro_traffic-volume - LOF: 0.01595218285208078
metro_traffic-volume - LOF: 0.01595218285208078
metro_traffic-volume - Sub_PCA: (20000, 5), (20000,),[0 1]
metro_traffic-volume - Sub_PCA: 0.008317434172553045
metro_traffic-volume - Sub_PCA: 0.008317434172553045
metro_traffic-volume - PCA: (20000, 5), (20000,),[0 1]
metro_traffic-volume - PCA: 0.008712659171827317
metro_traffic-volume - PCA: 0.008712659171827317
metro_traffic-volume - HBOS: (20000, 5), (20000,),[0 1]
metro_traffic-volume - HBOS: 0.024728607757144208
metro_traffic-volume - HBOS: 0.024728607757144208
metro_traffic-volume - Sub_HBOS: (20000, 5), (20000,),[0 1]
metro_traffic-volume - Sub_HBOS: 0.010520172432829461
metro_traffic-volume - Sub_HBOS: 0.010520172432829461
metro_traffic-volume - KNN: (20000, 5), (20000,),[0 1]
metro_traffic-volume - KNN: 0.035158089946418544
metro_traffic-volume - KNN: 0.035158089946418544
metro_traffic-volume - Sub_KNN: (20000, 5), (20000,),[0 1]
metro_traffic-volume - Sub_KNN: 0.015115270428576808
metro_traffic-volume - Sub_KNN: 0.015115270428576808
metro_traffic-volume - KMeansAD: (20000, 5), (20000,),[0 1]
metro_traffic-volume - KMeansAD: 0.012834537662858478
metro_traffic-volume - KMeansAD: 0.012834537662858478
metro_traffic-volume - KMeansAD_U: (20000, 5), (20000,),[0 1]
metro_traffic-volume - KMeansAD_U: 0.012778748006157666
metro_traffic-volume - KMeansAD_U: 0.012778748006157666
metro_traffic-volume - COPOD: (20000, 5), (20000,),[0 1]
metro_traffic-volume - COPOD: 0.02883510716851065
metro_traffic-volume - COPOD: 0.02883510716851065
metro_traffic-volume - CBLOF: (20000, 5), (20000,),[0 1]
metro_traffic-volume - CBLOF: 0.032636276228040814
metro_traffic-volume - CBLOF: 0.032636276228040814
metro_traffic-volume - COF: (20000, 5), (20000,),[0 1]
metro_traffic-volume - COF: 0.021272225340312145
metro_traffic-volume - COF: 0.021272225340312145
metro_traffic-volume - EIF: (20000, 5), (20000,),[0 1]
metro_traffic-volume - EIF: 0.03669393826187609
metro_traffic-volume - EIF: 0.03669393826187609
metro_traffic-volume - RobustPCA: (20000, 5), (20000,),[0 1]
iteration: 1, error: 4451.992729647119
iteration: 100, error: 24.09542775308016
iteration: 200, error: 52.638332189338115
iteration: 300, error: 55.74300378949959
iteration: 400, error: 52.086508739208675
iteration: 500, error: 35.63236389247039
iteration: 600, error: 27.786690678979685
iteration: 700, error: 27.80758273470719
iteration: 800, error: 28.787929041094486
iteration: 900, error: 21.448735588707518
iteration: 1000, error: 18.351155523931247
metro_traffic-volume - RobustPCA: 0.00880353648544665
metro_traffic-volume - RobustPCA: 0.00880353648544665
metro_traffic-volume - FFT: (20000, 5), (20000,),[0 1]
metro_traffic-volume - FFT: 0.009307945538485343
metro_traffic-volume - FFT: 0.009307945538485343
metro_traffic-volume - NORMA: (20000, 5), (20000,),[0 1]
metro_traffic-volume - NORMA: 0.008124999389663459
metro_traffic-volume - NORMA: 0.008124999389663459
metro_traffic-volume - MovingAverage: (20000, 5), (20000,),[0 1]
metro_traffic-volume - MovingAverage: 0.01051235483156214
metro_traffic-volume - MovingAverage: 0.01051235483156214
metro_traffic-volume - EWMA: (20000, 5), (20000,),[0 1]
metro_traffic-volume - EWMA: 0.01017647350541191
metro_traffic-volume - EWMA: 0.01017647350541191
metro_traffic-volume - SavGol: (20000, 5), (20000,),[0 1]
metro_traffic-volume - SavGol: 0.01038335612834678
metro_traffic-volume - SavGol: 0.01038335612834678
metro_traffic-volume - Kalman: (20000, 5), (20000,),[0 1]
metro_traffic-volume - Kalman: 0.010207511715109816
metro_traffic-volume - Kalman: 0.010207511715109816
metro_traffic-volume - LOESS: (20000, 5), (20000,),[0 1]
metro_traffic-volume - LOESS: 0.012157266980586504
metro_traffic-volume - LOESS: 0.012157266980586504
metro_traffic-volume - HoltWinters: (20000, 5), (20000,),[0 1]
metro_traffic-volume - HoltWinters: 0.008936960492836373
metro_traffic-volume - HoltWinters: 0.008936960492836373
metro_traffic-volume - RollingMedian: (20000, 5), (20000,),[0 1]
metro_traffic-volume - RollingMedian: 0.010540197712917422
metro_traffic-volume - RollingMedian: 0.010540197712917422
metro_traffic-volume - ZScore: (20000, 5), (20000,),[0 1]
metro_traffic-volume - ZScore: 0.008510019434139676
metro_traffic-volume - ZScore: 0.008510019434139676
metro_traffic-volume - MAD: (20000, 5), (20000,),[0 1]
metro_traffic-volume - MAD: 0.009112584168567016
metro_traffic-volume - MAD: 0.009112584168567016
metro_traffic-volume - IQR: (20000, 5), (20000,),[0 1]
metro_traffic-volume - IQR: 0.01057456692734185
metro_traffic-volume - IQR: 0.01057456692734185
metro_traffic-volume - Mahalanobis: (20000, 5), (20000,),[0 1]
metro_traffic-volume - Mahalanobis: 0.009807943126952637
metro_traffic-volume - Mahalanobis: 0.009807943126952637
metro_traffic-volume - HotellingT2: (20000, 5), (20000,),[0 1]
metro_traffic-volume - HotellingT2: 0.009807943126952637
metro_traffic-volume - HotellingT2: 0.009807943126952637
metro_traffic-volume - PCAStat: (20000, 5), (20000,),[0 1]
metro_traffic-volume - PCAStat: 0.010384596179912206
metro_traffic-volume - PCAStat: 0.010384596179912206
metro_traffic-volume - KDE: (20000, 5), (20000,),[0 1]
metro_traffic-volume - KDE: 0.013573955172634343
metro_traffic-volume - KDE: 0.013573955172634343
metro_traffic-volume - GMM: (20000, 5), (20000,),[0 1]
metro_traffic-volume - GMM: 0.007975754127389665
metro_traffic-volume - GMM: 0.007975754127389665
metro_traffic-volume - SARAD: (20000, 5), (20000,),[0 1]
SARAD Model initialized on cuda
SARAD training finished. Final loss: 0.002747
metro_traffic-volume - SARAD: 0.00699770791514751
metro_traffic-volume - SARAD: 0.00699770791514751
metro_traffic-volume - SensitiveHUE: (20000, 5), (20000,),[0 1]
/home/yyy/anaconda3/envs/tsclean/lib/python3.9/site-packages/statsmodels/tsa/stattools.py:702: RuntimeWarning: invalid value encountered in divide
  acf = avf[: nlags + 1] / avf[0]
/home/yyy/anaconda3/envs/tsclean/lib/python3.9/site-packages/statsmodels/tsa/stattools.py:702: RuntimeWarning: invalid value encountered in divide
  acf = avf[: nlags + 1] / avf[0]
/home/yyy/anaconda3/envs/tsclean/lib/python3.9/site-packages/statsmodels/tsa/stattools.py:702: RuntimeWarning: invalid value encountered in divide
  acf = avf[: nlags + 1] / avf[0]
/home/yyy/anaconda3/envs/tsclean/lib/python3.9/site-packages/sklearn/metrics/_classification.py:1565: UndefinedMetricWarning: Precision is ill-defined and being set to 0.0 due to no predicted samples. Use `zero_division` parameter to control this behavior.
  _warn_prf(average, modifier, f"{metric.capitalize()} is", len(result))
/home/yyy/anaconda3/envs/tsclean/lib/python3.9/site-packages/sklearn/metrics/_classification.py:1565: UndefinedMetricWarning: Precision is ill-defined and being set to 0.0 due to no predicted samples. Use `zero_division` parameter to control this behavior.
  _warn_prf(average, modifier, f"{metric.capitalize()} is", len(result))
/home/yyy/anaconda3/envs/tsclean/lib/python3.9/site-packages/sklearn/metrics/_classification.py:1565: UndefinedMetricWarning: Precision is ill-defined and being set to 0.0 due to no predicted samples. Use `zero_division` parameter to control this behavior.
  _warn_prf(average, modifier, f"{metric.capitalize()} is", len(result))
/home/yyy/anaconda3/envs/tsclean/lib/python3.9/site-packages/sklearn/metrics/_classification.py:1565: UndefinedMetricWarning: Precision is ill-defined and being set to 0.0 due to no predicted samples. Use `zero_division` parameter to control this behavior.
  _warn_prf(average, modifier, f"{metric.capitalize()} is", len(result))
/home/yyy/anaconda3/envs/tsclean/lib/python3.9/site-packages/sklearn/metrics/_classification.py:1565: UndefinedMetricWarning: Precision is ill-defined and being set to 0.0 due to no predicted samples. Use `zero_division` parameter to control this behavior.
  _warn_prf(average, modifier, f"{metric.capitalize()} is", len(result))
/home/yyy/anaconda3/envs/tsclean/lib/python3.9/site-packages/sklearn/metrics/_classification.py:1565: UndefinedMetricWarning: Precision is ill-defined and being set to 0.0 due to no predicted samples. Use `zero_division` parameter to control this behavior.
  _warn_prf(average, modifier, f"{metric.capitalize()} is", len(result))
/home/yyy/anaconda3/envs/tsclean/lib/python3.9/site-packages/sklearn/metrics/_classification.py:1565: UndefinedMetricWarning: Precision is ill-defined and being set to 0.0 due to no predicted samples. Use `zero_division` parameter to control this behavior.
  _warn_prf(average, modifier, f"{metric.capitalize()} is", len(result))
/home/yyy/anaconda3/envs/tsclean/lib/python3.9/site-packages/sklearn/metrics/_classification.py:1565: UndefinedMetricWarning: Precision is ill-defined and being set to 0.0 due to no predicted samples. Use `zero_division` parameter to control this behavior.
  _warn_prf(average, modifier, f"{metric.capitalize()} is", len(result))
/home/yyy/anaconda3/envs/tsclean/lib/python3.9/site-packages/sklearn/metrics/_classification.py:1565: UndefinedMetricWarning: Precision is ill-defined and being set to 0.0 due to no predicted samples. Use `zero_division` parameter to control this behavior.
  _warn_prf(average, modifier, f"{metric.capitalize()} is", len(result))
/home/yyy/anaconda3/envs/tsclean/lib/python3.9/site-packages/sklearn/metrics/_classification.py:1565: UndefinedMetricWarning: Precision is ill-defined and being set to 0.0 due to no predicted samples. Use `zero_division` parameter to control this behavior.
  _warn_prf(average, modifier, f"{metric.capitalize()} is", len(result))
/home/yyy/anaconda3/envs/tsclean/lib/python3.9/site-packages/statsmodels/tsa/stattools.py:702: RuntimeWarning: invalid value encountered in divide
  acf = avf[: nlags + 1] / avf[0]
/home/yyy/anaconda3/envs/tsclean/lib/python3.9/site-packages/sklearn/metrics/_classification.py:1565: UndefinedMetricWarning: Precision is ill-defined and being set to 0.0 due to no predicted samples. Use `zero_division` parameter to control this behavior.
  _warn_prf(average, modifier, f"{metric.capitalize()} is", len(result))
/home/yyy/anaconda3/envs/tsclean/lib/python3.9/site-packages/statsmodels/tsa/stattools.py:702: RuntimeWarning: invalid value encountered in divide
  acf = avf[: nlags + 1] / avf[0]
/home/yyy/anaconda3/envs/tsclean/lib/python3.9/site-packages/sklearn/metrics/_classification.py:1565: UndefinedMetricWarning: Precision is ill-defined and being set to 0.0 due to no predicted samples. Use `zero_division` parameter to control this behavior.
  _warn_prf(average, modifier, f"{metric.capitalize()} is", len(result))
/home/yyy/anaconda3/envs/tsclean/lib/python3.9/site-packages/statsmodels/tsa/stattools.py:702: RuntimeWarning: invalid value encountered in divide
  acf = avf[: nlags + 1] / avf[0]
SensitiveHUE Model initialized on cuda
Epoch 100/200, Avg NLL Loss: 2.1626
Epoch 200/200, Avg NLL Loss: 2.2035
SensitiveHUE training finished.
metro_traffic-volume - SensitiveHUE: 0.010622217631218752
metro_traffic-volume - SensitiveHUE: 0.010622217631218752
metro_traffic-volume - SensorSCAN: (20000, 5), (20000,),[0 1]
SensorSCAN Model initialized on cuda
Stage 1: Autoencoder Pretraining...
  AE Epoch 100/200, Loss: 0.002027
  AE Epoch 200/200, Loss: 0.001501
Stage 2: SCAN Clustering...
  SCAN Epoch 100/200, Loss: 0.003516
  SCAN Epoch 200/200, Loss: 0.002290
SensorSCAN training finished.
metro_traffic-volume - SensorSCAN: 0.012136374503752509
metro_traffic-volume - SensorSCAN: 0.012136374503752509
metro_traffic-volume - CATCH: (20000, 5), (20000,),[0 1]
CATCH Model initialized on cuda
CATCH training finished. Final loss: 51880320.000000
metro_traffic-volume - CATCH: 0.007195437053511086
metro_traffic-volume - CATCH: 0.007195437053511086
metro_traffic-volume - DADA: (20000, 5), (20000,),[0 1]
DADA Model initialized on cuda
DADA: Starting stable dual-decoder training...
  Epoch 100/200, Total Loss: 0.235459, Loss_n: 0.028351, Loss_a: 0.490652
  Epoch 200/200, Total Loss: 0.230822, Loss_n: 0.029538, Loss_a: 0.633531
DADA: Training finished.
metro_traffic-volume - DADA: 0.016882762781683564
metro_traffic-volume - DADA: 0.016882762781683564
Results for metro_traffic-volume written to CSV.
Processing dataset: MITDB_200
MITDB_200 - Sub_IForest: (20000, 2), (20000,),[0 1]
MITDB_200 - Sub_IForest: 0.6005753628379593
MITDB_200 - Sub_IForest: 0.6005753628379593
MITDB_200 - IForest: (20000, 2), (20000,),[0 1]
MITDB_200 - IForest: 0.5887591373764686
MITDB_200 - IForest: 0.5887591373764686
MITDB_200 - Sub_LOF: (20000, 2), (20000,),[0 1]
MITDB_200 - Sub_LOF: 0.4650125217716947
MITDB_200 - Sub_LOF: 0.4650125217716947
MITDB_200 - LOF: (20000, 2), (20000,),[0 1]
MITDB_200 - LOF: 0.4648268266823627
MITDB_200 - LOF: 0.4648268266823627
MITDB_200 - Sub_PCA: (20000, 2), (20000,),[0 1]
MITDB_200 - Sub_PCA: 0.6417179355505438
MITDB_200 - Sub_PCA: 0.6417179355505438
MITDB_200 - PCA: (20000, 2), (20000,),[0 1]
MITDB_200 - PCA: 0.6207666992877997
MITDB_200 - PCA: 0.6207666992877997
MITDB_200 - HBOS: (20000, 2), (20000,),[0 1]
MITDB_200 - HBOS: 0.5135691368122881
MITDB_200 - HBOS: 0.5135691368122881
MITDB_200 - Sub_HBOS: (20000, 2), (20000,),[0 1]
MITDB_200 - Sub_HBOS: 0.5894910581013402
MITDB_200 - Sub_HBOS: 0.5894910581013402
MITDB_200 - KNN: (20000, 2), (20000,),[0 1]
MITDB_200 - KNN: 0.4665972693772568
MITDB_200 - KNN: 0.4665972693772568
MITDB_200 - Sub_KNN: (20000, 2), (20000,),[0 1]
MITDB_200 - Sub_KNN: 0.47350500801395756
MITDB_200 - Sub_KNN: 0.47350500801395756
MITDB_200 - KMeansAD: (20000, 2), (20000,),[0 1]
MITDB_200 - KMeansAD: 0.4662376338531302
MITDB_200 - KMeansAD: 0.4662376338531302
MITDB_200 - KMeansAD_U: (20000, 2), (20000,),[0 1]
MITDB_200 - KMeansAD_U: 0.48370878857125743
MITDB_200 - KMeansAD_U: 0.48370878857125743
MITDB_200 - COPOD: (20000, 2), (20000,),[0 1]
MITDB_200 - COPOD: 0.5372418846485127
MITDB_200 - COPOD: 0.5372418846485127
MITDB_200 - CBLOF: (20000, 2), (20000,),[0 1]
MITDB_200 - CBLOF: 0.5331930252897931
MITDB_200 - CBLOF: 0.5331930252897931
MITDB_200 - COF: (20000, 2), (20000,),[0 1]
MITDB_200 - COF: 0.45890062655997027
MITDB_200 - COF: 0.45890062655997027
MITDB_200 - EIF: (20000, 2), (20000,),[0 1]
MITDB_200 - EIF: 0.5167684138220017
MITDB_200 - EIF: 0.5167684138220017
MITDB_200 - RobustPCA: (20000, 2), (20000,),[0 1]
iteration: 1, error: 0.5529536817229852
iteration: 100, error: 0.003145872079644525
iteration: 200, error: 0.004902305253179106
iteration: 300, error: 0.0036482249241899076
iteration: 400, error: 0.0037557362162518116
iteration: 500, error: 0.002777389139597391
iteration: 600, error: 0.0013913490671979686
iteration: 700, error: 0.000818544173874264
iteration: 800, error: 0.00107402198343253
iteration: 900, error: 9.868011856020696e-05
iteration: 1000, error: 4.980739340139149e-05
MITDB_200 - RobustPCA: 0.49087069507130315
MITDB_200 - RobustPCA: 0.49087069507130315
MITDB_200 - FFT: (20000, 2), (20000,),[0 1]
MITDB_200 - FFT: 0.4709693437402996
MITDB_200 - FFT: 0.4709693437402996
MITDB_200 - NORMA: (20000, 2), (20000,),[0 1]
MITDB_200 - NORMA: 0.49503547760697736
MITDB_200 - NORMA: 0.49503547760697736
MITDB_200 - MovingAverage: (20000, 2), (20000,),[0 1]
MITDB_200 - MovingAverage: 0.4614071700906227
MITDB_200 - MovingAverage: 0.4614071700906227
MITDB_200 - EWMA: (20000, 2), (20000,),[0 1]
MITDB_200 - EWMA: 0.5439759935266167
MITDB_200 - EWMA: 0.5439759935266167
MITDB_200 - SavGol: (20000, 2), (20000,),[0 1]
MITDB_200 - SavGol: 0.4654620292871584
MITDB_200 - SavGol: 0.4654620292871584
MITDB_200 - Kalman: (20000, 2), (20000,),[0 1]
MITDB_200 - Kalman: 0.5173128893411236
MITDB_200 - Kalman: 0.5173128893411236
MITDB_200 - LOESS: (20000, 2), (20000,),[0 1]
MITDB_200 - LOESS: 0.618978804127383
MITDB_200 - LOESS: 0.618978804127383
MITDB_200 - HoltWinters: (20000, 2), (20000,),[0 1]
MITDB_200 - HoltWinters: 0.4970130449364168
MITDB_200 - HoltWinters: 0.4970130449364168
MITDB_200 - RollingMedian: (20000, 2), (20000,),[0 1]
MITDB_200 - RollingMedian: 0.4499263163374005
MITDB_200 - RollingMedian: 0.4499263163374005
MITDB_200 - ZScore: (20000, 2), (20000,),[0 1]
MITDB_200 - ZScore: 0.6061601913444933
MITDB_200 - ZScore: 0.6061601913444933
MITDB_200 - MAD: (20000, 2), (20000,),[0 1]
MITDB_200 - MAD: 0.6278600659889871
MITDB_200 - MAD: 0.6278600659889871
MITDB_200 - IQR: (20000, 2), (20000,),[0 1]
MITDB_200 - IQR: 0.5512272394635133
MITDB_200 - IQR: 0.5512272394635133
MITDB_200 - Mahalanobis: (20000, 2), (20000,),[0 1]
MITDB_200 - Mahalanobis: 0.6184150526845296
MITDB_200 - Mahalanobis: 0.6184150526845296
MITDB_200 - HotellingT2: (20000, 2), (20000,),[0 1]
MITDB_200 - HotellingT2: 0.6184150526845296
MITDB_200 - HotellingT2: 0.6184150526845296
MITDB_200 - PCAStat: (20000, 2), (20000,),[0 1]
MITDB_200 - PCAStat: 0.49867884968599213
MITDB_200 - PCAStat: 0.49867884968599213
MITDB_200 - KDE: (20000, 2), (20000,),[0 1]
MITDB_200 - KDE: 0.6023945918454167
MITDB_200 - KDE: 0.6023945918454167
MITDB_200 - GMM: (20000, 2), (20000,),[0 1]
Info: Using reg_covar=0.001, covariance_type=diag
MITDB_200 - GMM: 0.643605834145526
MITDB_200 - GMM: 0.643605834145526
MITDB_200 - SARAD: (20000, 2), (20000,),[0 1]
SARAD Model initialized on cuda
SARAD training finished. Final loss: 0.002857
MITDB_200 - SARAD: 0.5150509909558905
MITDB_200 - SARAD: 0.5150509909558905
MITDB_200 - SensitiveHUE: (20000, 2), (20000,),[0 1]
SensitiveHUE Model initialized on cuda
Epoch 100/200, Avg NLL Loss: -6.7833
Epoch 200/200, Avg NLL Loss: -7.1905
SensitiveHUE training finished.
MITDB_200 - SensitiveHUE: 0.5885770957772063
MITDB_200 - SensitiveHUE: 0.5885770957772063
MITDB_200 - SensorSCAN: (20000, 2), (20000,),[0 1]
SensorSCAN Model initialized on cuda
Stage 1: Autoencoder Pretraining...
  AE Epoch 100/200, Loss: 0.000393
  AE Epoch 200/200, Loss: 0.000136
Stage 2: SCAN Clustering...
  SCAN Epoch 100/200, Loss: nan
  SCAN Epoch 200/200, Loss: nan
SensorSCAN training finished.
MITDB_200 - SensorSCAN: 0.46257051724195203
MITDB_200 - SensorSCAN: 0.46257051724195203
MITDB_200 - CATCH: (20000, 2), (20000,),[0 1]
CATCH Model initialized on cuda
CATCH training finished. Final loss: 0.389162
MITDB_200 - CATCH: 0.6655576015532758
MITDB_200 - CATCH: 0.6655576015532758
MITDB_200 - DADA: (20000, 2), (20000,),[0 1]
DADA Model initialized on cuda
DADA: Starting stable dual-decoder training...
  Epoch 100/200, Total Loss: 0.263675, Loss_n: 0.240219, Loss_a: 1.373752
  Epoch 200/200, Total Loss: 0.262857, Loss_n: 0.180912, Loss_a: 1.627597
DADA: Training finished.
MITDB_200 - DADA: 0.38620692015475944
MITDB_200 - DADA: 0.38620692015475944
Results for MITDB_200 written to CSV.
Processing dataset: MSL_T-13
MSL_T-13 - Sub_IForest: (1215, 55), (1215,),[0 1]
MSL_T-13 - Sub_IForest: 0.13628012107904283
MSL_T-13 - Sub_IForest: 0.13628012107904283
MSL_T-13 - IForest: (1215, 55), (1215,),[0 1]
MSL_T-13 - IForest: 0.13208209323180595
MSL_T-13 - IForest: 0.13208209323180595
MSL_T-13 - Sub_LOF: (1215, 55), (1215,),[0 1]
MSL_T-13 - Sub_LOF: 0.07838346394122417
MSL_T-13 - Sub_LOF: 0.07838346394122417
/home/yyy/anaconda3/envs/tsclean/lib/python3.9/site-packages/statsmodels/tsa/stattools.py:702: RuntimeWarning: invalid value encountered in divide
  acf = avf[: nlags + 1] / avf[0]
/home/yyy/anaconda3/envs/tsclean/lib/python3.9/site-packages/statsmodels/tsa/stattools.py:702: RuntimeWarning: invalid value encountered in divide
  acf = avf[: nlags + 1] / avf[0]
/home/yyy/anaconda3/envs/tsclean/lib/python3.9/site-packages/sklearn/metrics/_classification.py:1565: UndefinedMetricWarning: Precision is ill-defined and being set to 0.0 due to no predicted samples. Use `zero_division` parameter to control this behavior.
  _warn_prf(average, modifier, f"{metric.capitalize()} is", len(result))
/home/yyy/anaconda3/envs/tsclean/lib/python3.9/site-packages/statsmodels/tsa/stattools.py:702: RuntimeWarning: invalid value encountered in divide
  acf = avf[: nlags + 1] / avf[0]
/home/yyy/anaconda3/envs/tsclean/lib/python3.9/site-packages/sklearn/metrics/_classification.py:1565: UndefinedMetricWarning: Precision is ill-defined and being set to 0.0 due to no predicted samples. Use `zero_division` parameter to control this behavior.
  _warn_prf(average, modifier, f"{metric.capitalize()} is", len(result))
/home/yyy/anaconda3/envs/tsclean/lib/python3.9/site-packages/statsmodels/tsa/stattools.py:702: RuntimeWarning: invalid value encountered in divide
  acf = avf[: nlags + 1] / avf[0]
/home/yyy/anaconda3/envs/tsclean/lib/python3.9/site-packages/statsmodels/tsa/stattools.py:702: RuntimeWarning: invalid value encountered in divide
  acf = avf[: nlags + 1] / avf[0]
/home/yyy/anaconda3/envs/tsclean/lib/python3.9/site-packages/sklearn/metrics/_classification.py:1565: UndefinedMetricWarning: Precision is ill-defined and being set to 0.0 due to no predicted samples. Use `zero_division` parameter to control this behavior.
  _warn_prf(average, modifier, f"{metric.capitalize()} is", len(result))
/home/yyy/anaconda3/envs/tsclean/lib/python3.9/site-packages/statsmodels/tsa/stattools.py:702: RuntimeWarning: invalid value encountered in divide
  acf = avf[: nlags + 1] / avf[0]
/home/yyy/anaconda3/envs/tsclean/lib/python3.9/site-packages/statsmodels/tsa/stattools.py:702: RuntimeWarning: invalid value encountered in divide
  acf = avf[: nlags + 1] / avf[0]
/home/yyy/anaconda3/envs/tsclean/lib/python3.9/site-packages/sklearn/metrics/_classification.py:1565: UndefinedMetricWarning: Precision is ill-defined and being set to 0.0 due to no predicted samples. Use `zero_division` parameter to control this behavior.
  _warn_prf(average, modifier, f"{metric.capitalize()} is", len(result))
/home/yyy/anaconda3/envs/tsclean/lib/python3.9/site-packages/statsmodels/tsa/stattools.py:702: RuntimeWarning: invalid value encountered in divide
  acf = avf[: nlags + 1] / avf[0]
/home/yyy/anaconda3/envs/tsclean/lib/python3.9/site-packages/sklearn/metrics/_classification.py:1565: UndefinedMetricWarning: Precision is ill-defined and being set to 0.0 due to no predicted samples. Use `zero_division` parameter to control this behavior.
  _warn_prf(average, modifier, f"{metric.capitalize()} is", len(result))
/home/yyy/anaconda3/envs/tsclean/lib/python3.9/site-packages/statsmodels/tsa/stattools.py:702: RuntimeWarning: invalid value encountered in divide
  acf = avf[: nlags + 1] / avf[0]
/home/yyy/anaconda3/envs/tsclean/lib/python3.9/site-packages/sklearn/metrics/_classification.py:1565: UndefinedMetricWarning: Precision is ill-defined and being set to 0.0 due to no predicted samples. Use `zero_division` parameter to control this behavior.
  _warn_prf(average, modifier, f"{metric.capitalize()} is", len(result))
/home/yyy/anaconda3/envs/tsclean/lib/python3.9/site-packages/statsmodels/tsa/stattools.py:702: RuntimeWarning: invalid value encountered in divide
  acf = avf[: nlags + 1] / avf[0]
/home/yyy/anaconda3/envs/tsclean/lib/python3.9/site-packages/statsmodels/tsa/stattools.py:702: RuntimeWarning: invalid value encountered in divide
  acf = avf[: nlags + 1] / avf[0]
/home/yyy/anaconda3/envs/tsclean/lib/python3.9/site-packages/statsmodels/tsa/stattools.py:702: RuntimeWarning: invalid value encountered in divide
  acf = avf[: nlags + 1] / avf[0]
/home/yyy/anaconda3/envs/tsclean/lib/python3.9/site-packages/statsmodels/tsa/stattools.py:702: RuntimeWarning: invalid value encountered in divide
  acf = avf[: nlags + 1] / avf[0]
/home/yyy/anaconda3/envs/tsclean/lib/python3.9/site-packages/statsmodels/tsa/stattools.py:702: RuntimeWarning: invalid value encountered in divide
  acf = avf[: nlags + 1] / avf[0]
/home/yyy/anaconda3/envs/tsclean/lib/python3.9/site-packages/sklearn/metrics/_classification.py:1565: UndefinedMetricWarning: Precision is ill-defined and being set to 0.0 due to no predicted samples. Use `zero_division` parameter to control this behavior.
  _warn_prf(average, modifier, f"{metric.capitalize()} is", len(result))
/home/yyy/anaconda3/envs/tsclean/lib/python3.9/site-packages/statsmodels/tsa/stattools.py:702: RuntimeWarning: invalid value encountered in divide
  acf = avf[: nlags + 1] / avf[0]
/home/yyy/anaconda3/envs/tsclean/lib/python3.9/site-packages/statsmodels/tsa/stattools.py:702: RuntimeWarning: invalid value encountered in divide
  acf = avf[: nlags + 1] / avf[0]
/home/yyy/anaconda3/envs/tsclean/lib/python3.9/site-packages/sklearn/metrics/_classification.py:1565: UndefinedMetricWarning: Precision is ill-defined and being set to 0.0 due to no predicted samples. Use `zero_division` parameter to control this behavior.
  _warn_prf(average, modifier, f"{metric.capitalize()} is", len(result))
/home/yyy/anaconda3/envs/tsclean/lib/python3.9/site-packages/statsmodels/tsa/stattools.py:702: RuntimeWarning: invalid value encountered in divide
  acf = avf[: nlags + 1] / avf[0]
/home/yyy/anaconda3/envs/tsclean/lib/python3.9/site-packages/statsmodels/tsa/stattools.py:702: RuntimeWarning: invalid value encountered in divide
  acf = avf[: nlags + 1] / avf[0]
/home/yyy/anaconda3/envs/tsclean/lib/python3.9/site-packages/statsmodels/tsa/stattools.py:702: RuntimeWarning: invalid value encountered in divide
  acf = avf[: nlags + 1] / avf[0]
/home/yyy/anaconda3/envs/tsclean/lib/python3.9/site-packages/statsmodels/tsa/stattools.py:702: RuntimeWarning: invalid value encountered in divide
  acf = avf[: nlags + 1] / avf[0]
/home/yyy/anaconda3/envs/tsclean/lib/python3.9/site-packages/statsmodels/tsa/stattools.py:702: RuntimeWarning: invalid value encountered in divide
  acf = avf[: nlags + 1] / avf[0]
/home/yyy/anaconda3/envs/tsclean/lib/python3.9/site-packages/statsmodels/tsa/stattools.py:702: RuntimeWarning: invalid value encountered in divide
  acf = avf[: nlags + 1] / avf[0]
/home/yyy/anaconda3/envs/tsclean/lib/python3.9/site-packages/statsmodels/tsa/stattools.py:702: RuntimeWarning: invalid value encountered in divide
  acf = avf[: nlags + 1] / avf[0]
/home/yyy/anaconda3/envs/tsclean/lib/python3.9/site-packages/statsmodels/tsa/stattools.py:702: RuntimeWarning: invalid value encountered in divide
  acf = avf[: nlags + 1] / avf[0]
/home/yyy/anaconda3/envs/tsclean/lib/python3.9/site-packages/statsmodels/tsa/stattools.py:702: RuntimeWarning: invalid value encountered in divide
  acf = avf[: nlags + 1] / avf[0]
/home/yyy/anaconda3/envs/tsclean/lib/python3.9/site-packages/statsmodels/tsa/stattools.py:702: RuntimeWarning: invalid value encountered in divide
  acf = avf[: nlags + 1] / avf[0]
/home/yyy/anaconda3/envs/tsclean/lib/python3.9/site-packages/statsmodels/tsa/stattools.py:702: RuntimeWarning: invalid value encountered in divide
  acf = avf[: nlags + 1] / avf[0]
/home/yyy/anaconda3/envs/tsclean/lib/python3.9/site-packages/statsmodels/tsa/stattools.py:702: RuntimeWarning: invalid value encountered in divide
  acf = avf[: nlags + 1] / avf[0]
/home/yyy/anaconda3/envs/tsclean/lib/python3.9/site-packages/statsmodels/tsa/stattools.py:702: RuntimeWarning: invalid value encountered in divide
  acf = avf[: nlags + 1] / avf[0]
/home/yyy/anaconda3/envs/tsclean/lib/python3.9/site-packages/statsmodels/tsa/stattools.py:702: RuntimeWarning: invalid value encountered in divide
  acf = avf[: nlags + 1] / avf[0]
/home/yyy/anaconda3/envs/tsclean/lib/python3.9/site-packages/statsmodels/tsa/stattools.py:702: RuntimeWarning: invalid value encountered in divide
  acf = avf[: nlags + 1] / avf[0]
/home/yyy/anaconda3/envs/tsclean/lib/python3.9/site-packages/statsmodels/tsa/stattools.py:702: RuntimeWarning: invalid value encountered in divide
  acf = avf[: nlags + 1] / avf[0]
/home/yyy/anaconda3/envs/tsclean/lib/python3.9/site-packages/statsmodels/tsa/stattools.py:702: RuntimeWarning: invalid value encountered in divide
  acf = avf[: nlags + 1] / avf[0]
/home/yyy/anaconda3/envs/tsclean/lib/python3.9/site-packages/statsmodels/tsa/stattools.py:702: RuntimeWarning: invalid value encountered in divide
  acf = avf[: nlags + 1] / avf[0]
/home/yyy/anaconda3/envs/tsclean/lib/python3.9/site-packages/sklearn/metrics/_classification.py:1565: UndefinedMetricWarning: Precision is ill-defined and being set to 0.0 due to no predicted samples. Use `zero_division` parameter to control this behavior.
  _warn_prf(average, modifier, f"{metric.capitalize()} is", len(result))
/home/yyy/anaconda3/envs/tsclean/lib/python3.9/site-packages/statsmodels/tsa/stattools.py:702: RuntimeWarning: invalid value encountered in divide
  acf = avf[: nlags + 1] / avf[0]
/home/yyy/anaconda3/envs/tsclean/lib/python3.9/site-packages/sklearn/metrics/_classification.py:1565: UndefinedMetricWarning: Precision is ill-defined and being set to 0.0 due to no predicted samples. Use `zero_division` parameter to control this behavior.
  _warn_prf(average, modifier, f"{metric.capitalize()} is", len(result))
/home/yyy/anaconda3/envs/tsclean/lib/python3.9/site-packages/statsmodels/tsa/stattools.py:702: RuntimeWarning: invalid value encountered in divide
  acf = avf[: nlags + 1] / avf[0]
/home/yyy/anaconda3/envs/tsclean/lib/python3.9/site-packages/sklearn/metrics/_classification.py:1565: UndefinedMetricWarning: Precision is ill-defined and being set to 0.0 due to no predicted samples. Use `zero_division` parameter to control this behavior.
  _warn_prf(average, modifier, f"{metric.capitalize()} is", len(result))
/home/yyy/anaconda3/envs/tsclean/lib/python3.9/site-packages/sklearn/metrics/_classification.py:1565: UndefinedMetricWarning: Precision is ill-defined and being set to 0.0 due to no predicted samples. Use `zero_division` parameter to control this behavior.
  _warn_prf(average, modifier, f"{metric.capitalize()} is", len(result))
/home/yyy/anaconda3/envs/tsclean/lib/python3.9/site-packages/sklearn/metrics/_classification.py:1565: UndefinedMetricWarning: Precision is ill-defined and being set to 0.0 due to no predicted samples. Use `zero_division` parameter to control this behavior.
  _warn_prf(average, modifier, f"{metric.capitalize()} is", len(result))
/home/yyy/anaconda3/envs/tsclean/lib/python3.9/site-packages/sklearn/metrics/_classification.py:1565: UndefinedMetricWarning: Precision is ill-defined and being set to 0.0 due to no predicted samples. Use `zero_division` parameter to control this behavior.
  _warn_prf(average, modifier, f"{metric.capitalize()} is", len(result))
/home/yyy/anaconda3/envs/tsclean/lib/python3.9/site-packages/sklearn/metrics/_classification.py:1565: UndefinedMetricWarning: Precision is ill-defined and being set to 0.0 due to no predicted samples. Use `zero_division` parameter to control this behavior.
  _warn_prf(average, modifier, f"{metric.capitalize()} is", len(result))
/home/yyy/anaconda3/envs/tsclean/lib/python3.9/site-packages/sklearn/metrics/_classification.py:1565: UndefinedMetricWarning: Precision is ill-defined and being set to 0.0 due to no predicted samples. Use `zero_division` parameter to control this behavior.
  _warn_prf(average, modifier, f"{metric.capitalize()} is", len(result))
/home/yyy/anaconda3/envs/tsclean/lib/python3.9/site-packages/sklearn/metrics/_classification.py:1565: UndefinedMetricWarning: Precision is ill-defined and being set to 0.0 due to no predicted samples. Use `zero_division` parameter to control this behavior.
  _warn_prf(average, modifier, f"{metric.capitalize()} is", len(result))
/home/yyy/anaconda3/envs/tsclean/lib/python3.9/site-packages/sklearn/metrics/_classification.py:1565: UndefinedMetricWarning: Precision is ill-defined and being set to 0.0 due to no predicted samples. Use `zero_division` parameter to control this behavior.
  _warn_prf(average, modifier, f"{metric.capitalize()} is", len(result))
/home/yyy/anaconda3/envs/tsclean/lib/python3.9/site-packages/sklearn/metrics/_classification.py:1565: UndefinedMetricWarning: Precision is ill-defined and being set to 0.0 due to no predicted samples. Use `zero_division` parameter to control this behavior.
  _warn_prf(average, modifier, f"{metric.capitalize()} is", len(result))
/home/yyy/anaconda3/envs/tsclean/lib/python3.9/site-packages/sklearn/metrics/_classification.py:1565: UndefinedMetricWarning: Precision is ill-defined and being set to 0.0 due to no predicted samples. Use `zero_division` parameter to control this behavior.
  _warn_prf(average, modifier, f"{metric.capitalize()} is", len(result))
/home/yyy/anaconda3/envs/tsclean/lib/python3.9/site-packages/sklearn/metrics/_classification.py:1565: UndefinedMetricWarning: Precision is ill-defined and being set to 0.0 due to no predicted samples. Use `zero_division` parameter to control this behavior.
  _warn_prf(average, modifier, f"{metric.capitalize()} is", len(result))
MSL_T-13 - LOF: (1215, 55), (1215,),[0 1]
MSL_T-13 - LOF: 0.12341298023815601
MSL_T-13 - LOF: 0.12341298023815601
MSL_T-13 - Sub_PCA: (1215, 55), (1215,),[0 1]
MSL_T-13 - Sub_PCA: 0.41075376942576075
MSL_T-13 - Sub_PCA: 0.41075376942576075
MSL_T-13 - PCA: (1215, 55), (1215,),[0 1]
MSL_T-13 - PCA: 0.4145799493650194
MSL_T-13 - PCA: 0.4145799493650194
MSL_T-13 - HBOS: (1215, 55), (1215,),[0 1]
MSL_T-13 - HBOS: 0.134691015032359
MSL_T-13 - HBOS: 0.134691015032359
MSL_T-13 - Sub_HBOS: (1215, 55), (1215,),[0 1]
MSL_T-13 - Sub_HBOS: 0.18395840962367505
MSL_T-13 - Sub_HBOS: 0.18395840962367505
MSL_T-13 - KNN: (1215, 55), (1215,),[0 1]
MSL_T-13 - KNN: 0.10938163889017376
MSL_T-13 - KNN: 0.10938163889017376
MSL_T-13 - Sub_KNN: (1215, 55), (1215,),[0 1]
MSL_T-13 - Sub_KNN: 0.13623480126463713
MSL_T-13 - Sub_KNN: 0.13623480126463713
MSL_T-13 - KMeansAD: (1215, 55), (1215,),[0 1]
MSL_T-13 - KMeansAD: 0.14589392378755942
MSL_T-13 - KMeansAD: 0.14589392378755942
MSL_T-13 - KMeansAD_U: (1215, 55), (1215,),[0 1]
MSL_T-13 - KMeansAD_U: 0.14867974764604264
MSL_T-13 - KMeansAD_U: 0.14867974764604264
MSL_T-13 - COPOD: (1215, 55), (1215,),[0 1]
MSL_T-13 - COPOD: 0.086789527064147
MSL_T-13 - COPOD: 0.086789527064147
MSL_T-13 - CBLOF: (1215, 55), (1215,),[0 1]
MSL_T-13 - CBLOF: 0.09233777024780053
MSL_T-13 - CBLOF: 0.09233777024780053
MSL_T-13 - COF: (1215, 55), (1215,),[0 1]
MSL_T-13 - COF: 0.2715956688259493
MSL_T-13 - COF: 0.2715956688259493
MSL_T-13 - EIF: (1215, 55), (1215,),[0 1]
MSL_T-13 - EIF: 0.11869168761749445
MSL_T-13 - EIF: 0.11869168761749445
MSL_T-13 - RobustPCA: (1215, 55), (1215,),[0 1]
iteration: 1, error: 0.1347568958183577
iteration: 100, error: 7.09310727680925e-05
iteration: 200, error: 9.238401968139001e-05
iteration: 300, error: 0.00012321497119665924
iteration: 400, error: 0.00015292705454041612
iteration: 500, error: 0.0001663655286955716
iteration: 600, error: 9.221148553533583e-05
iteration: 700, error: 4.621855493610703e-05
iteration: 800, error: 5.092905701309632e-05
iteration: 900, error: 4.690968771986169e-05
iteration: 1000, error: 3.642132167397072e-05
MSL_T-13 - RobustPCA: 0.07479648439317312
MSL_T-13 - RobustPCA: 0.07479648439317312
MSL_T-13 - FFT: (1215, 55), (1215,),[0 1]
MSL_T-13 - FFT: 0.13301097086164793
MSL_T-13 - FFT: 0.13301097086164793
MSL_T-13 - NORMA: (1215, 55), (1215,),[0 1]
MSL_T-13 - NORMA: 0.10950132388302457
MSL_T-13 - NORMA: 0.10950132388302457
MSL_T-13 - MovingAverage: (1215, 55), (1215,),[0 1]
MSL_T-13 - MovingAverage: 0.12179818507956935
MSL_T-13 - MovingAverage: 0.12179818507956935
MSL_T-13 - EWMA: (1215, 55), (1215,),[0 1]
MSL_T-13 - EWMA: 0.14149926012443131
MSL_T-13 - EWMA: 0.14149926012443131
MSL_T-13 - SavGol: (1215, 55), (1215,),[0 1]
MSL_T-13 - SavGol: 0.12824427275019662
MSL_T-13 - SavGol: 0.12824427275019662
MSL_T-13 - Kalman: (1215, 55), (1215,),[0 1]
MSL_T-13 - Kalman: 0.14537841369099658
MSL_T-13 - Kalman: 0.14537841369099658
MSL_T-13 - LOESS: (1215, 55), (1215,),[0 1]
MSL_T-13 - LOESS: 0.37013157374966504
MSL_T-13 - LOESS: 0.37013157374966504
MSL_T-13 - HoltWinters: (1215, 55), (1215,),[0 1]
MSL_T-13 - HoltWinters: 0.1514290456245035
MSL_T-13 - HoltWinters: 0.1514290456245035
MSL_T-13 - RollingMedian: (1215, 55), (1215,),[0 1]
MSL_T-13 - RollingMedian: 0.09731528988220425
MSL_T-13 - RollingMedian: 0.09731528988220425
MSL_T-13 - ZScore: (1215, 55), (1215,),[0 1]
MSL_T-13 - ZScore: 0.07772632514595176
MSL_T-13 - ZScore: 0.07772632514595176
MSL_T-13 - MAD: (1215, 55), (1215,),[0 1]
MSL_T-13 - MAD: 0.11672559357503004
MSL_T-13 - MAD: 0.11672559357503004
MSL_T-13 - IQR: (1215, 55), (1215,),[0 1]
MSL_T-13 - IQR: 0.09731528988220425
MSL_T-13 - IQR: 0.09731528988220425
MSL_T-13 - Mahalanobis: (1215, 55), (1215,),[0 1]
MSL_T-13 - Mahalanobis: 0.08174387667677736
MSL_T-13 - Mahalanobis: 0.08174387667677736
MSL_T-13 - HotellingT2: (1215, 55), (1215,),[0 1]
MSL_T-13 - HotellingT2: 0.08174387667677736
MSL_T-13 - HotellingT2: 0.08174387667677736
MSL_T-13 - PCAStat: (1215, 55), (1215,),[0 1]
MSL_T-13 - PCAStat: 0.13335789380755259
MSL_T-13 - PCAStat: 0.13335789380755259
MSL_T-13 - KDE: (1215, 55), (1215,),[0 1]
MSL_T-13 - KDE: 0.061193696527366295
MSL_T-13 - KDE: 0.061193696527366295
MSL_T-13 - GMM: (1215, 55), (1215,),[0 1]
MSL_T-13 - GMM: 0.07263410515540754
MSL_T-13 - GMM: 0.07263410515540754
MSL_T-13 - SARAD: (1215, 55), (1215,),[0 1]
SARAD Model initialized on cuda
SARAD training finished. Final loss: 0.000434
MSL_T-13 - SARAD: 0.2735212385528666
MSL_T-13 - SARAD: 0.2735212385528666
MSL_T-13 - SensitiveHUE: (1215, 55), (1215,),[0 1]
SensitiveHUE Model initialized on cuda
Epoch 100/200, Avg NLL Loss: -4.3982
Epoch 200/200, Avg NLL Loss: -4.8723
SensitiveHUE training finished.
MSL_T-13 - SensitiveHUE: 0.1742260645525986
MSL_T-13 - SensitiveHUE: 0.1742260645525986
MSL_T-13 - SensorSCAN: (1215, 55), (1215,),[0 1]
SensorSCAN Model initialized on cuda
Stage 1: Autoencoder Pretraining...
  AE Epoch 100/200, Loss: 0.003106
  AE Epoch 200/200, Loss: 0.002009
Stage 2: SCAN Clustering...
  SCAN Epoch 100/200, Loss: 0.000006
  SCAN Epoch 200/200, Loss: 0.000001
SensorSCAN training finished.
MSL_T-13 - SensorSCAN: 0.31079712234169704
MSL_T-13 - SensorSCAN: 0.31079712234169704
MSL_T-13 - CATCH: (1215, 55), (1215,),[0 1]
CATCH Model initialized on cuda
CATCH training finished. Final loss: 0.570624
MSL_T-13 - CATCH: 0.04947448871218078
MSL_T-13 - CATCH: 0.04947448871218078
MSL_T-13 - DADA: (1215, 55), (1215,),[0 1]
DADA Model initialized on cuda
DADA: Starting stable dual-decoder training...
  Epoch 100/200, Total Loss: 0.201775, Loss_n: 0.198378, Loss_a: 0.850680
  Epoch 200/200, Total Loss: 0.200442, Loss_n: 0.233859, Loss_a: 0.872911
DADA: Training finished.
MSL_T-13 - DADA: 0.12138149415798444
MSL_T-13 - DADA: 0.12138149415798444
Results for MSL_T-13 written to CSV.
Processing dataset: OPPORTUNITY_S4-ADL3
OPPORTUNITY_S4-ADL3 - Sub_IForest: (5026, 32), (5026,),[0 1]
OPPORTUNITY_S4-ADL3 - Sub_IForest: 0.20568307791322338
OPPORTUNITY_S4-ADL3 - Sub_IForest: 0.20568307791322338
OPPORTUNITY_S4-ADL3 - IForest: (5026, 32), (5026,),[0 1]
OPPORTUNITY_S4-ADL3 - IForest: 0.18021155430320934
OPPORTUNITY_S4-ADL3 - IForest: 0.18021155430320934
OPPORTUNITY_S4-ADL3 - Sub_LOF: (5026, 32), (5026,),[0 1]
OPPORTUNITY_S4-ADL3 - Sub_LOF: 0.18007055235884803
OPPORTUNITY_S4-ADL3 - Sub_LOF: 0.18007055235884803
OPPORTUNITY_S4-ADL3 - LOF: (5026, 32), (5026,),[0 1]
OPPORTUNITY_S4-ADL3 - LOF: 0.1971327741335734
OPPORTUNITY_S4-ADL3 - LOF: 0.1971327741335734
OPPORTUNITY_S4-ADL3 - Sub_PCA: (5026, 32), (5026,),[0 1]
OPPORTUNITY_S4-ADL3 - Sub_PCA: 0.18035463917414318
OPPORTUNITY_S4-ADL3 - Sub_PCA: 0.18035463917414318
OPPORTUNITY_S4-ADL3 - PCA: (5026, 32), (5026,),[0 1]
OPPORTUNITY_S4-ADL3 - PCA: 0.1831978993502088
OPPORTUNITY_S4-ADL3 - PCA: 0.1831978993502088
OPPORTUNITY_S4-ADL3 - HBOS: (5026, 32), (5026,),[0 1]
OPPORTUNITY_S4-ADL3 - HBOS: 0.18103149997875662
OPPORTUNITY_S4-ADL3 - HBOS: 0.18103149997875662
OPPORTUNITY_S4-ADL3 - Sub_HBOS: (5026, 32), (5026,),[0 1]
OPPORTUNITY_S4-ADL3 - Sub_HBOS: 0.20148587423388242
OPPORTUNITY_S4-ADL3 - Sub_HBOS: 0.20148587423388242
OPPORTUNITY_S4-ADL3 - KNN: (5026, 32), (5026,),[0 1]
OPPORTUNITY_S4-ADL3 - KNN: 0.1562099937329825
OPPORTUNITY_S4-ADL3 - KNN: 0.1562099937329825
OPPORTUNITY_S4-ADL3 - Sub_KNN: (5026, 32), (5026,),[0 1]
OPPORTUNITY_S4-ADL3 - Sub_KNN: 0.18880384634043068
OPPORTUNITY_S4-ADL3 - Sub_KNN: 0.18880384634043068
OPPORTUNITY_S4-ADL3 - KMeansAD: (5026, 32), (5026,),[0 1]
OPPORTUNITY_S4-ADL3 - KMeansAD: 0.17604285993453864
OPPORTUNITY_S4-ADL3 - KMeansAD: 0.17604285993453864
OPPORTUNITY_S4-ADL3 - KMeansAD_U: (5026, 32), (5026,),[0 1]
OPPORTUNITY_S4-ADL3 - KMeansAD_U: 0.22502127499437016
OPPORTUNITY_S4-ADL3 - KMeansAD_U: 0.22502127499437016
OPPORTUNITY_S4-ADL3 - COPOD: (5026, 32), (5026,),[0 1]
OPPORTUNITY_S4-ADL3 - COPOD: 0.2189283033774118
OPPORTUNITY_S4-ADL3 - COPOD: 0.2189283033774118
OPPORTUNITY_S4-ADL3 - CBLOF: (5026, 32), (5026,),[0 1]
OPPORTUNITY_S4-ADL3 - CBLOF: 0.2603005647805729
OPPORTUNITY_S4-ADL3 - CBLOF: 0.2603005647805729
OPPORTUNITY_S4-ADL3 - COF: (5026, 32), (5026,),[0 1]
OPPORTUNITY_S4-ADL3 - COF: 0.1827042369880836
OPPORTUNITY_S4-ADL3 - COF: 0.1827042369880836
/home/yyy/anaconda3/envs/tsclean/lib/python3.9/site-packages/sklearn/metrics/_classification.py:1565: UndefinedMetricWarning: Precision is ill-defined and being set to 0.0 due to no predicted samples. Use `zero_division` parameter to control this behavior.
  _warn_prf(average, modifier, f"{metric.capitalize()} is", len(result))
/home/yyy/anaconda3/envs/tsclean/lib/python3.9/site-packages/sklearn/metrics/_classification.py:1565: UndefinedMetricWarning: Precision is ill-defined and being set to 0.0 due to no predicted samples. Use `zero_division` parameter to control this behavior.
  _warn_prf(average, modifier, f"{metric.capitalize()} is", len(result))
/home/yyy/anaconda3/envs/tsclean/lib/python3.9/site-packages/sklearn/metrics/_classification.py:1565: UndefinedMetricWarning: Precision is ill-defined and being set to 0.0 due to no predicted samples. Use `zero_division` parameter to control this behavior.
  _warn_prf(average, modifier, f"{metric.capitalize()} is", len(result))
/home/yyy/anaconda3/envs/tsclean/lib/python3.9/site-packages/sklearn/metrics/_classification.py:1565: UndefinedMetricWarning: Precision is ill-defined and being set to 0.0 due to no predicted samples. Use `zero_division` parameter to control this behavior.
  _warn_prf(average, modifier, f"{metric.capitalize()} is", len(result))
/home/yyy/anaconda3/envs/tsclean/lib/python3.9/site-packages/sklearn/metrics/_classification.py:1565: UndefinedMetricWarning: Precision is ill-defined and being set to 0.0 due to no predicted samples. Use `zero_division` parameter to control this behavior.
  _warn_prf(average, modifier, f"{metric.capitalize()} is", len(result))
/home/yyy/TSC/TSClean/AutoClean/Error_Detection/detectors/models/PCA.py:282: RuntimeWarning: divide by zero encountered in divide
  cdist(X, self.selected_components_) / self.selected_w_components_,
/home/yyy/anaconda3/envs/tsclean/lib/python3.9/site-packages/numpy/lib/_function_base_impl.py:4779: RuntimeWarning: invalid value encountered in subtract
  diff_b_a = subtract(b, a)
/home/yyy/anaconda3/envs/tsclean/lib/python3.9/site-packages/numpy/_core/_methods.py:185: RuntimeWarning: invalid value encountered in subtract
  x = asanyarray(arr - arrmean)
/home/yyy/anaconda3/envs/tsclean/lib/python3.9/site-packages/sklearn/metrics/_classification.py:1565: UndefinedMetricWarning: Precision is ill-defined and being set to 0.0 due to no predicted samples. Use `zero_division` parameter to control this behavior.
  _warn_prf(average, modifier, f"{metric.capitalize()} is", len(result))
/home/yyy/anaconda3/envs/tsclean/lib/python3.9/site-packages/sklearn/metrics/_classification.py:1565: UndefinedMetricWarning: Precision is ill-defined and being set to 0.0 due to no predicted samples. Use `zero_division` parameter to control this behavior.
  _warn_prf(average, modifier, f"{metric.capitalize()} is", len(result))
/home/yyy/anaconda3/envs/tsclean/lib/python3.9/site-packages/sklearn/metrics/_classification.py:1565: UndefinedMetricWarning: Precision is ill-defined and being set to 0.0 due to no predicted samples. Use `zero_division` parameter to control this behavior.
  _warn_prf(average, modifier, f"{metric.capitalize()} is", len(result))
/home/yyy/anaconda3/envs/tsclean/lib/python3.9/site-packages/sklearn/metrics/_classification.py:1565: UndefinedMetricWarning: Precision is ill-defined and being set to 0.0 due to no predicted samples. Use `zero_division` parameter to control this behavior.
  _warn_prf(average, modifier, f"{metric.capitalize()} is", len(result))
OPPORTUNITY_S4-ADL3 - EIF: (5026, 32), (5026,),[0 1]
OPPORTUNITY_S4-ADL3 - EIF: 0.17356096064941787
OPPORTUNITY_S4-ADL3 - EIF: 0.17356096064941787
OPPORTUNITY_S4-ADL3 - RobustPCA: (5026, 32), (5026,),[0 1]
iteration: 1, error: 286.7541215841859
iteration: 100, error: 4.348467013590428
iteration: 200, error: 4.620550052879661
iteration: 300, error: 3.5637842364133614
iteration: 400, error: 3.620116137079642
iteration: 500, error: 3.6608800713668406
iteration: 600, error: 3.3560791078911123
iteration: 700, error: 2.8975935231881844
iteration: 800, error: 2.581257746242498
iteration: 900, error: 1.3086240046036641
iteration: 1000, error: 0.7858377489021309
OPPORTUNITY_S4-ADL3 - RobustPCA: 0.09466632785909646
OPPORTUNITY_S4-ADL3 - RobustPCA: 0.09466632785909646
OPPORTUNITY_S4-ADL3 - FFT: (5026, 32), (5026,),[0 1]
OPPORTUNITY_S4-ADL3 - FFT: 0.11373077401184611
OPPORTUNITY_S4-ADL3 - FFT: 0.11373077401184611
OPPORTUNITY_S4-ADL3 - NORMA: (5026, 32), (5026,),[0 1]
OPPORTUNITY_S4-ADL3 - NORMA: 0.1532670041316599
OPPORTUNITY_S4-ADL3 - NORMA: 0.1532670041316599
OPPORTUNITY_S4-ADL3 - MovingAverage: (5026, 32), (5026,),[0 1]
OPPORTUNITY_S4-ADL3 - MovingAverage: 0.11544150471593724
OPPORTUNITY_S4-ADL3 - MovingAverage: 0.11544150471593724
OPPORTUNITY_S4-ADL3 - EWMA: (5026, 32), (5026,),[0 1]
OPPORTUNITY_S4-ADL3 - EWMA: 0.11108997723074858
OPPORTUNITY_S4-ADL3 - EWMA: 0.11108997723074858
OPPORTUNITY_S4-ADL3 - SavGol: (5026, 32), (5026,),[0 1]
OPPORTUNITY_S4-ADL3 - SavGol: 0.11602015872814293
OPPORTUNITY_S4-ADL3 - SavGol: 0.11602015872814293
OPPORTUNITY_S4-ADL3 - Kalman: (5026, 32), (5026,),[0 1]
OPPORTUNITY_S4-ADL3 - Kalman: 0.1123735665799682
OPPORTUNITY_S4-ADL3 - Kalman: 0.1123735665799682
OPPORTUNITY_S4-ADL3 - LOESS: (5026, 32), (5026,),[0 1]
OPPORTUNITY_S4-ADL3 - LOESS: 0.18019185441988633
OPPORTUNITY_S4-ADL3 - LOESS: 0.18019185441988633
OPPORTUNITY_S4-ADL3 - HoltWinters: (5026, 32), (5026,),[0 1]
OPPORTUNITY_S4-ADL3 - HoltWinters: 0.10972844568939212
OPPORTUNITY_S4-ADL3 - HoltWinters: 0.10972844568939212
OPPORTUNITY_S4-ADL3 - RollingMedian: (5026, 32), (5026,),[0 1]
OPPORTUNITY_S4-ADL3 - RollingMedian: 0.12023057942522478
OPPORTUNITY_S4-ADL3 - RollingMedian: 0.12023057942522478
OPPORTUNITY_S4-ADL3 - ZScore: (5026, 32), (5026,),[0 1]
OPPORTUNITY_S4-ADL3 - ZScore: 0.24062474751363025
OPPORTUNITY_S4-ADL3 - ZScore: 0.24062474751363025
OPPORTUNITY_S4-ADL3 - MAD: (5026, 32), (5026,),[0 1]
OPPORTUNITY_S4-ADL3 - MAD: 0.3293917962203394
OPPORTUNITY_S4-ADL3 - MAD: 0.3293917962203394
OPPORTUNITY_S4-ADL3 - IQR: (5026, 32), (5026,),[0 1]
OPPORTUNITY_S4-ADL3 - IQR: 0.24753033825297985
OPPORTUNITY_S4-ADL3 - IQR: 0.24753033825297985
OPPORTUNITY_S4-ADL3 - Mahalanobis: (5026, 32), (5026,),[0 1]
OPPORTUNITY_S4-ADL3 - Mahalanobis: 0.1493181053736956
OPPORTUNITY_S4-ADL3 - Mahalanobis: 0.1493181053736956
OPPORTUNITY_S4-ADL3 - HotellingT2: (5026, 32), (5026,),[0 1]
OPPORTUNITY_S4-ADL3 - HotellingT2: 0.1493181053736956
OPPORTUNITY_S4-ADL3 - HotellingT2: 0.1493181053736956
OPPORTUNITY_S4-ADL3 - PCAStat: (5026, 32), (5026,),[0 1]
OPPORTUNITY_S4-ADL3 - PCAStat: 0.2064203058980355
OPPORTUNITY_S4-ADL3 - PCAStat: 0.2064203058980355
OPPORTUNITY_S4-ADL3 - KDE: (5026, 32), (5026,),[0 1]
OPPORTUNITY_S4-ADL3 - KDE: 0.14300613291907502
OPPORTUNITY_S4-ADL3 - KDE: 0.14300613291907502
OPPORTUNITY_S4-ADL3 - GMM: (5026, 32), (5026,),[0 1]
OPPORTUNITY_S4-ADL3 - GMM: 0.13523170527741027
OPPORTUNITY_S4-ADL3 - GMM: 0.13523170527741027
OPPORTUNITY_S4-ADL3 - SARAD: (5026, 32), (5026,),[0 1]
SARAD Model initialized on cuda
SARAD training finished. Final loss: 0.051403
OPPORTUNITY_S4-ADL3 - SARAD: 0.20810402830921806
OPPORTUNITY_S4-ADL3 - SARAD: 0.20810402830921806
OPPORTUNITY_S4-ADL3 - SensitiveHUE: (5026, 32), (5026,),[0 1]
SensitiveHUE Model initialized on cuda
Epoch 100/200, Avg NLL Loss: 6.3809
Epoch 200/200, Avg NLL Loss: 4.3784
SensitiveHUE training finished.
OPPORTUNITY_S4-ADL3 - SensitiveHUE: 0.16987137759772358
OPPORTUNITY_S4-ADL3 - SensitiveHUE: 0.16987137759772358
OPPORTUNITY_S4-ADL3 - SensorSCAN: (5026, 32), (5026,),[0 1]
SensorSCAN Model initialized on cuda
Stage 1: Autoencoder Pretraining...
  AE Epoch 100/200, Loss: 0.071487
  AE Epoch 200/200, Loss: 0.063666
Stage 2: SCAN Clustering...
  SCAN Epoch 100/200, Loss: 0.002092
  SCAN Epoch 200/200, Loss: 0.002094
SensorSCAN training finished.
OPPORTUNITY_S4-ADL3 - SensorSCAN: 0.14943869892892778
OPPORTUNITY_S4-ADL3 - SensorSCAN: 0.14943869892892778
OPPORTUNITY_S4-ADL3 - CATCH: (5026, 32), (5026,),[0 1]
CATCH Model initialized on cuda
CATCH training finished. Final loss: 41014612.000000
OPPORTUNITY_S4-ADL3 - CATCH: 0.0910424589372233
OPPORTUNITY_S4-ADL3 - CATCH: 0.0910424589372233
OPPORTUNITY_S4-ADL3 - DADA: (5026, 32), (5026,),[0 1]
DADA Model initialized on cuda
DADA: Starting stable dual-decoder training...
  Epoch 100/200, Total Loss: 0.505996, Loss_n: 0.546359, Loss_a: 1.027966
  Epoch 200/200, Total Loss: 0.497200, Loss_n: 0.384850, Loss_a: 0.792558
DADA: Training finished.
OPPORTUNITY_S4-ADL3 - DADA: 0.11510875021470472
OPPORTUNITY_S4-ADL3 - DADA: 0.11510875021470472
Results for OPPORTUNITY_S4-ADL3 written to CSV.
Processing dataset: PSM
PSM - Sub_IForest: (17568, 26), (17568,),[0 1]
PSM - Sub_IForest: 0.3065476773334864
PSM - Sub_IForest: 0.3065476773334864
PSM - IForest: (17568, 26), (17568,),[0 1]
PSM - IForest: 0.2946813991845296
PSM - IForest: 0.2946813991845296
PSM - Sub_LOF: (17568, 26), (17568,),[0 1]
PSM - Sub_LOF: 0.250539688662625
PSM - Sub_LOF: 0.250539688662625
PSM - LOF: (17568, 26), (17568,),[0 1]
PSM - LOF: 0.20395862841542273
PSM - LOF: 0.20395862841542273
PSM - Sub_PCA: (17568, 26), (17568,),[0 1]
PSM - Sub_PCA: 0.11178280961139984
PSM - Sub_PCA: 0.11178280961139984
PSM - PCA: (17568, 26), (17568,),[0 1]
PSM - PCA: 0.4829049630232286
PSM - PCA: 0.4829049630232286
PSM - HBOS: (17568, 26), (17568,),[0 1]
PSM - HBOS: 0.35344980968704603
PSM - HBOS: 0.35344980968704603
PSM - Sub_HBOS: (17568, 26), (17568,),[0 1]
PSM - Sub_HBOS: 0.32919879181001505
PSM - Sub_HBOS: 0.32919879181001505
PSM - KNN: (17568, 26), (17568,),[0 1]
PSM - KNN: 0.2967815361183671
PSM - KNN: 0.2967815361183671
PSM - Sub_KNN: (17568, 26), (17568,),[0 1]
PSM - Sub_KNN: 0.39950798991310876
PSM - Sub_KNN: 0.39950798991310876
PSM - KMeansAD: (17568, 26), (17568,),[0 1]
PSM - KMeansAD: 0.522605973496461
PSM - KMeansAD: 0.522605973496461
PSM - KMeansAD_U: (17568, 26), (17568,),[0 1]
PSM - KMeansAD_U: 0.4233030974512677
PSM - KMeansAD_U: 0.4233030974512677
PSM - COPOD: (17568, 26), (17568,),[0 1]
PSM - COPOD: 0.3116493422236086
PSM - COPOD: 0.3116493422236086
PSM - CBLOF: (17568, 26), (17568,),[0 1]
PSM - CBLOF: 0.4670905479384022
PSM - CBLOF: 0.4670905479384022
PSM - COF: (17568, 26), (17568,),[0 1]
PSM - COF: 0.20615625625897827
PSM - COF: 0.20615625625897827
PSM - EIF: (17568, 26), (17568,),[0 1]
PSM - EIF: 0.4363083861805891
PSM - EIF: 0.4363083861805891
PSM - RobustPCA: (17568, 26), (17568,),[0 1]
iteration: 1, error: 21392.77616057545
iteration: 100, error: 40.647984795351036
iteration: 200, error: 40.541075955848484
iteration: 300, error: 40.429047580662676
iteration: 400, error: 33.38421300330271
iteration: 500, error: 32.07770107179417
iteration: 600, error: 31.1149821051965
iteration: 700, error: 30.888770630185853
iteration: 800, error: 16.53942107585525
iteration: 900, error: 16.288708106674147
iteration: 1000, error: 16.126753226855904
PSM - RobustPCA: 0.11324984397450087
PSM - RobustPCA: 0.11324984397450087
PSM - FFT: (17568, 26), (17568,),[0 1]
PSM - FFT: 0.12371416093355526
PSM - FFT: 0.12371416093355526
PSM - NORMA: (17568, 26), (17568,),[0 1]
PSM - NORMA: 0.09140520678232625
PSM - NORMA: 0.09140520678232625
PSM - MovingAverage: (17568, 26), (17568,),[0 1]
PSM - MovingAverage: 0.21488761289368347
PSM - MovingAverage: 0.21488761289368347
PSM - EWMA: (17568, 26), (17568,),[0 1]
PSM - EWMA: 0.112236406198381
PSM - EWMA: 0.112236406198381
PSM - SavGol: (17568, 26), (17568,),[0 1]
PSM - SavGol: 0.21587613112682388
PSM - SavGol: 0.21587613112682388
PSM - Kalman: (17568, 26), (17568,),[0 1]
PSM - Kalman: 0.11201234310136163
PSM - Kalman: 0.11201234310136163
PSM - LOESS: (17568, 26), (17568,),[0 1]
PSM - LOESS: 0.4682636139027158
/home/yyy/anaconda3/envs/tsclean/lib/python3.9/site-packages/sklearn/metrics/_classification.py:1565: UndefinedMetricWarning: Precision is ill-defined and being set to 0.0 due to no predicted samples. Use `zero_division` parameter to control this behavior.
  _warn_prf(average, modifier, f"{metric.capitalize()} is", len(result))
/home/yyy/anaconda3/envs/tsclean/lib/python3.9/site-packages/sklearn/metrics/_classification.py:1565: UndefinedMetricWarning: Precision is ill-defined and being set to 0.0 due to no predicted samples. Use `zero_division` parameter to control this behavior.
  _warn_prf(average, modifier, f"{metric.capitalize()} is", len(result))
/home/yyy/anaconda3/envs/tsclean/lib/python3.9/site-packages/sklearn/metrics/_classification.py:1565: UndefinedMetricWarning: Precision is ill-defined and being set to 0.0 due to no predicted samples. Use `zero_division` parameter to control this behavior.
  _warn_prf(average, modifier, f"{metric.capitalize()} is", len(result))
/home/yyy/anaconda3/envs/tsclean/lib/python3.9/site-packages/sklearn/metrics/_classification.py:1565: UndefinedMetricWarning: Precision is ill-defined and being set to 0.0 due to no predicted samples. Use `zero_division` parameter to control this behavior.
  _warn_prf(average, modifier, f"{metric.capitalize()} is", len(result))
/home/yyy/anaconda3/envs/tsclean/lib/python3.9/site-packages/sklearn/metrics/_classification.py:1565: UndefinedMetricWarning: Precision is ill-defined and being set to 0.0 due to no predicted samples. Use `zero_division` parameter to control this behavior.
  _warn_prf(average, modifier, f"{metric.capitalize()} is", len(result))
/home/yyy/anaconda3/envs/tsclean/lib/python3.9/site-packages/sklearn/metrics/_classification.py:1565: UndefinedMetricWarning: Precision is ill-defined and being set to 0.0 due to no predicted samples. Use `zero_division` parameter to control this behavior.
  _warn_prf(average, modifier, f"{metric.capitalize()} is", len(result))
/home/yyy/anaconda3/envs/tsclean/lib/python3.9/site-packages/sklearn/metrics/_classification.py:1565: UndefinedMetricWarning: Precision is ill-defined and being set to 0.0 due to no predicted samples. Use `zero_division` parameter to control this behavior.
  _warn_prf(average, modifier, f"{metric.capitalize()} is", len(result))
/home/yyy/anaconda3/envs/tsclean/lib/python3.9/site-packages/sklearn/metrics/_classification.py:1565: UndefinedMetricWarning: Precision is ill-defined and being set to 0.0 due to no predicted samples. Use `zero_division` parameter to control this behavior.
  _warn_prf(average, modifier, f"{metric.capitalize()} is", len(result))
/home/yyy/anaconda3/envs/tsclean/lib/python3.9/site-packages/sklearn/metrics/_classification.py:1565: UndefinedMetricWarning: Precision is ill-defined and being set to 0.0 due to no predicted samples. Use `zero_division` parameter to control this behavior.
  _warn_prf(average, modifier, f"{metric.capitalize()} is", len(result))
PSM - LOESS: 0.4682636139027158
PSM - HoltWinters: (17568, 26), (17568,),[0 1]
PSM - HoltWinters: 0.11231473875830114
PSM - HoltWinters: 0.11231473875830114
PSM - RollingMedian: (17568, 26), (17568,),[0 1]
PSM - RollingMedian: 0.1677382062553639
PSM - RollingMedian: 0.1677382062553639
PSM - ZScore: (17568, 26), (17568,),[0 1]
PSM - ZScore: 0.5203093183469549
PSM - ZScore: 0.5203093183469549
PSM - MAD: (17568, 26), (17568,),[0 1]
PSM - MAD: 0.38487753447861384
PSM - MAD: 0.38487753447861384
PSM - IQR: (17568, 26), (17568,),[0 1]
PSM - IQR: 0.3187270638523051
PSM - IQR: 0.3187270638523051
PSM - Mahalanobis: (17568, 26), (17568,),[0 1]
PSM - Mahalanobis: 0.5194526078807451
PSM - Mahalanobis: 0.5194526078807451
PSM - HotellingT2: (17568, 26), (17568,),[0 1]
PSM - HotellingT2: 0.5194526078807451
PSM - HotellingT2: 0.5194526078807451
PSM - PCAStat: (17568, 26), (17568,),[0 1]
PSM - PCAStat: 0.3036542875859835
PSM - PCAStat: 0.3036542875859835
PSM - KDE: (17568, 26), (17568,),[0 1]
PSM - KDE: 0.21963521880535927
PSM - KDE: 0.21963521880535927
PSM - GMM: (17568, 26), (17568,),[0 1]
PSM - GMM: 0.4172918553993617
PSM - GMM: 0.4172918553993617
PSM - SARAD: (17568, 26), (17568,),[0 1]
SARAD Model initialized on cuda
SARAD training finished. Final loss: 0.006124
PSM - SARAD: 0.1835655269692616
PSM - SARAD: 0.1835655269692616
PSM - SensitiveHUE: (17568, 26), (17568,),[0 1]
SensitiveHUE Model initialized on cuda
Epoch 100/200, Avg NLL Loss: -2.1419
Epoch 200/200, Avg NLL Loss: -2.1428
SensitiveHUE training finished.
PSM - SensitiveHUE: 0.48908097905033515
PSM - SensitiveHUE: 0.48908097905033515
PSM - SensorSCAN: (17568, 26), (17568,),[0 1]
SensorSCAN Model initialized on cuda
Stage 1: Autoencoder Pretraining...
  AE Epoch 100/200, Loss: 0.021252
  AE Epoch 200/200, Loss: 0.022264
Stage 2: SCAN Clustering...
  SCAN Epoch 100/200, Loss: nan
  SCAN Epoch 200/200, Loss: nan
SensorSCAN training finished.
PSM - SensorSCAN: 0.11178280961139984
PSM - SensorSCAN: 0.11178280961139984
PSM - CATCH: (17568, 26), (17568,),[0 1]
CATCH Model initialized on cuda
CATCH training finished. Final loss: nan
PSM - CATCH: 0.11178280961139984
PSM - CATCH: 0.11178280961139984
PSM - DADA: (17568, 26), (17568,),[0 1]
DADA Model initialized on cuda
DADA: Starting stable dual-decoder training...
  Epoch 100/200, Total Loss: 0.320823, Loss_n: 0.091597, Loss_a: 1.039335
  Epoch 200/200, Total Loss: 0.319268, Loss_n: 0.075818, Loss_a: 0.575712
DADA: Training finished.
PSM - DADA: 0.06430671556172894
PSM - DADA: 0.06430671556172894
Results for PSM written to CSV.
Processing dataset: room-occupancy
room-occupancy - Sub_IForest: (1628, 5), (1628,),[0 1]
room-occupancy - Sub_IForest: 0.6823808938220113
room-occupancy - Sub_IForest: 0.6823808938220113
room-occupancy - IForest: (1628, 5), (1628,),[0 1]
room-occupancy - IForest: 0.7155115654937217
room-occupancy - IForest: 0.7155115654937217
room-occupancy - Sub_LOF: (1628, 5), (1628,),[0 1]
room-occupancy - Sub_LOF: 0.49271323375884307
room-occupancy - Sub_LOF: 0.49271323375884307
room-occupancy - LOF: (1628, 5), (1628,),[0 1]
room-occupancy - LOF: 0.421640050172422
room-occupancy - LOF: 0.421640050172422
room-occupancy - Sub_PCA: (1628, 5), (1628,),[0 1]
room-occupancy - Sub_PCA: 0.522513517011294
room-occupancy - Sub_PCA: 0.522513517011294
room-occupancy - PCA: (1628, 5), (1628,),[0 1]
room-occupancy - PCA: 0.44309841641270975
room-occupancy - PCA: 0.44309841641270975
room-occupancy - HBOS: (1628, 5), (1628,),[0 1]
room-occupancy - HBOS: 0.9009537056634043
room-occupancy - HBOS: 0.9009537056634043
room-occupancy - Sub_HBOS: (1628, 5), (1628,),[0 1]
room-occupancy - Sub_HBOS: 0.8371923032408931
room-occupancy - Sub_HBOS: 0.8371923032408931
room-occupancy - KNN: (1628, 5), (1628,),[0 1]
room-occupancy - KNN: 0.8702985673646031
room-occupancy - KNN: 0.8702985673646031
room-occupancy - Sub_KNN: (1628, 5), (1628,),[0 1]
room-occupancy - Sub_KNN: 0.8111942606951559
room-occupancy - Sub_KNN: 0.8111942606951559
room-occupancy - KMeansAD: (1628, 5), (1628,),[0 1]
room-occupancy - KMeansAD: 0.7443144525578101
room-occupancy - KMeansAD: 0.7443144525578101
room-occupancy - KMeansAD_U: (1628, 5), (1628,),[0 1]
room-occupancy - KMeansAD_U: 0.7624373425847084
room-occupancy - KMeansAD_U: 0.7624373425847084
room-occupancy - COPOD: (1628, 5), (1628,),[0 1]
room-occupancy - COPOD: 0.8497570096556598
room-occupancy - COPOD: 0.8497570096556598
room-occupancy - CBLOF: (1628, 5), (1628,),[0 1]
room-occupancy - CBLOF: 0.929738407593331
room-occupancy - CBLOF: 0.929738407593331
room-occupancy - COF: (1628, 5), (1628,),[0 1]
room-occupancy - COF: 0.41524483614516833
room-occupancy - COF: 0.41524483614516833
room-occupancy - EIF: (1628, 5), (1628,),[0 1]
room-occupancy - EIF: 0.7243888314952812
room-occupancy - EIF: 0.7243888314952812
room-occupancy - RobustPCA: (1628, 5), (1628,),[0 1]
iteration: 1, error: 722.982431611455
iteration: 100, error: 8.572735213177129
iteration: 200, error: 13.328113318513237
iteration: 300, error: 10.505279770003334
iteration: 400, error: 4.113332315422229
iteration: 500, error: 0.9823403867864903
iteration: 600, error: 0.2051870559308643
iteration: 700, error: 0.13355050094100904
iteration: 800, error: 0.19287882793513517
iteration: 900, error: 0.22800718969867848
iteration: 1000, error: 0.17487446372941226
room-occupancy - RobustPCA: 0.6980299402995842
room-occupancy - RobustPCA: 0.6980299402995842
room-occupancy - FFT: (1628, 5), (1628,),[0 1]
room-occupancy - FFT: 0.6581726074281778
room-occupancy - FFT: 0.6581726074281778
room-occupancy - NORMA: (1628, 5), (1628,),[0 1]
room-occupancy - NORMA: 0.23940441013134373
room-occupancy - NORMA: 0.23940441013134373
room-occupancy - MovingAverage: (1628, 5), (1628,),[0 1]
room-occupancy - MovingAverage: 0.7263067765799401
room-occupancy - MovingAverage: 0.7263067765799401
room-occupancy - EWMA: (1628, 5), (1628,),[0 1]
room-occupancy - EWMA: 0.7478443580844504
room-occupancy - EWMA: 0.7478443580844504
room-occupancy - SavGol: (1628, 5), (1628,),[0 1]
room-occupancy - SavGol: 0.7219634608459499
room-occupancy - SavGol: 0.7219634608459499
room-occupancy - Kalman: (1628, 5), (1628,),[0 1]
room-occupancy - Kalman: 0.752724925473871
room-occupancy - Kalman: 0.752724925473871
room-occupancy - LOESS: (1628, 5), (1628,),[0 1]
room-occupancy - LOESS: 0.6767205832772566
room-occupancy - LOESS: 0.6767205832772566
room-occupancy - HoltWinters: (1628, 5), (1628,),[0 1]
room-occupancy - HoltWinters: 0.664274531207395
room-occupancy - HoltWinters: 0.664274531207395
room-occupancy - RollingMedian: (1628, 5), (1628,),[0 1]
room-occupancy - RollingMedian: 0.5747140067240989
room-occupancy - RollingMedian: 0.5747140067240989
room-occupancy - ZScore: (1628, 5), (1628,),[0 1]
room-occupancy - ZScore: 0.540589625088954
room-occupancy - ZScore: 0.540589625088954
room-occupancy - MAD: (1628, 5), (1628,),[0 1]
room-occupancy - MAD: 0.9266833900621847
room-occupancy - MAD: 0.9266833900621847
room-occupancy - IQR: (1628, 5), (1628,),[0 1]
room-occupancy - IQR: 0.3745113533650392
room-occupancy - IQR: 0.3745113533650392
room-occupancy - Mahalanobis: (1628, 5), (1628,),[0 1]
room-occupancy - Mahalanobis: 0.4916538105564395
room-occupancy - Mahalanobis: 0.4916538105564395
room-occupancy - HotellingT2: (1628, 5), (1628,),[0 1]
room-occupancy - HotellingT2: 0.4916538105564395
room-occupancy - HotellingT2: 0.4916538105564395
room-occupancy - PCAStat: (1628, 5), (1628,),[0 1]
room-occupancy - PCAStat: 0.2608950253061932
room-occupancy - PCAStat: 0.2608950253061932
room-occupancy - KDE: (1628, 5), (1628,),[0 1]
room-occupancy - KDE: 0.8129305794473102
room-occupancy - KDE: 0.8129305794473102
room-occupancy - GMM: (1628, 5), (1628,),[0 1]
room-occupancy - GMM: 0.6739951902834447
room-occupancy - GMM: 0.6739951902834447
room-occupancy - SARAD: (1628, 5), (1628,),[0 1]
SARAD Model initialized on cuda
SARAD training finished. Final loss: 0.001915
room-occupancy - SARAD: 0.6828412902048842
room-occupancy - SARAD: 0.6828412902048842
room-occupancy - SensitiveHUE: (1628, 5), (1628,),[0 1]
SensitiveHUE Model initialized on cuda
Epoch 100/200, Avg NLL Loss: 2.7740
Epoch 200/200, Avg NLL Loss: 1.0639
SensitiveHUE training finished./home/yyy/anaconda3/envs/tsclean/lib/python3.9/site-packages/sklearn/metrics/_classification.py:1565: UndefinedMetricWarning: Precision is ill-defined and being set to 0.0 due to no predicted samples. Use `zero_division` parameter to control this behavior.
  _warn_prf(average, modifier, f"{metric.capitalize()} is", len(result))
/home/yyy/anaconda3/envs/tsclean/lib/python3.9/site-packages/sklearn/metrics/_classification.py:1565: UndefinedMetricWarning: Precision is ill-defined and being set to 0.0 due to no predicted samples. Use `zero_division` parameter to control this behavior.
  _warn_prf(average, modifier, f"{metric.capitalize()} is", len(result))
/home/yyy/anaconda3/envs/tsclean/lib/python3.9/site-packages/statsmodels/tsa/stattools.py:702: RuntimeWarning: invalid value encountered in divide
  acf = avf[: nlags + 1] / avf[0]
/home/yyy/anaconda3/envs/tsclean/lib/python3.9/site-packages/statsmodels/tsa/stattools.py:702: RuntimeWarning: invalid value encountered in divide
  acf = avf[: nlags + 1] / avf[0]
/home/yyy/anaconda3/envs/tsclean/lib/python3.9/site-packages/statsmodels/tsa/stattools.py:702: RuntimeWarning: invalid value encountered in divide
  acf = avf[: nlags + 1] / avf[0]
/home/yyy/anaconda3/envs/tsclean/lib/python3.9/site-packages/statsmodels/tsa/stattools.py:702: RuntimeWarning: invalid value encountered in divide
  acf = avf[: nlags + 1] / avf[0]
/home/yyy/anaconda3/envs/tsclean/lib/python3.9/site-packages/statsmodels/tsa/stattools.py:702: RuntimeWarning: invalid value encountered in divide
  acf = avf[: nlags + 1] / avf[0]
/home/yyy/TSC/TSClean/AutoClean/Error_Detection/detectors/models/PCA.py:282: RuntimeWarning: divide by zero encountered in divide
  cdist(X, self.selected_components_) / self.selected_w_components_,
/home/yyy/anaconda3/envs/tsclean/lib/python3.9/site-packages/numpy/lib/_function_base_impl.py:4779: RuntimeWarning: invalid value encountered in subtract
  diff_b_a = subtract(b, a)
/home/yyy/anaconda3/envs/tsclean/lib/python3.9/site-packages/numpy/_core/_methods.py:185: RuntimeWarning: invalid value encountered in subtract
  x = asanyarray(arr - arrmean)
/home/yyy/anaconda3/envs/tsclean/lib/python3.9/site-packages/sklearn/metrics/_classification.py:1565: UndefinedMetricWarning: Precision is ill-defined and being set to 0.0 due to no predicted samples. Use `zero_division` parameter to control this behavior.
  _warn_prf(average, modifier, f"{metric.capitalize()} is", len(result))
/home/yyy/anaconda3/envs/tsclean/lib/python3.9/site-packages/statsmodels/tsa/stattools.py:702: RuntimeWarning: invalid value encountered in divide
  acf = avf[: nlags + 1] / avf[0]
/home/yyy/anaconda3/envs/tsclean/lib/python3.9/site-packages/statsmodels/tsa/stattools.py:702: RuntimeWarning: invalid value encountered in divide
  acf = avf[: nlags + 1] / avf[0]
/home/yyy/anaconda3/envs/tsclean/lib/python3.9/site-packages/statsmodels/tsa/stattools.py:702: RuntimeWarning: invalid value encountered in divide
  acf = avf[: nlags + 1] / avf[0]
/home/yyy/anaconda3/envs/tsclean/lib/python3.9/site-packages/statsmodels/tsa/stattools.py:702: RuntimeWarning: invalid value encountered in divide
  acf = avf[: nlags + 1] / avf[0]
/home/yyy/anaconda3/envs/tsclean/lib/python3.9/site-packages/statsmodels/tsa/stattools.py:702: RuntimeWarning: invalid value encountered in divide
  acf = avf[: nlags + 1] / avf[0]
/home/yyy/anaconda3/envs/tsclean/lib/python3.9/site-packages/statsmodels/tsa/stattools.py:702: RuntimeWarning: invalid value encountered in divide
  acf = avf[: nlags + 1] / avf[0]
/home/yyy/anaconda3/envs/tsclean/lib/python3.9/site-packages/statsmodels/tsa/stattools.py:702: RuntimeWarning: invalid value encountered in divide
  acf = avf[: nlags + 1] / avf[0]
/home/yyy/anaconda3/envs/tsclean/lib/python3.9/site-packages/statsmodels/tsa/stattools.py:702: RuntimeWarning: invalid value encountered in divide
  acf = avf[: nlags + 1] / avf[0]
/home/yyy/anaconda3/envs/tsclean/lib/python3.9/site-packages/statsmodels/tsa/stattools.py:702: RuntimeWarning: invalid value encountered in divide
  acf = avf[: nlags + 1] / avf[0]
/home/yyy/anaconda3/envs/tsclean/lib/python3.9/site-packages/statsmodels/tsa/stattools.py:702: RuntimeWarning: invalid value encountered in divide
  acf = avf[: nlags + 1] / avf[0]
/home/yyy/anaconda3/envs/tsclean/lib/python3.9/site-packages/statsmodels/tsa/stattools.py:702: RuntimeWarning: invalid value encountered in divide
  acf = avf[: nlags + 1] / avf[0]
/home/yyy/anaconda3/envs/tsclean/lib/python3.9/site-packages/statsmodels/tsa/stattools.py:702: RuntimeWarning: invalid value encountered in divide
  acf = avf[: nlags + 1] / avf[0]
/home/yyy/anaconda3/envs/tsclean/lib/python3.9/site-packages/sklearn/metrics/_classification.py:1565: UndefinedMetricWarning: Precision is ill-defined and being set to 0.0 due to no predicted samples. Use `zero_division` parameter to control this behavior.
  _warn_prf(average, modifier, f"{metric.capitalize()} is", len(result))
/home/yyy/anaconda3/envs/tsclean/lib/python3.9/site-packages/statsmodels/tsa/stattools.py:702: RuntimeWarning: invalid value encountered in divide
  acf = avf[: nlags + 1] / avf[0]
/home/yyy/anaconda3/envs/tsclean/lib/python3.9/site-packages/statsmodels/tsa/stattools.py:702: RuntimeWarning: invalid value encountered in divide
  acf = avf[: nlags + 1] / avf[0]
/home/yyy/anaconda3/envs/tsclean/lib/python3.9/site-packages/sklearn/metrics/_classification.py:1565: UndefinedMetricWarning: Precision is ill-defined and being set to 0.0 due to no predicted samples. Use `zero_division` parameter to control this behavior.
  _warn_prf(average, modifier, f"{metric.capitalize()} is", len(result))
/home/yyy/anaconda3/envs/tsclean/lib/python3.9/site-packages/statsmodels/tsa/stattools.py:702: RuntimeWarning: invalid value encountered in divide
  acf = avf[: nlags + 1] / avf[0]
/home/yyy/anaconda3/envs/tsclean/lib/python3.9/site-packages/statsmodels/tsa/stattools.py:702: RuntimeWarning: invalid value encountered in divide
  acf = avf[: nlags + 1] / avf[0]
/home/yyy/anaconda3/envs/tsclean/lib/python3.9/site-packages/statsmodels/tsa/stattools.py:702: RuntimeWarning: invalid value encountered in divide
  acf = avf[: nlags + 1] / avf[0]
/home/yyy/anaconda3/envs/tsclean/lib/python3.9/site-packages/statsmodels/tsa/stattools.py:702: RuntimeWarning: invalid value encountered in divide
  acf = avf[: nlags + 1] / avf[0]
/home/yyy/anaconda3/envs/tsclean/lib/python3.9/site-packages/statsmodels/tsa/stattools.py:702: RuntimeWarning: invalid value encountered in divide
  acf = avf[: nlags + 1] / avf[0]
/home/yyy/anaconda3/envs/tsclean/lib/python3.9/site-packages/statsmodels/tsa/stattools.py:702: RuntimeWarning: invalid value encountered in divide
  acf = avf[: nlags + 1] / avf[0]
/home/yyy/anaconda3/envs/tsclean/lib/python3.9/site-packages/statsmodels/tsa/stattools.py:702: RuntimeWarning: invalid value encountered in divide
  acf = avf[: nlags + 1] / avf[0]
/home/yyy/anaconda3/envs/tsclean/lib/python3.9/site-packages/statsmodels/tsa/stattools.py:702: RuntimeWarning: invalid value encountered in divide
  acf = avf[: nlags + 1] / avf[0]
/home/yyy/anaconda3/envs/tsclean/lib/python3.9/site-packages/statsmodels/tsa/stattools.py:702: RuntimeWarning: invalid value encountered in divide
  acf = avf[: nlags + 1] / avf[0]
/home/yyy/anaconda3/envs/tsclean/lib/python3.9/site-packages/statsmodels/tsa/stattools.py:702: RuntimeWarning: invalid value encountered in divide
  acf = avf[: nlags + 1] / avf[0]
/home/yyy/anaconda3/envs/tsclean/lib/python3.9/site-packages/statsmodels/tsa/stattools.py:702: RuntimeWarning: invalid value encountered in divide
  acf = avf[: nlags + 1] / avf[0]
/home/yyy/anaconda3/envs/tsclean/lib/python3.9/site-packages/statsmodels/tsa/stattools.py:702: RuntimeWarning: invalid value encountered in divide
  acf = avf[: nlags + 1] / avf[0]
/home/yyy/anaconda3/envs/tsclean/lib/python3.9/site-packages/statsmodels/tsa/stattools.py:702: RuntimeWarning: invalid value encountered in divide
  acf = avf[: nlags + 1] / avf[0]
/home/yyy/anaconda3/envs/tsclean/lib/python3.9/site-packages/statsmodels/tsa/stattools.py:702: RuntimeWarning: invalid value encountered in divide
  acf = avf[: nlags + 1] / avf[0]
/home/yyy/anaconda3/envs/tsclean/lib/python3.9/site-packages/statsmodels/tsa/stattools.py:702: RuntimeWarning: invalid value encountered in divide
  acf = avf[: nlags + 1] / avf[0]
/home/yyy/anaconda3/envs/tsclean/lib/python3.9/site-packages/statsmodels/tsa/stattools.py:702: RuntimeWarning: invalid value encountered in divide
  acf = avf[: nlags + 1] / avf[0]
/home/yyy/anaconda3/envs/tsclean/lib/python3.9/site-packages/statsmodels/tsa/stattools.py:702: RuntimeWarning: invalid value encountered in divide
  acf = avf[: nlags + 1] / avf[0]
/home/yyy/anaconda3/envs/tsclean/lib/python3.9/site-packages/statsmodels/tsa/stattools.py:702: RuntimeWarning: invalid value encountered in divide
  acf = avf[: nlags + 1] / avf[0]
/home/yyy/anaconda3/envs/tsclean/lib/python3.9/site-packages/statsmodels/tsa/stattools.py:702: RuntimeWarning: invalid value encountered in divide
  acf = avf[: nlags + 1] / avf[0]
/home/yyy/anaconda3/envs/tsclean/lib/python3.9/site-packages/statsmodels/tsa/stattools.py:702: RuntimeWarning: invalid value encountered in divide
  acf = avf[: nlags + 1] / avf[0]
/home/yyy/anaconda3/envs/tsclean/lib/python3.9/site-packages/statsmodels/tsa/stattools.py:702: RuntimeWarning: invalid value encountered in divide
  acf = avf[: nlags + 1] / avf[0]
/home/yyy/anaconda3/envs/tsclean/lib/python3.9/site-packages/statsmodels/tsa/stattools.py:702: RuntimeWarning: invalid value encountered in divide
  acf = avf[: nlags + 1] / avf[0]
/home/yyy/anaconda3/envs/tsclean/lib/python3.9/site-packages/statsmodels/tsa/stattools.py:702: RuntimeWarning: invalid value encountered in divide
  acf = avf[: nlags + 1] / avf[0]
/home/yyy/anaconda3/envs/tsclean/lib/python3.9/site-packages/statsmodels/tsa/stattools.py:702: RuntimeWarning: invalid value encountered in divide
  acf = avf[: nlags + 1] / avf[0]
/home/yyy/anaconda3/envs/tsclean/lib/python3.9/site-packages/statsmodels/tsa/stattools.py:702: RuntimeWarning: invalid value encountered in divide
  acf = avf[: nlags + 1] / avf[0]
/home/yyy/anaconda3/envs/tsclean/lib/python3.9/site-packages/statsmodels/tsa/stattools.py:702: RuntimeWarning: invalid value encountered in divide
  acf = avf[: nlags + 1] / avf[0]
/home/yyy/anaconda3/envs/tsclean/lib/python3.9/site-packages/statsmodels/tsa/stattools.py:702: RuntimeWarning: invalid value encountered in divide
  acf = avf[: nlags + 1] / avf[0]
/home/yyy/anaconda3/envs/tsclean/lib/python3.9/site-packages/statsmodels/tsa/stattools.py:702: RuntimeWarning: invalid value encountered in divide
  acf = avf[: nlags + 1] / avf[0]

room-occupancy - SensitiveHUE: 0.6512390389162237
room-occupancy - SensitiveHUE: 0.6512390389162237
room-occupancy - SensorSCAN: (1628, 5), (1628,),[0 1]
SensorSCAN Model initialized on cuda
Stage 1: Autoencoder Pretraining...
  AE Epoch 100/200, Loss: 0.002537
  AE Epoch 200/200, Loss: 0.000797
Stage 2: SCAN Clustering...
  SCAN Epoch 100/200, Loss: 0.005185
  SCAN Epoch 200/200, Loss: 0.001845
SensorSCAN training finished.
room-occupancy - SensorSCAN: 0.5412398821590455
room-occupancy - SensorSCAN: 0.5412398821590455
room-occupancy - CATCH: (1628, 5), (1628,),[0 1]
CATCH Model initialized on cuda
CATCH training finished. Final loss: 2430767.000000
room-occupancy - CATCH: 0.8150059021545537
room-occupancy - CATCH: 0.8150059021545537
room-occupancy - DADA: (1628, 5), (1628,),[0 1]
DADA Model initialized on cuda
DADA: Starting stable dual-decoder training...
  Epoch 100/200, Total Loss: 0.095634, Loss_n: 0.169078, Loss_a: 1.259204
  Epoch 200/200, Total Loss: 0.093811, Loss_n: 0.102745, Loss_a: 0.942710
DADA: Training finished.
room-occupancy - DADA: 0.2802897759943663
room-occupancy - DADA: 0.2802897759943663
Results for room-occupancy written to CSV.
Processing dataset: SMAP_G-7
SMAP_G-7 - Sub_IForest: (4014, 25), (4014,),[0 1]
SMAP_G-7 - Sub_IForest: 0.6317215924697437
SMAP_G-7 - Sub_IForest: 0.6317215924697437
SMAP_G-7 - IForest: (4014, 25), (4014,),[0 1]
SMAP_G-7 - IForest: 0.626987216242472
SMAP_G-7 - IForest: 0.626987216242472
SMAP_G-7 - Sub_LOF: (4014, 25), (4014,),[0 1]
SMAP_G-7 - Sub_LOF: 0.09183520573503426
SMAP_G-7 - Sub_LOF: 0.09183520573503426
SMAP_G-7 - LOF: (4014, 25), (4014,),[0 1]
SMAP_G-7 - LOF: 0.027158815324092485
SMAP_G-7 - LOF: 0.027158815324092485
SMAP_G-7 - Sub_PCA: (4014, 25), (4014,),[0 1]
SMAP_G-7 - Sub_PCA: 0.027158815324092485
SMAP_G-7 - Sub_PCA: 0.027158815324092485
SMAP_G-7 - PCA: (4014, 25), (4014,),[0 1]
SMAP_G-7 - PCA: 0.09894464593655145
SMAP_G-7 - PCA: 0.09894464593655145
SMAP_G-7 - HBOS: (4014, 25), (4014,),[0 1]
SMAP_G-7 - HBOS: 0.1420578937416898
SMAP_G-7 - HBOS: 0.1420578937416898
SMAP_G-7 - Sub_HBOS: (4014, 25), (4014,),[0 1]
SMAP_G-7 - Sub_HBOS: 0.761521632987841
SMAP_G-7 - Sub_HBOS: 0.761521632987841
SMAP_G-7 - KNN: (4014, 25), (4014,),[0 1]
SMAP_G-7 - KNN: 0.027158815324092485
SMAP_G-7 - KNN: 0.027158815324092485
SMAP_G-7 - Sub_KNN: (4014, 25), (4014,),[0 1]
SMAP_G-7 - Sub_KNN: 0.6116309139607967
SMAP_G-7 - Sub_KNN: 0.6116309139607967
SMAP_G-7 - KMeansAD: (4014, 25), (4014,),[0 1]
SMAP_G-7 - KMeansAD: 0.624790397344947
SMAP_G-7 - KMeansAD: 0.624790397344947
SMAP_G-7 - KMeansAD_U: (4014, 25), (4014,),[0 1]
SMAP_G-7 - KMeansAD_U: 0.6498664877896475
SMAP_G-7 - KMeansAD_U: 0.6498664877896475
SMAP_G-7 - COPOD: (4014, 25), (4014,),[0 1]
SMAP_G-7 - COPOD: 0.21981486718862497
SMAP_G-7 - COPOD: 0.21981486718862497
SMAP_G-7 - CBLOF: (4014, 25), (4014,),[0 1]
SMAP_G-7 - CBLOF: 0.21158743098895516
SMAP_G-7 - CBLOF: 0.21158743098895516
SMAP_G-7 - COF: (4014, 25), (4014,),[0 1]
SMAP_G-7 - COF: 0.046422997198862934
SMAP_G-7 - COF: 0.046422997198862934
SMAP_G-7 - EIF: (4014, 25), (4014,),[0 1]
SMAP_G-7 - EIF: 0.15055774721011453
SMAP_G-7 - EIF: 0.15055774721011453
SMAP_G-7 - RobustPCA: (4014, 25), (4014,),[0 1]
iteration: 1, error: 0.3844965999323652
iteration: 59, error: 4.712986804435952e-06
SMAP_G-7 - RobustPCA: 0.020970832214486236
SMAP_G-7 - RobustPCA: 0.020970832214486236
SMAP_G-7 - FFT: (4014, 25), (4014,),[0 1]
SMAP_G-7 - FFT: 0.10407889329138904
SMAP_G-7 - FFT: 0.10407889329138904
SMAP_G-7 - NORMA: (4014, 25), (4014,),[0 1]
SMAP_G-7 - NORMA: 0.13440240652674182
SMAP_G-7 - NORMA: 0.13440240652674182
SMAP_G-7 - MovingAverage: (4014, 25), (4014,),[0 1]
SMAP_G-7 - MovingAverage: 0.06316356774643775
SMAP_G-7 - MovingAverage: 0.06316356774643775
SMAP_G-7 - EWMA: (4014, 25), (4014,),[0 1]
SMAP_G-7 - EWMA: 0.14438548506579002
SMAP_G-7 - EWMA: 0.14438548506579002
SMAP_G-7 - SavGol: (4014, 25), (4014,),[0 1]
SMAP_G-7 - SavGol: 0.0759756400811067
SMAP_G-7 - SavGol: 0.0759756400811067
SMAP_G-7 - Kalman: (4014, 25), (4014,),[0 1]
SMAP_G-7 - Kalman: 0.13000763602776935
SMAP_G-7 - Kalman: 0.13000763602776935
SMAP_G-7 - LOESS: (4014, 25), (4014,),[0 1]
SMAP_G-7 - LOESS: 0.26570550765189815
SMAP_G-7 - LOESS: 0.26570550765189815
SMAP_G-7 - HoltWinters: (4014, 25), (4014,),[0 1]
SMAP_G-7 - HoltWinters: 0.14610378129513613
SMAP_G-7 - HoltWinters: 0.14610378129513613
SMAP_G-7 - RollingMedian: (4014, 25), (4014,),[0 1]
SMAP_G-7 - RollingMedian: 0.027158815324092485
SMAP_G-7 - RollingMedian: 0.027158815324092485
SMAP_G-7 - ZScore: (4014, 25), (4014,),[0 1]
SMAP_G-7 - ZScore: 0.14452481350874097
SMAP_G-7 - ZScore: 0.14452481350874097
SMAP_G-7 - MAD: (4014, 25), (4014,),[0 1]
SMAP_G-7 - MAD: 0.21189788744979846
SMAP_G-7 - MAD: 0.21189788744979846
SMAP_G-7 - IQR: (4014, 25), (4014,),[0 1]
SMAP_G-7 - IQR: 0.08988467627914193
SMAP_G-7 - IQR: 0.08988467627914193
SMAP_G-7 - Mahalanobis: (4014, 25), (4014,),[0 1]
SMAP_G-7 - Mahalanobis: 0.1397461264297959
SMAP_G-7 - Mahalanobis: 0.1397461264297959
SMAP_G-7 - HotellingT2: (4014, 25), (4014,),[0 1]
SMAP_G-7 - HotellingT2: 0.1397461264297959
SMAP_G-7 - HotellingT2: 0.1397461264297959
SMAP_G-7 - PCAStat: (4014, 25), (4014,),[0 1]
SMAP_G-7 - PCAStat: 0.08331068578866198
SMAP_G-7 - PCAStat: 0.08331068578866198
SMAP_G-7 - KDE: (4014, 25), (4014,),[0 1]
SMAP_G-7 - KDE: 0.08573207937962976
SMAP_G-7 - KDE: 0.08573207937962976
SMAP_G-7 - GMM: (4014, 25), (4014,),[0 1]
SMAP_G-7 - GMM: 0.1454072787963686
SMAP_G-7 - GMM: 0.1454072787963686
SMAP_G-7 - SARAD: (4014, 25), (4014,),[0 1]
SARAD Model initialized on cuda
SARAD training finished. Final loss: 0.000667
SMAP_G-7 - SARAD: 0.016773556230452215
SMAP_G-7 - SARAD: 0.016773556230452215
SMAP_G-7 - SensitiveHUE: (4014, 25), (4014,),[0 1]
SensitiveHUE Model initialized on cuda
Epoch 100/200, Avg NLL Loss: -5.4991
Epoch 200/200, Avg NLL Loss: -5.7998
SensitiveHUE training finished.
SMAP_G-7 - SensitiveHUE: 0.3986038296458189
SMAP_G-7 - SensitiveHUE: 0.3986038296458189
SMAP_G-7 - SensorSCAN: (4014, 25), (4014,),[0 1]
SensorSCAN Model initialized on cuda
Stage 1: Autoencoder Pretraining...
  AE Epoch 100/200, Loss: 0.007744
  AE Epoch 200/200, Loss: 0.002403
Stage 2: SCAN Clustering...
  SCAN Epoch 100/200, Loss: 0.000607
  SCAN Epoch 200/200, Loss: 0.000838
SensorSCAN training finished.
SMAP_G-7 - SensorSCAN: 0.10291794540756148
SMAP_G-7 - SensorSCAN: 0.10291794540756148
SMAP_G-7 - CATCH: (4014, 25), (4014,),[0 1]
CATCH Model initialized on cuda
CATCH training finished. Final loss: 1.530813
SMAP_G-7 - CATCH: 0.015545786543496011
SMAP_G-7 - CATCH: 0.015545786543496011
SMAP_G-7 - DADA: (4014, 25), (4014,),[0 1]
DADA Model initialized on cuda
DADA: Starting stable dual-decoder training...
  Epoch 100/200, Total Loss: 0.356390, Loss_n: 0.076919, Loss_a: 0.581493
  Epoch 200/200, Total Loss: 0.358492, Loss_n: 1.008412, Loss_a: 1.789786
DADA: Training finished.
SMAP_G-7 - DADA: 0.38075526319848196
SMAP_G-7 - DADA: 0.38075526319848196
Results for SMAP_G-7 written to CSV.
Processing dataset: SMD_machine-1-2
SMD_machine-1-2 - Sub_IForest: (3286, 38), (3286,),[0 1]
SMD_machine-1-2 - Sub_IForest: 0.3465637204680547
SMD_machine-1-2 - Sub_IForest: 0.3465637204680547
SMD_machine-1-2 - IForest: (3286, 38), (3286,),[0 1]
SMD_machine-1-2 - IForest: 0.33378471720716724
SMD_machine-1-2 - IForest: 0.33378471720716724
SMD_machine-1-2 - Sub_LOF: (3286, 38), (3286,),[0 1]
SMD_machine-1-2 - Sub_LOF: 0.36515578678299726
SMD_machine-1-2 - Sub_LOF: 0.36515578678299726
SMD_machine-1-2 - LOF: (3286, 38), (3286,),[0 1]
SMD_machine-1-2 - LOF: 0.1799195139904169
SMD_machine-1-2 - LOF: 0.1799195139904169
SMD_machine-1-2 - Sub_PCA: (3286, 38), (3286,),[0 1]
SMD_machine-1-2 - Sub_PCA: 0.7514568499136839
SMD_machine-1-2 - Sub_PCA: 0.7514568499136839
SMD_machine-1-2 - PCA: (3286, 38), (3286,),[0 1]
SMD_machine-1-2 - PCA: 0.7514512885777596
SMD_machine-1-2 - PCA: 0.7514512885777596
SMD_machine-1-2 - HBOS: (3286, 38), (3286,),[0 1]
SMD_machine-1-2 - HBOS: 0.27356447237980486
SMD_machine-1-2 - HBOS: 0.27356447237980486
SMD_machine-1-2 - Sub_HBOS: (3286, 38), (3286,),[0 1]
SMD_machine-1-2 - Sub_HBOS: 0.3803834865197694
SMD_machine-1-2 - Sub_HBOS: 0.3803834865197694
/home/yyy/anaconda3/envs/tsclean/lib/python3.9/site-packages/statsmodels/tsa/stattools.py:702: RuntimeWarning: invalid value encountered in divide
  acf = avf[: nlags + 1] / avf[0]
/home/yyy/anaconda3/envs/tsclean/lib/python3.9/site-packages/statsmodels/tsa/stattools.py:702: RuntimeWarning: invalid value encountered in divide
  acf = avf[: nlags + 1] / avf[0]
/home/yyy/anaconda3/envs/tsclean/lib/python3.9/site-packages/statsmodels/tsa/stattools.py:702: RuntimeWarning: invalid value encountered in divide
  acf = avf[: nlags + 1] / avf[0]
/home/yyy/anaconda3/envs/tsclean/lib/python3.9/site-packages/statsmodels/tsa/stattools.py:702: RuntimeWarning: invalid value encountered in divide
  acf = avf[: nlags + 1] / avf[0]
/home/yyy/anaconda3/envs/tsclean/lib/python3.9/site-packages/statsmodels/tsa/stattools.py:702: RuntimeWarning: invalid value encountered in divide
  acf = avf[: nlags + 1] / avf[0]
/home/yyy/anaconda3/envs/tsclean/lib/python3.9/site-packages/statsmodels/tsa/stattools.py:702: RuntimeWarning: invalid value encountered in divide
  acf = avf[: nlags + 1] / avf[0]
/home/yyy/anaconda3/envs/tsclean/lib/python3.9/site-packages/statsmodels/tsa/stattools.py:702: RuntimeWarning: invalid value encountered in divide
  acf = avf[: nlags + 1] / avf[0]
/home/yyy/anaconda3/envs/tsclean/lib/python3.9/site-packages/statsmodels/tsa/stattools.py:702: RuntimeWarning: invalid value encountered in divide
  acf = avf[: nlags + 1] / avf[0]
/home/yyy/anaconda3/envs/tsclean/lib/python3.9/site-packages/statsmodels/tsa/stattools.py:702: RuntimeWarning: invalid value encountered in divide
  acf = avf[: nlags + 1] / avf[0]
/home/yyy/anaconda3/envs/tsclean/lib/python3.9/site-packages/statsmodels/tsa/stattools.py:702: RuntimeWarning: invalid value encountered in divide
  acf = avf[: nlags + 1] / avf[0]
/home/yyy/anaconda3/envs/tsclean/lib/python3.9/site-packages/statsmodels/tsa/stattools.py:702: RuntimeWarning: invalid value encountered in divide
  acf = avf[: nlags + 1] / avf[0]
/home/yyy/anaconda3/envs/tsclean/lib/python3.9/site-packages/sklearn/metrics/_classification.py:1565: UndefinedMetricWarning: Precision is ill-defined and being set to 0.0 due to no predicted samples. Use `zero_division` parameter to control this behavior.
  _warn_prf(average, modifier, f"{metric.capitalize()} is", len(result))
/home/yyy/anaconda3/envs/tsclean/lib/python3.9/site-packages/statsmodels/tsa/stattools.py:702: RuntimeWarning: invalid value encountered in divide
  acf = avf[: nlags + 1] / avf[0]
/home/yyy/anaconda3/envs/tsclean/lib/python3.9/site-packages/statsmodels/tsa/stattools.py:702: RuntimeWarning: invalid value encountered in divide
  acf = avf[: nlags + 1] / avf[0]
/home/yyy/anaconda3/envs/tsclean/lib/python3.9/site-packages/statsmodels/tsa/stattools.py:702: RuntimeWarning: invalid value encountered in divide
  acf = avf[: nlags + 1] / avf[0]
/home/yyy/anaconda3/envs/tsclean/lib/python3.9/site-packages/statsmodels/tsa/stattools.py:702: RuntimeWarning: invalid value encountered in divide
  acf = avf[: nlags + 1] / avf[0]
/home/yyy/anaconda3/envs/tsclean/lib/python3.9/site-packages/statsmodels/tsa/stattools.py:702: RuntimeWarning: invalid value encountered in divide
  acf = avf[: nlags + 1] / avf[0]
/home/yyy/anaconda3/envs/tsclean/lib/python3.9/site-packages/statsmodels/tsa/stattools.py:702: RuntimeWarning: invalid value encountered in divide
  acf = avf[: nlags + 1] / avf[0]
/home/yyy/anaconda3/envs/tsclean/lib/python3.9/site-packages/statsmodels/tsa/stattools.py:702: RuntimeWarning: invalid value encountered in divide
  acf = avf[: nlags + 1] / avf[0]
/home/yyy/anaconda3/envs/tsclean/lib/python3.9/site-packages/statsmodels/tsa/stattools.py:702: RuntimeWarning: invalid value encountered in divide
  acf = avf[: nlags + 1] / avf[0]
/home/yyy/anaconda3/envs/tsclean/lib/python3.9/site-packages/statsmodels/tsa/stattools.py:702: RuntimeWarning: invalid value encountered in divide
  acf = avf[: nlags + 1] / avf[0]
/home/yyy/anaconda3/envs/tsclean/lib/python3.9/site-packages/statsmodels/tsa/stattools.py:702: RuntimeWarning: invalid value encountered in divide
  acf = avf[: nlags + 1] / avf[0]
/home/yyy/anaconda3/envs/tsclean/lib/python3.9/site-packages/sklearn/metrics/_classification.py:1565: UndefinedMetricWarning: Precision is ill-defined and being set to 0.0 due to no predicted samples. Use `zero_division` parameter to control this behavior.
  _warn_prf(average, modifier, f"{metric.capitalize()} is", len(result))
/home/yyy/anaconda3/envs/tsclean/lib/python3.9/site-packages/statsmodels/tsa/stattools.py:702: RuntimeWarning: invalid value encountered in divide
  acf = avf[: nlags + 1] / avf[0]
/home/yyy/anaconda3/envs/tsclean/lib/python3.9/site-packages/statsmodels/tsa/stattools.py:702: RuntimeWarning: invalid value encountered in divide
  acf = avf[: nlags + 1] / avf[0]
/home/yyy/anaconda3/envs/tsclean/lib/python3.9/site-packages/statsmodels/tsa/stattools.py:702: RuntimeWarning: invalid value encountered in divide
  acf = avf[: nlags + 1] / avf[0]
/home/yyy/anaconda3/envs/tsclean/lib/python3.9/site-packages/statsmodels/tsa/stattools.py:702: RuntimeWarning: invalid value encountered in divide
  acf = avf[: nlags + 1] / avf[0]
/home/yyy/anaconda3/envs/tsclean/lib/python3.9/site-packages/statsmodels/tsa/stattools.py:702: RuntimeWarning: invalid value encountered in divide
  acf = avf[: nlags + 1] / avf[0]
/home/yyy/anaconda3/envs/tsclean/lib/python3.9/site-packages/statsmodels/tsa/stattools.py:702: RuntimeWarning: invalid value encountered in divide
  acf = avf[: nlags + 1] / avf[0]
/home/yyy/anaconda3/envs/tsclean/lib/python3.9/site-packages/statsmodels/tsa/stattools.py:702: RuntimeWarning: invalid value encountered in divide
  acf = avf[: nlags + 1] / avf[0]
/home/yyy/anaconda3/envs/tsclean/lib/python3.9/site-packages/statsmodels/tsa/stattools.py:702: RuntimeWarning: invalid value encountered in divide
  acf = avf[: nlags + 1] / avf[0]
/home/yyy/anaconda3/envs/tsclean/lib/python3.9/site-packages/sklearn/metrics/_classification.py:1565: UndefinedMetricWarning: Precision is ill-defined and being set to 0.0 due to no predicted samples. Use `zero_division` parameter to control this behavior.
  _warn_prf(average, modifier, f"{metric.capitalize()} is", len(result))
/home/yyy/anaconda3/envs/tsclean/lib/python3.9/site-packages/statsmodels/tsa/stattools.py:702: RuntimeWarning: invalid value encountered in divide
  acf = avf[: nlags + 1] / avf[0]
/home/yyy/anaconda3/envs/tsclean/lib/python3.9/site-packages/statsmodels/tsa/stattools.py:702: RuntimeWarning: invalid value encountered in divide
  acf = avf[: nlags + 1] / avf[0]
/home/yyy/anaconda3/envs/tsclean/lib/python3.9/site-packages/sklearn/metrics/_classification.py:1565: UndefinedMetricWarning: Precision is ill-defined and being set to 0.0 due to no predicted samples. Use `zero_division` parameter to control this behavior.
  _warn_prf(average, modifier, f"{metric.capitalize()} is", len(result))
/home/yyy/anaconda3/envs/tsclean/lib/python3.9/site-packages/sklearn/metrics/_classification.py:1565: UndefinedMetricWarning: Precision is ill-defined and being set to 0.0 due to no predicted samples. Use `zero_division` parameter to control this behavior.
  _warn_prf(average, modifier, f"{metric.capitalize()} is", len(result))
SMD_machine-1-2 - KNN: (3286, 38), (3286,),[0 1]
SMD_machine-1-2 - KNN: 0.3635947351785728
SMD_machine-1-2 - KNN: 0.3635947351785728
SMD_machine-1-2 - Sub_KNN: (3286, 38), (3286,),[0 1]
SMD_machine-1-2 - Sub_KNN: 0.5316420144841094
SMD_machine-1-2 - Sub_KNN: 0.5316420144841094
SMD_machine-1-2 - KMeansAD: (3286, 38), (3286,),[0 1]
SMD_machine-1-2 - KMeansAD: 0.3908649774875608
SMD_machine-1-2 - KMeansAD: 0.3908649774875608
SMD_machine-1-2 - KMeansAD_U: (3286, 38), (3286,),[0 1]
SMD_machine-1-2 - KMeansAD_U: 0.4633738161797448
SMD_machine-1-2 - KMeansAD_U: 0.4633738161797448
SMD_machine-1-2 - COPOD: (3286, 38), (3286,),[0 1]
SMD_machine-1-2 - COPOD: 0.23605777116406204
SMD_machine-1-2 - COPOD: 0.23605777116406204
SMD_machine-1-2 - CBLOF: (3286, 38), (3286,),[0 1]
SMD_machine-1-2 - CBLOF: 0.32809845440882657
SMD_machine-1-2 - CBLOF: 0.32809845440882657
SMD_machine-1-2 - COF: (3286, 38), (3286,),[0 1]
SMD_machine-1-2 - COF: 0.1622024498979671
SMD_machine-1-2 - COF: 0.1622024498979671
SMD_machine-1-2 - EIF: (3286, 38), (3286,),[0 1]
SMD_machine-1-2 - EIF: 0.33804714790956497
SMD_machine-1-2 - EIF: 0.33804714790956497
SMD_machine-1-2 - RobustPCA: (3286, 38), (3286,),[0 1]
iteration: 1, error: 0.23163079439507672
iteration: 100, error: 0.006799914294980256
iteration: 200, error: 0.0012975005175881356
iteration: 300, error: 0.0008426042797284578
iteration: 400, error: 0.0010031313045644424
iteration: 500, error: 0.0007078531579998505
iteration: 600, error: 0.00034606397104157866
iteration: 700, error: 0.0002871011442918591
iteration: 800, error: 0.0003846740632604415
iteration: 900, error: 0.0001438286987079401
iteration: 1000, error: 0.0001225525180671732
SMD_machine-1-2 - RobustPCA: 0.22446676757124143
SMD_machine-1-2 - RobustPCA: 0.22446676757124143
SMD_machine-1-2 - FFT: (3286, 38), (3286,),[0 1]
SMD_machine-1-2 - FFT: 0.14432698925053863
SMD_machine-1-2 - FFT: 0.14432698925053863
SMD_machine-1-2 - NORMA: (3286, 38), (3286,),[0 1]
SMD_machine-1-2 - NORMA: 0.20825094426219798
SMD_machine-1-2 - NORMA: 0.20825094426219798
SMD_machine-1-2 - MovingAverage: (3286, 38), (3286,),[0 1]
SMD_machine-1-2 - MovingAverage: 0.14469767342108247
SMD_machine-1-2 - MovingAverage: 0.14469767342108247
SMD_machine-1-2 - EWMA: (3286, 38), (3286,),[0 1]
SMD_machine-1-2 - EWMA: 0.14997552600206374
SMD_machine-1-2 - EWMA: 0.14997552600206374
SMD_machine-1-2 - SavGol: (3286, 38), (3286,),[0 1]
SMD_machine-1-2 - SavGol: 0.16186654772490217
SMD_machine-1-2 - SavGol: 0.16186654772490217
SMD_machine-1-2 - Kalman: (3286, 38), (3286,),[0 1]
SMD_machine-1-2 - Kalman: 0.13953806510437816
SMD_machine-1-2 - Kalman: 0.13953806510437816
SMD_machine-1-2 - LOESS: (3286, 38), (3286,),[0 1]
SMD_machine-1-2 - LOESS: 0.23827784537646735
SMD_machine-1-2 - LOESS: 0.23827784537646735
SMD_machine-1-2 - HoltWinters: (3286, 38), (3286,),[0 1]
SMD_machine-1-2 - HoltWinters: 0.15826372315614384
SMD_machine-1-2 - HoltWinters: 0.15826372315614384
SMD_machine-1-2 - RollingMedian: (3286, 38), (3286,),[0 1]
SMD_machine-1-2 - RollingMedian: 0.12449050203528055
SMD_machine-1-2 - RollingMedian: 0.12449050203528055
SMD_machine-1-2 - ZScore: (3286, 38), (3286,),[0 1]
SMD_machine-1-2 - ZScore: 0.31930733275717677
SMD_machine-1-2 - ZScore: 0.31930733275717677
SMD_machine-1-2 - MAD: (3286, 38), (3286,),[0 1]
SMD_machine-1-2 - MAD: 0.2437169500174813
SMD_machine-1-2 - MAD: 0.2437169500174813
SMD_machine-1-2 - IQR: (3286, 38), (3286,),[0 1]
SMD_machine-1-2 - IQR: 0.12960417433350208
SMD_machine-1-2 - IQR: 0.12960417433350208
SMD_machine-1-2 - Mahalanobis: (3286, 38), (3286,),[0 1]
SMD_machine-1-2 - Mahalanobis: 0.3246953998495956
SMD_machine-1-2 - Mahalanobis: 0.3246953998495956
SMD_machine-1-2 - HotellingT2: (3286, 38), (3286,),[0 1]
SMD_machine-1-2 - HotellingT2: 0.3246953998495956
SMD_machine-1-2 - HotellingT2: 0.3246953998495956
SMD_machine-1-2 - PCAStat: (3286, 38), (3286,),[0 1]
SMD_machine-1-2 - PCAStat: 0.31179453429454157
SMD_machine-1-2 - PCAStat: 0.31179453429454157
SMD_machine-1-2 - KDE: (3286, 38), (3286,),[0 1]
SMD_machine-1-2 - KDE: 0.44150078191371767
SMD_machine-1-2 - KDE: 0.44150078191371767
SMD_machine-1-2 - GMM: (3286, 38), (3286,),[0 1]
SMD_machine-1-2 - GMM: 0.3361319377750058
SMD_machine-1-2 - GMM: 0.3361319377750058
SMD_machine-1-2 - SARAD: (3286, 38), (3286,),[0 1]
SARAD Model initialized on cuda
SARAD training finished. Final loss: 0.012438
SMD_machine-1-2 - SARAD: 0.2878788333912744
SMD_machine-1-2 - SARAD: 0.2878788333912744
SMD_machine-1-2 - SensitiveHUE: (3286, 38), (3286,),[0 1]
SensitiveHUE Model initialized on cuda
Epoch 100/200, Avg NLL Loss: -5.1692
Epoch 200/200, Avg NLL Loss: -5.4891
SensitiveHUE training finished.
SMD_machine-1-2 - SensitiveHUE: 0.4025736915838171
SMD_machine-1-2 - SensitiveHUE: 0.4025736915838171
SMD_machine-1-2 - SensorSCAN: (3286, 38), (3286,),[0 1]
SensorSCAN Model initialized on cuda
Stage 1: Autoencoder Pretraining...
  AE Epoch 100/200, Loss: 0.045379
  AE Epoch 200/200, Loss: 0.031547
Stage 2: SCAN Clustering...
  SCAN Epoch 100/200, Loss: nan
  SCAN Epoch 200/200, Loss: nan
SensorSCAN training finished.
SMD_machine-1-2 - SensorSCAN: 0.07670076438748266
SMD_machine-1-2 - SensorSCAN: 0.07670076438748266
SMD_machine-1-2 - CATCH: (3286, 38), (3286,),[0 1]
CATCH Model initialized on cuda
CATCH training finished. Final loss: 1.585722
SMD_machine-1-2 - CATCH: 0.4683274490027754
SMD_machine-1-2 - CATCH: 0.4683274490027754
SMD_machine-1-2 - DADA: (3286, 38), (3286,),[0 1]
DADA Model initialized on cuda
DADA: Starting stable dual-decoder training...
  Epoch 100/200, Total Loss: 0.555521, Loss_n: 0.897520, Loss_a: 1.285510
  Epoch 200/200, Total Loss: 0.540278, Loss_n: 0.415154, Loss_a: 0.731305
DADA: Training finished.
SMD_machine-1-2 - DADA: 0.04245794012473778
SMD_machine-1-2 - DADA: 0.04245794012473778
Results for SMD_machine-1-2 written to CSV.
Processing dataset: SVDB_892
SVDB_892 - Sub_IForest: (20000, 2), (20000,),[0 1]
SVDB_892 - Sub_IForest: 0.8647767346503145
SVDB_892 - Sub_IForest: 0.8647767346503145
SVDB_892 - IForest: (20000, 2), (20000,),[0 1]
SVDB_892 - IForest: 0.64767367094693
SVDB_892 - IForest: 0.64767367094693
SVDB_892 - Sub_LOF: (20000, 2), (20000,),[0 1]
SVDB_892 - Sub_LOF: 0.6254806401085053
SVDB_892 - Sub_LOF: 0.6254806401085053
SVDB_892 - LOF: (20000, 2), (20000,),[0 1]
SVDB_892 - LOF: 0.6351783818736527
SVDB_892 - LOF: 0.6351783818736527
SVDB_892 - Sub_PCA: (20000, 2), (20000,),[0 1]
SVDB_892 - Sub_PCA: 0.8441211790193632
SVDB_892 - Sub_PCA: 0.8441211790193632
SVDB_892 - PCA: (20000, 2), (20000,),[0 1]
SVDB_892 - PCA: 0.739519861269221
SVDB_892 - PCA: 0.739519861269221
SVDB_892 - HBOS: (20000, 2), (20000,),[0 1]
SVDB_892 - HBOS: 0.6128933665416356
SVDB_892 - HBOS: 0.6128933665416356
SVDB_892 - Sub_HBOS: (20000, 2), (20000,),[0 1]
SVDB_892 - Sub_HBOS: 0.8267075073148171
SVDB_892 - Sub_HBOS: 0.8267075073148171
SVDB_892 - KNN: (20000, 2), (20000,),[0 1]
SVDB_892 - KNN: 0.6366685181762385
SVDB_892 - KNN: 0.6366685181762385
SVDB_892 - Sub_KNN: (20000, 2), (20000,),[0 1]
SVDB_892 - Sub_KNN: 0.5503647085688046
SVDB_892 - Sub_KNN: 0.5503647085688046
SVDB_892 - KMeansAD: (20000, 2), (20000,),[0 1]
SVDB_892 - KMeansAD: 0.6232607025786341
SVDB_892 - KMeansAD: 0.6232607025786341
SVDB_892 - KMeansAD_U: (20000, 2), (20000,),[0 1]
SVDB_892 - KMeansAD_U: 0.6196281072467279
SVDB_892 - KMeansAD_U: 0.6196281072467279
SVDB_892 - COPOD: (20000, 2), (20000,),[0 1]
SVDB_892 - COPOD: 0.6221779015013104
SVDB_892 - COPOD: 0.6221779015013104
SVDB_892 - CBLOF: (20000, 2), (20000,),[0 1]
SVDB_892 - CBLOF: 0.6287009950974624
SVDB_892 - CBLOF: 0.6287009950974624
SVDB_892 - COF: (20000, 2), (20000,),[0 1]
SVDB_892 - COF: 0.6372256249692513
SVDB_892 - COF: 0.6372256249692513
SVDB_892 - EIF: (20000, 2), (20000,),[0 1]
SVDB_892 - EIF: 0.637293774425475
SVDB_892 - EIF: 0.637293774425475
SVDB_892 - RobustPCA: (20000, 2), (20000,),[0 1]
iteration: 1, error: 0.605067015538941
iteration: 100, error: 0.005524976200998967
iteration: 200, error: 0.004517025936370114
iteration: 300, error: 0.005861190100214216
iteration: 400, error: 0.0018039753616652051
iteration: 500, error: 0.004144716452052071
iteration: 600, error: 0.00021065865661107258
/home/yyy/anaconda3/envs/tsclean/lib/python3.9/site-packages/sklearn/metrics/_classification.py:1565: UndefinedMetricWarning: Precision is ill-defined and being set to 0.0 due to no predicted samples. Use `zero_division` parameter to control this behavior.
  _warn_prf(average, modifier, f"{metric.capitalize()} is", len(result))
/home/yyy/anaconda3/envs/tsclean/lib/python3.9/site-packages/sklearn/metrics/_classification.py:1565: UndefinedMetricWarning: Precision is ill-defined and being set to 0.0 due to no predicted samples. Use `zero_division` parameter to control this behavior.
  _warn_prf(average, modifier, f"{metric.capitalize()} is", len(result))
/home/yyy/anaconda3/envs/tsclean/lib/python3.9/site-packages/sklearn/metrics/_classification.py:1565: UndefinedMetricWarning: Precision is ill-defined and being set to 0.0 due to no predicted samples. Use `zero_division` parameter to control this behavior.
  _warn_prf(average, modifier, f"{metric.capitalize()} is", len(result))
/home/yyy/anaconda3/envs/tsclean/lib/python3.9/site-packages/sklearn/metrics/_classification.py:1565: UndefinedMetricWarning: Precision is ill-defined and being set to 0.0 due to no predicted samples. Use `zero_division` parameter to control this behavior.
  _warn_prf(average, modifier, f"{metric.capitalize()} is", len(result))
/home/yyy/anaconda3/envs/tsclean/lib/python3.9/site-packages/sklearn/metrics/_classification.py:1565: UndefinedMetricWarning: Precision is ill-defined and being set to 0.0 due to no predicted samples. Use `zero_division` parameter to control this behavior.
  _warn_prf(average, modifier, f"{metric.capitalize()} is", len(result))
/home/yyy/anaconda3/envs/tsclean/lib/python3.9/site-packages/statsmodels/tsa/stattools.py:702: RuntimeWarning: invalid value encountered in divide
  acf = avf[: nlags + 1] / avf[0]
/home/yyy/anaconda3/envs/tsclean/lib/python3.9/site-packages/statsmodels/tsa/stattools.py:702: RuntimeWarning: invalid value encountered in divide
  acf = avf[: nlags + 1] / avf[0]
/home/yyy/anaconda3/envs/tsclean/lib/python3.9/site-packages/statsmodels/tsa/stattools.py:702: RuntimeWarning: invalid value encountered in divide
  acf = avf[: nlags + 1] / avf[0]
/home/yyy/anaconda3/envs/tsclean/lib/python3.9/site-packages/statsmodels/tsa/stattools.py:702: RuntimeWarning: invalid value encountered in divide
  acf = avf[: nlags + 1] / avf[0]
/home/yyy/anaconda3/envs/tsclean/lib/python3.9/site-packages/statsmodels/tsa/stattools.py:702: RuntimeWarning: invalid value encountered in divide
  acf = avf[: nlags + 1] / avf[0]
/home/yyy/anaconda3/envs/tsclean/lib/python3.9/site-packages/statsmodels/tsa/stattools.py:702: RuntimeWarning: invalid value encountered in divide
  acf = avf[: nlags + 1] / avf[0]
/home/yyy/anaconda3/envs/tsclean/lib/python3.9/site-packages/statsmodels/tsa/stattools.py:702: RuntimeWarning: invalid value encountered in divide
  acf = avf[: nlags + 1] / avf[0]
/home/yyy/anaconda3/envs/tsclean/lib/python3.9/site-packages/statsmodels/tsa/stattools.py:702: RuntimeWarning: invalid value encountered in divide
  acf = avf[: nlags + 1] / avf[0]
/home/yyy/anaconda3/envs/tsclean/lib/python3.9/site-packages/statsmodels/tsa/stattools.py:702: RuntimeWarning: invalid value encountered in divide
  acf = avf[: nlags + 1] / avf[0]
/home/yyy/anaconda3/envs/tsclean/lib/python3.9/site-packages/statsmodels/tsa/stattools.py:702: RuntimeWarning: invalid value encountered in divide
  acf = avf[: nlags + 1] / avf[0]
/home/yyy/anaconda3/envs/tsclean/lib/python3.9/site-packages/statsmodels/tsa/stattools.py:702: RuntimeWarning: invalid value encountered in divide
  acf = avf[: nlags + 1] / avf[0]
/home/yyy/anaconda3/envs/tsclean/lib/python3.9/site-packages/statsmodels/tsa/stattools.py:702: RuntimeWarning: invalid value encountered in divide
  acf = avf[: nlags + 1] / avf[0]
/home/yyy/anaconda3/envs/tsclean/lib/python3.9/site-packages/statsmodels/tsa/stattools.py:702: RuntimeWarning: invalid value encountered in divide
  acf = avf[: nlags + 1] / avf[0]
/home/yyy/anaconda3/envs/tsclean/lib/python3.9/site-packages/statsmodels/tsa/stattools.py:702: RuntimeWarning: invalid value encountered in divide
  acf = avf[: nlags + 1] / avf[0]
/home/yyy/anaconda3/envs/tsclean/lib/python3.9/site-packages/statsmodels/tsa/stattools.py:702: RuntimeWarning: invalid value encountered in divide
  acf = avf[: nlags + 1] / avf[0]
/home/yyy/anaconda3/envs/tsclean/lib/python3.9/site-packages/statsmodels/tsa/stattools.py:702: RuntimeWarning: invalid value encountered in divide
  acf = avf[: nlags + 1] / avf[0]
/home/yyy/anaconda3/envs/tsclean/lib/python3.9/site-packages/statsmodels/tsa/stattools.py:702: RuntimeWarning: invalid value encountered in divide
  acf = avf[: nlags + 1] / avf[0]
/home/yyy/anaconda3/envs/tsclean/lib/python3.9/site-packages/statsmodels/tsa/stattools.py:702: RuntimeWarning: invalid value encountered in divide
  acf = avf[: nlags + 1] / avf[0]
/home/yyy/anaconda3/envs/tsclean/lib/python3.9/site-packages/statsmodels/tsa/stattools.py:702: RuntimeWarning: invalid value encountered in divide
  acf = avf[: nlags + 1] / avf[0]
/home/yyy/anaconda3/envs/tsclean/lib/python3.9/site-packages/statsmodels/tsa/stattools.py:702: RuntimeWarning: invalid value encountered in divide
  acf = avf[: nlags + 1] / avf[0]
/home/yyy/anaconda3/envs/tsclean/lib/python3.9/site-packages/statsmodels/tsa/stattools.py:702: RuntimeWarning: invalid value encountered in divide
  acf = avf[: nlags + 1] / avf[0]
/home/yyy/anaconda3/envs/tsclean/lib/python3.9/site-packages/statsmodels/tsa/stattools.py:702: RuntimeWarning: invalid value encountered in divide
  acf = avf[: nlags + 1] / avf[0]
/home/yyy/anaconda3/envs/tsclean/lib/python3.9/site-packages/statsmodels/tsa/stattools.py:702: RuntimeWarning: invalid value encountered in divide
  acf = avf[: nlags + 1] / avf[0]
/home/yyy/anaconda3/envs/tsclean/lib/python3.9/site-packages/statsmodels/tsa/stattools.py:702: RuntimeWarning: invalid value encountered in divide
  acf = avf[: nlags + 1] / avf[0]
/home/yyy/anaconda3/envs/tsclean/lib/python3.9/site-packages/statsmodels/tsa/stattools.py:702: RuntimeWarning: invalid value encountered in divide
  acf = avf[: nlags + 1] / avf[0]
/home/yyy/anaconda3/envs/tsclean/lib/python3.9/site-packages/statsmodels/tsa/stattools.py:702: RuntimeWarning: invalid value encountered in divide
  acf = avf[: nlags + 1] / avf[0]
/home/yyy/anaconda3/envs/tsclean/lib/python3.9/site-packages/statsmodels/tsa/stattools.py:702: RuntimeWarning: invalid value encountered in divide
  acf = avf[: nlags + 1] / avf[0]
/home/yyy/anaconda3/envs/tsclean/lib/python3.9/site-packages/statsmodels/tsa/stattools.py:702: RuntimeWarning: invalid value encountered in divide
  acf = avf[: nlags + 1] / avf[0]
/home/yyy/anaconda3/envs/tsclean/lib/python3.9/site-packages/statsmodels/tsa/stattools.py:702: RuntimeWarning: invalid value encountered in divide
  acf = avf[: nlags + 1] / avf[0]
/home/yyy/anaconda3/envs/tsclean/lib/python3.9/site-packages/sklearn/metrics/_classification.py:1565: UndefinedMetricWarning: Precision is ill-defined and being set to 0.0 due to no predicted samples. Use `zero_division` parameter to control this behavior.
  _warn_prf(average, modifier, f"{metric.capitalize()} is", len(result))
/home/yyy/anaconda3/envs/tsclean/lib/python3.9/site-packages/statsmodels/tsa/stattools.py:702: RuntimeWarning: invalid value encountered in divide
  acf = avf[: nlags + 1] / avf[0]
/home/yyy/anaconda3/envs/tsclean/lib/python3.9/site-packages/statsmodels/tsa/stattools.py:702: RuntimeWarning: invalid value encountered in divide
  acf = avf[: nlags + 1] / avf[0]
/home/yyy/anaconda3/envs/tsclean/lib/python3.9/site-packages/statsmodels/tsa/stattools.py:702: RuntimeWarning: invalid value encountered in divide
  acf = avf[: nlags + 1] / avf[0]
iteration: 700, error: 0.001178105051185467
iteration: 800, error: 2.2174372956117983e-05
iteration: 866, error: 1.0425413144735932e-05
SVDB_892 - RobustPCA: 0.6697338216046309
SVDB_892 - RobustPCA: 0.6697338216046309
SVDB_892 - FFT: (20000, 2), (20000,),[0 1]
SVDB_892 - FFT: 0.6042448708615419
SVDB_892 - FFT: 0.6042448708615419
SVDB_892 - NORMA: (20000, 2), (20000,),[0 1]
SVDB_892 - NORMA: 0.6125404378759302
SVDB_892 - NORMA: 0.6125404378759302
SVDB_892 - MovingAverage: (20000, 2), (20000,),[0 1]
SVDB_892 - MovingAverage: 0.6262961289519527
SVDB_892 - MovingAverage: 0.6262961289519527
SVDB_892 - EWMA: (20000, 2), (20000,),[0 1]
SVDB_892 - EWMA: 0.6680558699508066
SVDB_892 - EWMA: 0.6680558699508066
SVDB_892 - SavGol: (20000, 2), (20000,),[0 1]
SVDB_892 - SavGol: 0.6240576032488103
SVDB_892 - SavGol: 0.6240576032488103
SVDB_892 - Kalman: (20000, 2), (20000,),[0 1]
SVDB_892 - Kalman: 0.655181044033705
SVDB_892 - Kalman: 0.655181044033705
SVDB_892 - LOESS: (20000, 2), (20000,),[0 1]
SVDB_892 - LOESS: 0.690671779668593
SVDB_892 - LOESS: 0.690671779668593
SVDB_892 - HoltWinters: (20000, 2), (20000,),[0 1]
SVDB_892 - HoltWinters: 0.6856516276278192
SVDB_892 - HoltWinters: 0.6856516276278192
SVDB_892 - RollingMedian: (20000, 2), (20000,),[0 1]
SVDB_892 - RollingMedian: 0.6137810132516078
SVDB_892 - RollingMedian: 0.6137810132516078
SVDB_892 - ZScore: (20000, 2), (20000,),[0 1]
SVDB_892 - ZScore: 0.7133984782478514
SVDB_892 - ZScore: 0.7133984782478514
SVDB_892 - MAD: (20000, 2), (20000,),[0 1]
SVDB_892 - MAD: 0.7027925122687967
SVDB_892 - MAD: 0.7027925122687967
SVDB_892 - IQR: (20000, 2), (20000,),[0 1]
SVDB_892 - IQR: 0.6602253134572369
SVDB_892 - IQR: 0.6602253134572369
SVDB_892 - Mahalanobis: (20000, 2), (20000,),[0 1]
SVDB_892 - Mahalanobis: 0.7056201383459704
SVDB_892 - Mahalanobis: 0.7056201383459704
SVDB_892 - HotellingT2: (20000, 2), (20000,),[0 1]
SVDB_892 - HotellingT2: 0.7056201383459704
SVDB_892 - HotellingT2: 0.7056201383459704
SVDB_892 - PCAStat: (20000, 2), (20000,),[0 1]
SVDB_892 - PCAStat: 0.6877355533859352
SVDB_892 - PCAStat: 0.6877355533859352
SVDB_892 - KDE: (20000, 2), (20000,),[0 1]
SVDB_892 - KDE: 0.6989781847214247
SVDB_892 - KDE: 0.6989781847214247
SVDB_892 - GMM: (20000, 2), (20000,),[0 1]
SVDB_892 - GMM: 0.7109837948646291
SVDB_892 - GMM: 0.7109837948646291
SVDB_892 - SARAD: (20000, 2), (20000,),[0 1]
SARAD Model initialized on cuda
SARAD training finished. Final loss: 0.002519
SVDB_892 - SARAD: 0.6096849965946148
SVDB_892 - SARAD: 0.6096849965946148
SVDB_892 - SensitiveHUE: (20000, 2), (20000,),[0 1]
SensitiveHUE Model initialized on cuda
Epoch 100/200, Avg NLL Loss: -6.4892
Epoch 200/200, Avg NLL Loss: -7.1036
SensitiveHUE training finished.
SVDB_892 - SensitiveHUE: 0.7743902025030082
SVDB_892 - SensitiveHUE: 0.7743902025030082
SVDB_892 - SensorSCAN: (20000, 2), (20000,),[0 1]
SensorSCAN Model initialized on cuda
Stage 1: Autoencoder Pretraining...
  AE Epoch 100/200, Loss: 0.000605
  AE Epoch 200/200, Loss: 0.000135
Stage 2: SCAN Clustering...
  SCAN Epoch 100/200, Loss: nan
  SCAN Epoch 200/200, Loss: nan
SensorSCAN training finished.
SVDB_892 - SensorSCAN: 0.629163350959338
SVDB_892 - SensorSCAN: 0.629163350959338
SVDB_892 - CATCH: (20000, 2), (20000,),[0 1]
CATCH Model initialized on cuda
CATCH training finished. Final loss: 0.549441
SVDB_892 - CATCH: 0.7299541627272067
SVDB_892 - CATCH: 0.7299541627272067
SVDB_892 - DADA: (20000, 2), (20000,),[0 1]
DADA Model initialized on cuda
DADA: Starting stable dual-decoder training...
  Epoch 100/200, Total Loss: 0.363446, Loss_n: 0.007021, Loss_a: 0.411903
  Epoch 200/200, Total Loss: 0.362829, Loss_n: 0.362906, Loss_a: 1.125635
DADA: Training finished.
SVDB_892 - DADA: 0.5206284467426864
SVDB_892 - DADA: 0.5206284467426864
Results for SVDB_892 written to CSV.
Processing dataset: swan_sf
swan_sf - Sub_IForest: (20000, 38), (20000,),[0 1]
swan_sf - Sub_IForest: 0.716277678776756
swan_sf - Sub_IForest: 0.716277678776756
swan_sf - IForest: (20000, 38), (20000,),[0 1]
swan_sf - IForest: 0.7148687064272459
swan_sf - IForest: 0.7148687064272459
swan_sf - Sub_LOF: (20000, 38), (20000,),[0 1]
swan_sf - Sub_LOF: 0.7676624942579282
swan_sf - Sub_LOF: 0.7676624942579282
swan_sf - LOF: (20000, 38), (20000,),[0 1]
swan_sf - LOF: 0.7316637826363515
swan_sf - LOF: 0.7316637826363515
swan_sf - Sub_PCA: (20000, 38), (20000,),[0 1]
swan_sf - Sub_PCA: 0.7516635607666051
swan_sf - Sub_PCA: 0.7516635607666051
swan_sf - PCA: (20000, 38), (20000,),[0 1]
swan_sf - PCA: 0.7515010495500982
swan_sf - PCA: 0.7515010495500982
swan_sf - HBOS: (20000, 38), (20000,),[0 1]
swan_sf - HBOS: 0.7285254807959995
swan_sf - HBOS: 0.7285254807959995
swan_sf - Sub_HBOS: (20000, 38), (20000,),[0 1]
swan_sf - Sub_HBOS: 0.7240278692095805
swan_sf - Sub_HBOS: 0.7240278692095805
swan_sf - KNN: (20000, 38), (20000,),[0 1]
swan_sf - KNN: 0.7165807090291002
swan_sf - KNN: 0.7165807090291002
swan_sf - Sub_KNN: (20000, 38), (20000,),[0 1]
swan_sf - Sub_KNN: 0.7606935304519138
swan_sf - Sub_KNN: 0.7606935304519138
swan_sf - KMeansAD: (20000, 38), (20000,),[0 1]
swan_sf - KMeansAD: 0.7120139887983141
swan_sf - KMeansAD: 0.7120139887983141
swan_sf - KMeansAD_U: (20000, 38), (20000,),[0 1]
swan_sf - KMeansAD_U: 0.7156895585168409
swan_sf - KMeansAD_U: 0.7156895585168409
swan_sf - COPOD: (20000, 38), (20000,),[0 1]
swan_sf - COPOD: 0.7469677778918293
swan_sf - COPOD: 0.7469677778918293
swan_sf - CBLOF: (20000, 38), (20000,),[0 1]
swan_sf - CBLOF: 0.7039552277606307
swan_sf - CBLOF: 0.7039552277606307
swan_sf - COF: (20000, 38), (20000,),[0 1]
swan_sf - COF: 0.720843980428115
swan_sf - COF: 0.720843980428115
swan_sf - EIF: (20000, 38), (20000,),[0 1]
swan_sf - EIF: 0.7082837358990461
swan_sf - EIF: 0.7082837358990461
swan_sf - RobustPCA: (20000, 38), (20000,),[0 1]
iteration: 1, error: 4.7282640398496854e+23
iteration: 100, error: 9.216710484384612e+21
iteration: 200, error: 1.0451316231612727e+22
iteration: 300, error: 2.0095898420025208e+21
iteration: 400, error: 2.516242014770983e+21
iteration: 500, error: 2.9307970641433146e+21
iteration: 600, error: 2.9390078159235554e+21
iteration: 700, error: 2.64525965886902e+21
iteration: 800, error: 2.6432566478664027e+21
iteration: 900, error: 2.662137116311607e+21
iteration: 1000, error: 3.033472093666582e+21
swan_sf - RobustPCA: 0.9411783645154547
swan_sf - RobustPCA: 0.9411783645154547
swan_sf - FFT: (20000, 38), (20000,),[0 1]
swan_sf - FFT: 0.9044005176827555
swan_sf - FFT: 0.9044005176827555
swan_sf - NORMA: (20000, 38), (20000,),[0 1]
swan_sf - NORMA: 0.7115608863880737
swan_sf - NORMA: 0.7115608863880737
swan_sf - MovingAverage: (20000, 38), (20000,),[0 1]
swan_sf - MovingAverage: 0.9048581436752556
swan_sf - MovingAverage: 0.9048581436752556
swan_sf - EWMA: (20000, 38), (20000,),[0 1]
swan_sf - EWMA: 0.9033631472687044
swan_sf - EWMA: 0.9033631472687044
swan_sf - SavGol: (20000, 38), (20000,),[0 1]
swan_sf - SavGol: 0.9010003537932376
swan_sf - SavGol: 0.9010003537932376
swan_sf - Kalman: (20000, 38), (20000,),[0 1]
swan_sf - Kalman: 0.9022506354051758
swan_sf - Kalman: 0.9022506354051758
swan_sf - LOESS: (20000, 38), (20000,),[0 1]
swan_sf - LOESS: 0.941326825062004
swan_sf - LOESS: 0.941326825062004
swan_sf - HoltWinters: (20000, 38), (20000,),[0 1]
swan_sf - HoltWinters: 0.8995409758592452
swan_sf - HoltWinters: 0.8995409758592452
swan_sf - RollingMedian: (20000, 38), (20000,),[0 1]
swan_sf - RollingMedian: 0.9191860111743169
swan_sf - RollingMedian: 0.9191860111743169
swan_sf - ZScore: (20000, 38), (20000,),[0 1]
swan_sf - ZScore: 0.7827420514437085
swan_sf - ZScore: 0.7827420514437085
swan_sf - MAD: (20000, 38), (20000,),[0 1]
swan_sf - MAD: 0.8614235957642055
swan_sf - MAD: 0.8614235957642055
swan_sf - IQR: (20000, 38), (20000,),[0 1]
swan_sf - IQR: 0.7829012052414668
swan_sf - IQR: 0.7829012052414668
swan_sf - Mahalanobis: (20000, 38), (20000,),[0 1]
swan_sf - Mahalanobis: 0.8893451588384196
swan_sf - Mahalanobis: 0.8893451588384196
swan_sf - HotellingT2: (20000, 38), (20000,),[0 1]
swan_sf - HotellingT2: 0.8893451588384196
swan_sf - HotellingT2: 0.8893451588384196
swan_sf - PCAStat: (20000, 38), (20000,),[0 1]
swan_sf - PCAStat: 0.9195567567182505
/home/yyy/anaconda3/envs/tsclean/lib/python3.9/site-packages/statsmodels/tsa/stattools.py:702: RuntimeWarning: invalid value encountered in divide
  acf = avf[: nlags + 1] / avf[0]
/home/yyy/anaconda3/envs/tsclean/lib/python3.9/site-packages/sklearn/metrics/_classification.py:1565: UndefinedMetricWarning: Precision is ill-defined and being set to 0.0 due to no predicted samples. Use `zero_division` parameter to control this behavior.
  _warn_prf(average, modifier, f"{metric.capitalize()} is", len(result))
/home/yyy/anaconda3/envs/tsclean/lib/python3.9/site-packages/statsmodels/tsa/stattools.py:702: RuntimeWarning: invalid value encountered in divide
  acf = avf[: nlags + 1] / avf[0]
/home/yyy/anaconda3/envs/tsclean/lib/python3.9/site-packages/statsmodels/tsa/stattools.py:702: RuntimeWarning: invalid value encountered in divide
  acf = avf[: nlags + 1] / avf[0]
/home/yyy/anaconda3/envs/tsclean/lib/python3.9/site-packages/statsmodels/tsa/stattools.py:702: RuntimeWarning: invalid value encountered in divide
  acf = avf[: nlags + 1] / avf[0]
/home/yyy/anaconda3/envs/tsclean/lib/python3.9/site-packages/statsmodels/tsa/stattools.py:702: RuntimeWarning: invalid value encountered in divide
  acf = avf[: nlags + 1] / avf[0]
/home/yyy/anaconda3/envs/tsclean/lib/python3.9/site-packages/statsmodels/tsa/stattools.py:702: RuntimeWarning: invalid value encountered in divide
  acf = avf[: nlags + 1] / avf[0]
/home/yyy/anaconda3/envs/tsclean/lib/python3.9/site-packages/sklearn/metrics/_classification.py:1565: UndefinedMetricWarning: Precision is ill-defined and being set to 0.0 due to no predicted samples. Use `zero_division` parameter to control this behavior.
  _warn_prf(average, modifier, f"{metric.capitalize()} is", len(result))
/home/yyy/anaconda3/envs/tsclean/lib/python3.9/site-packages/statsmodels/tsa/stattools.py:702: RuntimeWarning: invalid value encountered in divide
  acf = avf[: nlags + 1] / avf[0]
swan_sf - PCAStat: 0.9195567567182505
swan_sf - KDE: (20000, 38), (20000,),[0 1]
swan_sf - KDE: 0.7458110744057503
swan_sf - KDE: 0.7458110744057503
swan_sf - GMM: (20000, 38), (20000,),[0 1]
swan_sf - GMM: 0.7711051692217149
swan_sf - GMM: 0.7711051692217149
swan_sf - SARAD: (20000, 38), (20000,),[0 1]
SARAD Model initialized on cuda
SARAD training finished. Final loss: 0.013097
swan_sf - SARAD: 0.6783941037310927
swan_sf - SARAD: 0.6783941037310927
swan_sf - SensitiveHUE: (20000, 38), (20000,),[0 1]
SensitiveHUE Model initialized on cuda
Epoch 100/200, Avg NLL Loss: nan
Epoch 200/200, Avg NLL Loss: nan
SensitiveHUE training finished.
[Error] swan_sf with SensitiveHUE: Expected parameter loc (Tensor of shape (19969, 32, 38)) of distribution Normal(loc: torch.Size([19969, 32, 38]), scale: torch.Size([19969, 32, 38])) to satisfy the constraint Real(), but found invalid values:
tensor([[[nan, nan, nan,  ..., nan, nan, nan],
         [nan, nan, nan,  ..., nan, nan, nan],
         [nan, nan, nan,  ..., nan, nan, nan],
         ...,
         [nan, nan, nan,  ..., nan, nan, nan],
         [nan, nan, nan,  ..., nan, nan, nan],
         [nan, nan, nan,  ..., nan, nan, nan]],

        [[nan, nan, nan,  ..., nan, nan, nan],
         [nan, nan, nan,  ..., nan, nan, nan],
         [nan, nan, nan,  ..., nan, nan, nan],
         ...,
         [nan, nan, nan,  ..., nan, nan, nan],
         [nan, nan, nan,  ..., nan, nan, nan],
         [nan, nan, nan,  ..., nan, nan, nan]],

        [[nan, nan, nan,  ..., nan, nan, nan],
         [nan, nan, nan,  ..., nan, nan, nan],
         [nan, nan, nan,  ..., nan, nan, nan],
         ...,
         [nan, nan, nan,  ..., nan, nan, nan],
         [nan, nan, nan,  ..., nan, nan, nan],
         [nan, nan, nan,  ..., nan, nan, nan]],

        ...,

        [[nan, nan, nan,  ..., nan, nan, nan],
         [nan, nan, nan,  ..., nan, nan, nan],
         [nan, nan, nan,  ..., nan, nan, nan],
         ...,
         [nan, nan, nan,  ..., nan, nan, nan],
         [nan, nan, nan,  ..., nan, nan, nan],
         [nan, nan, nan,  ..., nan, nan, nan]],

        [[nan, nan, nan,  ..., nan, nan, nan],
         [nan, nan, nan,  ..., nan, nan, nan],
         [nan, nan, nan,  ..., nan, nan, nan],
         ...,
         [nan, nan, nan,  ..., nan, nan, nan],
         [nan, nan, nan,  ..., nan, nan, nan],
         [nan, nan, nan,  ..., nan, nan, nan]],

        [[nan, nan, nan,  ..., nan, nan, nan],
         [nan, nan, nan,  ..., nan, nan, nan],
         [nan, nan, nan,  ..., nan, nan, nan],
         ...,
         [nan, nan, nan,  ..., nan, nan, nan],
         [nan, nan, nan,  ..., nan, nan, nan],
         [nan, nan, nan,  ..., nan, nan, nan]]], device='cuda:0')
swan_sf - SensitiveHUE: None
swan_sf - SensorSCAN: (20000, 38), (20000,),[0 1]
SensorSCAN Model initialized on cuda
Stage 1: Autoencoder Pretraining...
  AE Epoch 100/200, Loss: 0.041963
  AE Epoch 200/200, Loss: 0.035040
Stage 2: SCAN Clustering...
  SCAN Epoch 100/200, Loss: 0.001823
  SCAN Epoch 200/200, Loss: 0.001362
SensorSCAN training finished.
swan_sf - SensorSCAN: 0.7294340734336571
swan_sf - SensorSCAN: 0.7294340734336571
swan_sf - CATCH: (20000, 38), (20000,),[0 1]
CATCH Model initialized on cuda
CATCH training finished. Final loss: nan
swan_sf - CATCH: 0.7198087967708242
swan_sf - CATCH: 0.7198087967708242
swan_sf - DADA: (20000, 38), (20000,),[0 1]
DADA Model initialized on cuda
DADA: Starting stable dual-decoder training...
  Epoch 100/200, Total Loss: 0.502403, Loss_n: 0.938899, Loss_a: 1.817878
  Epoch 200/200, Total Loss: 0.486120, Loss_n: 0.263096, Loss_a: 0.630572
DADA: Training finished.
swan_sf - DADA: 0.6330451930861907
swan_sf - DADA: 0.6330451930861907
Results for swan_sf written to CSV.
✅ All results saved to: /home/yyy/TSC/TSClean/AutoClean/Error_Detection/results_test/performance_matrix.csv
