/home/yyy/anaconda3/envs/tsclean/lib/python3.9/site-packages/sklearn/metrics/_classification.py:1565: UndefinedMetricWarning: Precision is ill-defined and being set to 0.0 due to no predicted samples. Use `zero_division` parameter to control this behavior.
  _warn_prf(average, modifier, f"{metric.capitalize()} is", len(result))
/home/yyy/anaconda3/envs/tsclean/lib/python3.9/site-packages/sklearn/metrics/_classification.py:1565: UndefinedMetricWarning: Precision is ill-defined and being set to 0.0 due to no predicted samples. Use `zero_division` parameter to control this behavior.
  _warn_prf(average, modifier, f"{metric.capitalize()} is", len(result))
/home/yyy/anaconda3/envs/tsclean/lib/python3.9/site-packages/sklearn/metrics/_classification.py:1565: UndefinedMetricWarning: Precision is ill-defined and being set to 0.0 due to no predicted samples. Use `zero_division` parameter to control this behavior.
  _warn_prf(average, modifier, f"{metric.capitalize()} is", len(result))
/home/yyy/anaconda3/envs/tsclean/lib/python3.9/site-packages/sklearn/metrics/_classification.py:1565: UndefinedMetricWarning: Precision is ill-defined and being set to 0.0 due to no predicted samples. Use `zero_division` parameter to control this behavior.
  _warn_prf(average, modifier, f"{metric.capitalize()} is", len(result))
/home/yyy/anaconda3/envs/tsclean/lib/python3.9/site-packages/sklearn/metrics/_classification.py:1565: UndefinedMetricWarning: Precision is ill-defined and being set to 0.0 due to no predicted samples. Use `zero_division` parameter to control this behavior.
  _warn_prf(average, modifier, f"{metric.capitalize()} is", len(result))
/home/yyy/anaconda3/envs/tsclean/lib/python3.9/site-packages/sklearn/metrics/_classification.py:1565: UndefinedMetricWarning: Precision is ill-defined and being set to 0.0 due to no predicted samples. Use `zero_division` parameter to control this behavior.
  _warn_prf(average, modifier, f"{metric.capitalize()} is", len(result))
/home/yyy/anaconda3/envs/tsclean/lib/python3.9/site-packages/sklearn/metrics/_classification.py:1565: UndefinedMetricWarning: Precision is ill-defined and being set to 0.0 due to no predicted samples. Use `zero_division` parameter to control this behavior.
  _warn_prf(average, modifier, f"{metric.capitalize()} is", len(result))
/home/yyy/anaconda3/envs/tsclean/lib/python3.9/site-packages/sklearn/metrics/_classification.py:1565: UndefinedMetricWarning: Precision is ill-defined and being set to 0.0 due to no predicted samples. Use `zero_division` parameter to control this behavior.
  _warn_prf(average, modifier, f"{metric.capitalize()} is", len(result))
/home/yyy/anaconda3/envs/tsclean/lib/python3.9/site-packages/sklearn/base.py:1389: ConvergenceWarning: Number of distinct clusters (3) found smaller than n_clusters (4). Possibly due to duplicate points in X.
  return fit_method(estimator, *args, **kwargs)
/home/yyy/TSC/TSClean/AutoClean/Error_Detection/detectors/models/CBLOF.py:276: RuntimeWarning: divide by zero encountered in scalar divide
  if size_clusters[sorted_cluster_indices[i - 1]] / size_clusters[
/home/yyy/anaconda3/envs/tsclean/lib/python3.9/site-packages/sklearn/metrics/_classification.py:1565: UndefinedMetricWarning: Precision is ill-defined and being set to 0.0 due to no predicted samples. Use `zero_division` parameter to control this behavior.
  _warn_prf(average, modifier, f"{metric.capitalize()} is", len(result))
/home/yyy/anaconda3/envs/tsclean/lib/python3.9/site-packages/sklearn/metrics/_classification.py:1565: UndefinedMetricWarning: Precision is ill-defined and being set to 0.0 due to no predicted samples. Use `zero_division` parameter to control this behavior.
  _warn_prf(average, modifier, f"{metric.capitalize()} is", len(result))
/home/yyy/anaconda3/envs/tsclean/lib/python3.9/site-packages/sklearn/metrics/_classification.py:1565: UndefinedMetricWarning: Precision is ill-defined and being set to 0.0 due to no predicted samples. Use `zero_division` parameter to control this behavior.
  _warn_prf(average, modifier, f"{metric.capitalize()} is", len(result))
/home/yyy/anaconda3/envs/tsclean/lib/python3.9/site-packages/sklearn/metrics/_classification.py:1565: UndefinedMetricWarning: Precision is ill-defined and being set to 0.0 due to no predicted samples. Use `zero_division` parameter to control this behavior.
  _warn_prf(average, modifier, f"{metric.capitalize()} is", len(result))
/home/yyy/anaconda3/envs/tsclean/lib/python3.9/site-packages/sklearn/metrics/_classification.py:1565: UndefinedMetricWarning: Precision is ill-defined and being set to 0.0 due to no predicted samples. Use `zero_division` parameter to control this behavior.
  _warn_prf(average, modifier, f"{metric.capitalize()} is", len(result))
/home/yyy/anaconda3/envs/tsclean/lib/python3.9/site-packages/sklearn/metrics/_classification.py:1565: UndefinedMetricWarning: Precision is ill-defined and being set to 0.0 due to no predicted samples. Use `zero_division` parameter to control this behavior.
  _warn_prf(average, modifier, f"{metric.capitalize()} is", len(result))
/home/yyy/anaconda3/envs/tsclean/lib/python3.9/site-packages/sklearn/metrics/_classification.py:1565: UndefinedMetricWarning: Precision is ill-defined and being set to 0.0 due to no predicted samples. Use `zero_division` parameter to control this behavior.
  _warn_prf(average, modifier, f"{metric.capitalize()} is", len(result))
/home/yyy/anaconda3/envs/tsclean/lib/python3.9/site-packages/sklearn/metrics/_classification.py:1565: UndefinedMetricWarning: Precision is ill-defined and being set to 0.0 due to no predicted samples. Use `zero_division` parameter to control this behavior.
  _warn_prf(average, modifier, f"{metric.capitalize()} is", len(result))
/home/yyy/anaconda3/envs/tsclean/lib/python3.9/site-packages/sklearn/metrics/_classification.py:1565: UndefinedMetricWarning: Precision is ill-defined and being set to 0.0 due to no predicted samples. Use `zero_division` parameter to control this behavior.
  _warn_prf(average, modifier, f"{metric.capitalize()} is", len(result))
/home/yyy/anaconda3/envs/tsclean/lib/python3.9/site-packages/statsmodels/tsa/stattools.py:702: RuntimeWarning: invalid value encountered in divide
  acf = avf[: nlags + 1] / avf[0]
/home/yyy/anaconda3/envs/tsclean/lib/python3.9/site-packages/sklearn/metrics/_classification.py:1565: UndefinedMetricWarning: Precision is ill-defined and being set to 0.0 due to no predicted samples. Use `zero_division` parameter to control this behavior.
  _warn_prf(average, modifier, f"{metric.capitalize()} is", len(result))
/home/yyy/anaconda3/envs/tsclean/lib/python3.9/site-packages/statsmodels/tsa/stattools.py:702: RuntimeWarning: invalid value encountered in divide
  acf = avf[: nlags + 1] / avf[0]
/home/yyy/anaconda3/envs/tsclean/lib/python3.9/site-packages/sklearn/metrics/_classification.py:1565: UndefinedMetricWarning: Precision is ill-defined and being set to 0.0 due to no predicted samples. Use `zero_division` parameter to control this behavior.
  _warn_prf(average, modifier, f"{metric.capitalize()} is", len(result))
/home/yyy/anaconda3/envs/tsclean/lib/python3.9/site-packages/statsmodels/tsa/stattools.py:702: RuntimeWarning: invalid value encountered in divide
  acf = avf[: nlags + 1] / avf[0]
/home/yyy/anaconda3/envs/tsclean/lib/python3.9/site-packages/statsmodels/tsa/stattools.py:702: RuntimeWarning: invalid value encountered in divide
  acf = avf[: nlags + 1] / avf[0]
/home/yyy/anaconda3/envs/tsclean/lib/python3.9/site-packages/statsmodels/tsa/stattools.py:702: RuntimeWarning: invalid value encountered in divide
  acf = avf[: nlags + 1] / avf[0]
/home/yyy/anaconda3/envs/tsclean/lib/python3.9/site-packages/statsmodels/tsa/stattools.py:702: RuntimeWarning: invalid value encountered in divide
  acf = avf[: nlags + 1] / avf[0]
/home/yyy/anaconda3/envs/tsclean/lib/python3.9/site-packages/statsmodels/tsa/stattools.py:702: RuntimeWarning: invalid value encountered in divide
  acf = avf[: nlags + 1] / avf[0]
/home/yyy/anaconda3/envs/tsclean/lib/python3.9/site-packages/statsmodels/tsa/stattools.py:702: RuntimeWarning: invalid value encountered in divide
  acf = avf[: nlags + 1] / avf[0]
/home/yyy/anaconda3/envs/tsclean/lib/python3.9/site-packages/sklearn/metrics/_classification.py:1565: UndefinedMetricWarning: Precision is ill-defined and being set to 0.0 due to no predicted samples. Use `zero_division` parameter to control this behavior.
  _warn_prf(average, modifier, f"{metric.capitalize()} is", len(result))
/home/yyy/anaconda3/envs/tsclean/lib/python3.9/site-packages/statsmodels/tsa/stattools.py:702: RuntimeWarning: invalid value encountered in divide
  acf = avf[: nlags + 1] / avf[0]
/home/yyy/anaconda3/envs/tsclean/lib/python3.9/site-packages/statsmodels/tsa/stattools.py:702: RuntimeWarning: invalid value encountered in divide
  acf = avf[: nlags + 1] / avf[0]
/home/yyy/anaconda3/envs/tsclean/lib/python3.9/site-packages/sklearn/metrics/_classification.py:1565: UndefinedMetricWarning: Precision is ill-defined and being set to 0.0 due to no predicted samples. Use `zero_division` parameter to control this behavior.
  _warn_prf(average, modifier, f"{metric.capitalize()} is", len(result))
/home/yyy/anaconda3/envs/tsclean/lib/python3.9/site-packages/statsmodels/tsa/stattools.py:702: RuntimeWarning: invalid value encountered in divide
  acf = avf[: nlags + 1] / avf[0]
/home/yyy/anaconda3/envs/tsclean/lib/python3.9/site-packages/sklearn/metrics/_classification.py:1565: UndefinedMetricWarning: Precision is ill-defined and being set to 0.0 due to no predicted samples. Use `zero_division` parameter to control this behavior.
  _warn_prf(average, modifier, f"{metric.capitalize()} is", len(result))
/home/yyy/anaconda3/envs/tsclean/lib/python3.9/site-packages/statsmodels/tsa/stattools.py:702: RuntimeWarning: invalid value encountered in divide
  acf = avf[: nlags + 1] / avf[0]
/home/yyy/anaconda3/envs/tsclean/lib/python3.9/site-packages/sklearn/metrics/_classification.py:1565: UndefinedMetricWarning: Precision is ill-defined and being set to 0.0 due to no predicted samples. Use `zero_division` parameter to control this behavior.
  _warn_prf(average, modifier, f"{metric.capitalize()} is", len(result))
/home/yyy/anaconda3/envs/tsclean/lib/python3.9/site-packages/statsmodels/tsa/stattools.py:702: RuntimeWarning: invalid value encountered in divide
  acf = avf[: nlags + 1] / avf[0]
CUDA Available:  True
cuDNN Version:  91002
Starting serial execution...
Processing dataset: CalIt2_traffic
CalIt2_traffic - Sub_IForest: (1008, 2), (1008,),[0 1]
CalIt2_traffic - Sub_IForest: 0.2810424539998068
CalIt2_traffic - Sub_IForest: 0.2810424539998068
CalIt2_traffic - IForest: (1008, 2), (1008,),[0 1]
CalIt2_traffic - IForest: 0.314599286961675
CalIt2_traffic - IForest: 0.314599286961675
CalIt2_traffic - Sub_LOF: (1008, 2), (1008,),[0 1]
CalIt2_traffic - Sub_LOF: 0.23394674098515014
CalIt2_traffic - Sub_LOF: 0.23394674098515014
CalIt2_traffic - LOF: (1008, 2), (1008,),[0 1]
CalIt2_traffic - LOF: 0.22251925435103873
CalIt2_traffic - LOF: 0.22251925435103873
CalIt2_traffic - Sub_PCA: (1008, 2), (1008,),[0 1]
CalIt2_traffic - Sub_PCA: 0.3647944545509101
CalIt2_traffic - Sub_PCA: 0.3647944545509101
CalIt2_traffic - PCA: (1008, 2), (1008,),[0 1]
CalIt2_traffic - PCA: 0.3216774221154807
CalIt2_traffic - PCA: 0.3216774221154807
CalIt2_traffic - HBOS: (1008, 2), (1008,),[0 1]
CalIt2_traffic - HBOS: 0.16910864849797397
CalIt2_traffic - HBOS: 0.16910864849797397
CalIt2_traffic - Sub_HBOS: (1008, 2), (1008,),[0 1]
CalIt2_traffic - Sub_HBOS: 0.3210463634552043
CalIt2_traffic - Sub_HBOS: 0.3210463634552043
CalIt2_traffic - KNN: (1008, 2), (1008,),[0 1]
CalIt2_traffic - KNN: 0.22251925435103873
CalIt2_traffic - KNN: 0.22251925435103873
CalIt2_traffic - Sub_KNN: (1008, 2), (1008,),[0 1]
CalIt2_traffic - Sub_KNN: 0.18898603046127987
CalIt2_traffic - Sub_KNN: 0.18898603046127987
CalIt2_traffic - KMeansAD: (1008, 2), (1008,),[0 1]
CalIt2_traffic - KMeansAD: 0.1395113390521097
CalIt2_traffic - KMeansAD: 0.1395113390521097
CalIt2_traffic - KMeansAD_U: (1008, 2), (1008,),[0 1]
CalIt2_traffic - KMeansAD_U: 0.19783638675343862
CalIt2_traffic - KMeansAD_U: 0.19783638675343862
CalIt2_traffic - COPOD: (1008, 2), (1008,),[0 1]
CalIt2_traffic - COPOD: 0.4226409383279219
CalIt2_traffic - COPOD: 0.4226409383279219
CalIt2_traffic - CBLOF: (1008, 2), (1008,),[0 1]
CalIt2_traffic - CBLOF: 0.20325125481275788
CalIt2_traffic - CBLOF: 0.20325125481275788
CalIt2_traffic - COF: (1008, 2), (1008,),[0 1]
CalIt2_traffic - COF: 0.320752776667718
CalIt2_traffic - COF: 0.320752776667718
CalIt2_traffic - EIF: (1008, 2), (1008,),[0 1]
CalIt2_traffic - EIF: 0.40747716315492394
CalIt2_traffic - EIF: 0.40747716315492394
CalIt2_traffic - RobustPCA: (1008, 2), (1008,),[0 1]
iteration: 1, error: 4.8058972403297595
iteration: 100, error: 0.07391824471331974
iteration: 148, error: 2.7969398800448515e-05
CalIt2_traffic - RobustPCA: 0.5382093949700856
CalIt2_traffic - RobustPCA: 0.5382093949700856
CalIt2_traffic - FFT: (1008, 2), (1008,),[0 1]
CalIt2_traffic - FFT: 0.5603573246022988
CalIt2_traffic - FFT: 0.5603573246022988
CalIt2_traffic - NORMA: (1008, 2), (1008,),[0 1]
CalIt2_traffic - NORMA: 0.16963647691509268
CalIt2_traffic - NORMA: 0.16963647691509268
CalIt2_traffic - MovingAverage: (1008, 2), (1008,),[0 1]
CalIt2_traffic - MovingAverage: 0.5491664324889708
CalIt2_traffic - MovingAverage: 0.5491664324889708
CalIt2_traffic - EWMA: (1008, 2), (1008,),[0 1]
CalIt2_traffic - EWMA: 0.5489641425950678
CalIt2_traffic - EWMA: 0.5489641425950678
CalIt2_traffic - SavGol: (1008, 2), (1008,),[0 1]
CalIt2_traffic - SavGol: 0.5211545319987755
CalIt2_traffic - SavGol: 0.5211545319987755
CalIt2_traffic - Kalman: (1008, 2), (1008,),[0 1]
CalIt2_traffic - Kalman: 0.542886867512237
CalIt2_traffic - Kalman: 0.542886867512237
CalIt2_traffic - LOESS: (1008, 2), (1008,),[0 1]
CalIt2_traffic - LOESS: 0.5602025672996015
CalIt2_traffic - LOESS: 0.5602025672996015
CalIt2_traffic - HoltWinters: (1008, 2), (1008,),[0 1]
CalIt2_traffic - HoltWinters: 0.540723036194556
CalIt2_traffic - HoltWinters: 0.540723036194556
CalIt2_traffic - RollingMedian: (1008, 2), (1008,),[0 1]
CalIt2_traffic - RollingMedian: 0.5070010147163062
CalIt2_traffic - RollingMedian: 0.5070010147163062
CalIt2_traffic - ZScore: (1008, 2), (1008,),[0 1]
CalIt2_traffic - ZScore: 0.551745438420826
CalIt2_traffic - ZScore: 0.551745438420826
CalIt2_traffic - MAD: (1008, 2), (1008,),[0 1]
CalIt2_traffic - MAD: 0.5442400100473277
CalIt2_traffic - MAD: 0.5442400100473277
CalIt2_traffic - IQR: (1008, 2), (1008,),[0 1]
CalIt2_traffic - IQR: 0.4733027679492552
CalIt2_traffic - IQR: 0.4733027679492552
CalIt2_traffic - Mahalanobis: (1008, 2), (1008,),[0 1]
CalIt2_traffic - Mahalanobis: 0.5497451372221249
CalIt2_traffic - Mahalanobis: 0.5497451372221249
CalIt2_traffic - HotellingT2: (1008, 2), (1008,),[0 1]
CalIt2_traffic - HotellingT2: 0.5497451372221249
CalIt2_traffic - HotellingT2: 0.5497451372221249
CalIt2_traffic - PCAStat: (1008, 2), (1008,),[0 1]
CalIt2_traffic - PCAStat: 0.5202670166356298
CalIt2_traffic - PCAStat: 0.5202670166356298
CalIt2_traffic - KDE: (1008, 2), (1008,),[0 1]
CalIt2_traffic - KDE: 0.5373737778085391
CalIt2_traffic - KDE: 0.5373737778085391
CalIt2_traffic - GMM: (1008, 2), (1008,),[0 1]
CalIt2_traffic - GMM: 0.5281386369901215
CalIt2_traffic - GMM: 0.5281386369901215
CalIt2_traffic - SARAD: (1008, 2), (1008,),[0 1]
SARAD Model initialized on cuda
SARAD training finished. Final loss: 0.000984
CalIt2_traffic - SARAD: 0.17573204262367623
CalIt2_traffic - SARAD: 0.17573204262367623
CalIt2_traffic - SensitiveHUE: (1008, 2), (1008,),[0 1]
SensitiveHUE Model initialized on cuda
Epoch 100/200, Avg NLL Loss: -2.8819
Epoch 200/200, Avg NLL Loss: -1.4581
SensitiveHUE training finished.
CalIt2_traffic - SensitiveHUE: 0.20768719348820525
CalIt2_traffic - SensitiveHUE: 0.20768719348820525
CalIt2_traffic - SensorSCAN: (1008, 2), (1008,),[0 1]
SensorSCAN Model initialized on cuda
Stage 1: Autoencoder Pretraining...
  AE Epoch 100/200, Loss: 0.004847
  AE Epoch 200/200, Loss: 0.003574
Stage 2: SCAN Clustering...
  SCAN Epoch 100/200, Loss: 0.000004
  SCAN Epoch 200/200, Loss: 0.000001
SensorSCAN training finished.
CalIt2_traffic - SensorSCAN: 0.22693636170451764
CalIt2_traffic - SensorSCAN: 0.22693636170451764
CalIt2_traffic - CATCH: (1008, 2), (1008,),[0 1]
CATCH Model initialized on cuda
CATCH training finished. Final loss: 937.661255
CalIt2_traffic - CATCH: 0.2969283021331622
CalIt2_traffic - CATCH: 0.2969283021331622
CalIt2_traffic - DADA: (1008, 2), (1008,),[0 1]
DADA Model initialized on cuda
DADA: Starting stable dual-decoder training...
  Epoch 100/200, Total Loss: 0.431014, Loss_n: 0.454599, Loss_a: 1.122521
  Epoch 200/200, Total Loss: 0.423390, Loss_n: 0.437151, Loss_a: 1.118154
DADA: Training finished.
CalIt2_traffic - DADA: 0.16239265017765836
CalIt2_traffic - DADA: 0.16239265017765836
Results for CalIt2_traffic written to CSV.
Processing dataset: cicids_0
cicids_0 - Sub_IForest: (10000, 72), (10000,),[0 1]
cicids_0 - Sub_IForest: 0.9959908179285183
cicids_0 - Sub_IForest: 0.9959908179285183
cicids_0 - IForest: (10000, 72), (10000,),[0 1]
cicids_0 - IForest: 0.995022654670399
cicids_0 - IForest: 0.995022654670399
cicids_0 - Sub_LOF: (10000, 72), (10000,),[0 1]
cicids_0 - Sub_LOF: 0.9950470505715316
cicids_0 - Sub_LOF: 0.9950470505715316
cicids_0 - LOF: (10000, 72), (10000,),[0 1]
cicids_0 - LOF: 0.9961939477037466
cicids_0 - LOF: 0.9961939477037466
cicids_0 - Sub_PCA: (10000, 72), (10000,),[0 1]
cicids_0 - Sub_PCA: 0.9919440910299493
cicids_0 - Sub_PCA: 0.9919440910299493
cicids_0 - PCA: (10000, 72), (10000,),[0 1]
cicids_0 - PCA: 0.9912469731917658
cicids_0 - PCA: 0.9912469731917658
cicids_0 - HBOS: (10000, 72), (10000,),[0 1]
cicids_0 - HBOS: 0.9911163119581443
cicids_0 - HBOS: 0.9911163119581443
cicids_0 - Sub_HBOS: (10000, 72), (10000,),[0 1]
cicids_0 - Sub_HBOS: 0.995643484776792
cicids_0 - Sub_HBOS: 0.995643484776792
cicids_0 - KNN: (10000, 72), (10000,),[0 1]
cicids_0 - KNN: 0.990644077148489
cicids_0 - KNN: 0.990644077148489
cicids_0 - Sub_KNN: (10000, 72), (10000,),[0 1]
cicids_0 - Sub_KNN: 0.9961964344983409
cicids_0 - Sub_KNN: 0.9961964344983409
cicids_0 - KMeansAD: (10000, 72), (10000,),[0 1]
cicids_0 - KMeansAD: 0.9953726459986141
cicids_0 - KMeansAD: 0.9953726459986141
cicids_0 - KMeansAD_U: (10000, 72), (10000,),[0 1]
cicids_0 - KMeansAD_U: 0.9962182681754072
cicids_0 - KMeansAD_U: 0.9962182681754072
cicids_0 - COPOD: (10000, 72), (10000,),[0 1]
cicids_0 - COPOD: 0.9941555053508516
/home/yyy/anaconda3/envs/tsclean/lib/python3.9/site-packages/statsmodels/tsa/stattools.py:702: RuntimeWarning: invalid value encountered in divide
  acf = avf[: nlags + 1] / avf[0]
/home/yyy/anaconda3/envs/tsclean/lib/python3.9/site-packages/statsmodels/tsa/stattools.py:702: RuntimeWarning: invalid value encountered in divide
  acf = avf[: nlags + 1] / avf[0]
/home/yyy/anaconda3/envs/tsclean/lib/python3.9/site-packages/statsmodels/tsa/stattools.py:702: RuntimeWarning: invalid value encountered in divide
  acf = avf[: nlags + 1] / avf[0]
/home/yyy/anaconda3/envs/tsclean/lib/python3.9/site-packages/statsmodels/tsa/stattools.py:702: RuntimeWarning: invalid value encountered in divide
  acf = avf[: nlags + 1] / avf[0]
/home/yyy/anaconda3/envs/tsclean/lib/python3.9/site-packages/sklearn/metrics/_classification.py:1565: UndefinedMetricWarning: Precision is ill-defined and being set to 0.0 due to no predicted samples. Use `zero_division` parameter to control this behavior.
  _warn_prf(average, modifier, f"{metric.capitalize()} is", len(result))
/home/yyy/anaconda3/envs/tsclean/lib/python3.9/site-packages/statsmodels/tsa/stattools.py:702: RuntimeWarning: invalid value encountered in divide
  acf = avf[: nlags + 1] / avf[0]
/home/yyy/anaconda3/envs/tsclean/lib/python3.9/site-packages/statsmodels/tsa/stattools.py:702: RuntimeWarning: invalid value encountered in divide
  acf = avf[: nlags + 1] / avf[0]
/home/yyy/anaconda3/envs/tsclean/lib/python3.9/site-packages/statsmodels/tsa/stattools.py:702: RuntimeWarning: invalid value encountered in divide
  acf = avf[: nlags + 1] / avf[0]
/home/yyy/anaconda3/envs/tsclean/lib/python3.9/site-packages/statsmodels/tsa/stattools.py:702: RuntimeWarning: invalid value encountered in divide
  acf = avf[: nlags + 1] / avf[0]
/home/yyy/anaconda3/envs/tsclean/lib/python3.9/site-packages/statsmodels/tsa/stattools.py:702: RuntimeWarning: invalid value encountered in divide
  acf = avf[: nlags + 1] / avf[0]
/home/yyy/anaconda3/envs/tsclean/lib/python3.9/site-packages/statsmodels/tsa/stattools.py:702: RuntimeWarning: invalid value encountered in divide
  acf = avf[: nlags + 1] / avf[0]
/home/yyy/anaconda3/envs/tsclean/lib/python3.9/site-packages/statsmodels/tsa/stattools.py:702: RuntimeWarning: invalid value encountered in divide
  acf = avf[: nlags + 1] / avf[0]
/home/yyy/anaconda3/envs/tsclean/lib/python3.9/site-packages/statsmodels/tsa/stattools.py:702: RuntimeWarning: invalid value encountered in divide
  acf = avf[: nlags + 1] / avf[0]
/home/yyy/anaconda3/envs/tsclean/lib/python3.9/site-packages/statsmodels/tsa/stattools.py:702: RuntimeWarning: invalid value encountered in divide
  acf = avf[: nlags + 1] / avf[0]
/home/yyy/anaconda3/envs/tsclean/lib/python3.9/site-packages/statsmodels/tsa/stattools.py:702: RuntimeWarning: invalid value encountered in divide
  acf = avf[: nlags + 1] / avf[0]
/home/yyy/anaconda3/envs/tsclean/lib/python3.9/site-packages/statsmodels/tsa/stattools.py:702: RuntimeWarning: invalid value encountered in divide
  acf = avf[: nlags + 1] / avf[0]
/home/yyy/anaconda3/envs/tsclean/lib/python3.9/site-packages/statsmodels/tsa/stattools.py:702: RuntimeWarning: invalid value encountered in divide
  acf = avf[: nlags + 1] / avf[0]
/home/yyy/anaconda3/envs/tsclean/lib/python3.9/site-packages/sklearn/metrics/_classification.py:1565: UndefinedMetricWarning: Precision is ill-defined and being set to 0.0 due to no predicted samples. Use `zero_division` parameter to control this behavior.
  _warn_prf(average, modifier, f"{metric.capitalize()} is", len(result))
/home/yyy/anaconda3/envs/tsclean/lib/python3.9/site-packages/statsmodels/tsa/stattools.py:702: RuntimeWarning: invalid value encountered in divide
  acf = avf[: nlags + 1] / avf[0]
/home/yyy/anaconda3/envs/tsclean/lib/python3.9/site-packages/statsmodels/tsa/stattools.py:702: RuntimeWarning: invalid value encountered in divide
  acf = avf[: nlags + 1] / avf[0]
/home/yyy/anaconda3/envs/tsclean/lib/python3.9/site-packages/statsmodels/tsa/stattools.py:702: RuntimeWarning: invalid value encountered in divide
  acf = avf[: nlags + 1] / avf[0]
/home/yyy/anaconda3/envs/tsclean/lib/python3.9/site-packages/statsmodels/tsa/stattools.py:702: RuntimeWarning: invalid value encountered in divide
  acf = avf[: nlags + 1] / avf[0]
/home/yyy/anaconda3/envs/tsclean/lib/python3.9/site-packages/sklearn/metrics/_classification.py:1565: UndefinedMetricWarning: Precision is ill-defined and being set to 0.0 due to no predicted samples. Use `zero_division` parameter to control this behavior.
  _warn_prf(average, modifier, f"{metric.capitalize()} is", len(result))
/home/yyy/anaconda3/envs/tsclean/lib/python3.9/site-packages/statsmodels/tsa/stattools.py:702: RuntimeWarning: invalid value encountered in divide
  acf = avf[: nlags + 1] / avf[0]
/home/yyy/anaconda3/envs/tsclean/lib/python3.9/site-packages/statsmodels/tsa/stattools.py:702: RuntimeWarning: invalid value encountered in divide
  acf = avf[: nlags + 1] / avf[0]
/home/yyy/anaconda3/envs/tsclean/lib/python3.9/site-packages/statsmodels/tsa/stattools.py:702: RuntimeWarning: invalid value encountered in divide
  acf = avf[: nlags + 1] / avf[0]
/home/yyy/anaconda3/envs/tsclean/lib/python3.9/site-packages/statsmodels/tsa/stattools.py:702: RuntimeWarning: invalid value encountered in divide
  acf = avf[: nlags + 1] / avf[0]
/home/yyy/anaconda3/envs/tsclean/lib/python3.9/site-packages/statsmodels/tsa/stattools.py:702: RuntimeWarning: invalid value encountered in divide
  acf = avf[: nlags + 1] / avf[0]
/home/yyy/anaconda3/envs/tsclean/lib/python3.9/site-packages/sklearn/metrics/_classification.py:1565: UndefinedMetricWarning: Precision is ill-defined and being set to 0.0 due to no predicted samples. Use `zero_division` parameter to control this behavior.
  _warn_prf(average, modifier, f"{metric.capitalize()} is", len(result))
/home/yyy/anaconda3/envs/tsclean/lib/python3.9/site-packages/statsmodels/tsa/stattools.py:702: RuntimeWarning: invalid value encountered in divide
  acf = avf[: nlags + 1] / avf[0]
/home/yyy/anaconda3/envs/tsclean/lib/python3.9/site-packages/sklearn/metrics/_classification.py:1565: UndefinedMetricWarning: Precision is ill-defined and being set to 0.0 due to no predicted samples. Use `zero_division` parameter to control this behavior.
  _warn_prf(average, modifier, f"{metric.capitalize()} is", len(result))
/home/yyy/anaconda3/envs/tsclean/lib/python3.9/site-packages/sklearn/metrics/_classification.py:1565: UndefinedMetricWarning: Precision is ill-defined and being set to 0.0 due to no predicted samples. Use `zero_division` parameter to control this behavior.
  _warn_prf(average, modifier, f"{metric.capitalize()} is", len(result))
/home/yyy/anaconda3/envs/tsclean/lib/python3.9/site-packages/sklearn/metrics/_classification.py:1565: UndefinedMetricWarning: Precision is ill-defined and being set to 0.0 due to no predicted samples. Use `zero_division` parameter to control this behavior.
  _warn_prf(average, modifier, f"{metric.capitalize()} is", len(result))
/home/yyy/anaconda3/envs/tsclean/lib/python3.9/site-packages/sklearn/metrics/_classification.py:1565: UndefinedMetricWarning: Precision is ill-defined and being set to 0.0 due to no predicted samples. Use `zero_division` parameter to control this behavior.
  _warn_prf(average, modifier, f"{metric.capitalize()} is", len(result))
/home/yyy/anaconda3/envs/tsclean/lib/python3.9/site-packages/sklearn/metrics/_classification.py:1565: UndefinedMetricWarning: Precision is ill-defined and being set to 0.0 due to no predicted samples. Use `zero_division` parameter to control this behavior.
  _warn_prf(average, modifier, f"{metric.capitalize()} is", len(result))
cicids_0 - COPOD: 0.9941555053508516
cicids_0 - CBLOF: (10000, 72), (10000,),[0 1]
cicids_0 - CBLOF: 0.9917706990558238
cicids_0 - CBLOF: 0.9917706990558238
cicids_0 - COF: (10000, 72), (10000,),[0 1]
cicids_0 - COF: 0.9942776540816676
cicids_0 - COF: 0.9942776540816676
cicids_0 - EIF: (10000, 72), (10000,),[0 1]
cicids_0 - EIF: 0.9912449962557022
cicids_0 - EIF: 0.9912449962557022
cicids_0 - RobustPCA: (10000, 72), (10000,),[0 1]
iteration: 1, error: 9097374.38167486
iteration: 100, error: 489073.43459462275
iteration: 200, error: 546765.1802762108
iteration: 300, error: 114002.04241162549
iteration: 400, error: 73694.46640578922
iteration: 500, error: 149413.53934922023
iteration: 600, error: 28904.249259960434
iteration: 700, error: 23494.01028693962
iteration: 800, error: 24131.27356258833
iteration: 900, error: 13839.79079665527
iteration: 1000, error: 14402.586701874112
cicids_0 - RobustPCA: 0.999021535735135
cicids_0 - RobustPCA: 0.999021535735135
cicids_0 - FFT: (10000, 72), (10000,),[0 1]
cicids_0 - FFT: 0.9975427144287993
cicids_0 - FFT: 0.9975427144287993
cicids_0 - NORMA: (10000, 72), (10000,),[0 1]
cicids_0 - NORMA: 0.9980213960037296
cicids_0 - NORMA: 0.9980213960037296
cicids_0 - MovingAverage: (10000, 72), (10000,),[0 1]
cicids_0 - MovingAverage: 0.9974576401633962
cicids_0 - MovingAverage: 0.9974576401633962
cicids_0 - EWMA: (10000, 72), (10000,),[0 1]
cicids_0 - EWMA: 0.9974497469503361
cicids_0 - EWMA: 0.9974497469503361
cicids_0 - SavGol: (10000, 72), (10000,),[0 1]
cicids_0 - SavGol: 0.9975836203297426
cicids_0 - SavGol: 0.9975836203297426
cicids_0 - Kalman: (10000, 72), (10000,),[0 1]
cicids_0 - Kalman: 0.9974378216032724
cicids_0 - Kalman: 0.9974378216032724
cicids_0 - LOESS: (10000, 72), (10000,),[0 1]
cicids_0 - LOESS: 0.9968233205926178
cicids_0 - LOESS: 0.9968233205926178
cicids_0 - HoltWinters: (10000, 72), (10000,),[0 1]
cicids_0 - HoltWinters: 0.9973995443100624
cicids_0 - HoltWinters: 0.9973995443100624
cicids_0 - RollingMedian: (10000, 72), (10000,),[0 1]
cicids_0 - RollingMedian: 0.9971740369116543
cicids_0 - RollingMedian: 0.9971740369116543
cicids_0 - ZScore: (10000, 72), (10000,),[0 1]
cicids_0 - ZScore: 0.9918811490405206
cicids_0 - ZScore: 0.9918811490405206
cicids_0 - MAD: (10000, 72), (10000,),[0 1]
cicids_0 - MAD: 0.9964491436216292
cicids_0 - MAD: 0.9964491436216292
cicids_0 - IQR: (10000, 72), (10000,),[0 1]
cicids_0 - IQR: 0.996703462938912
cicids_0 - IQR: 0.996703462938912
cicids_0 - Mahalanobis: (10000, 72), (10000,),[0 1]
cicids_0 - Mahalanobis: 0.9934052355263973
cicids_0 - Mahalanobis: 0.9934052355263973
cicids_0 - HotellingT2: (10000, 72), (10000,),[0 1]
cicids_0 - HotellingT2: 0.9934052355263973
cicids_0 - HotellingT2: 0.9934052355263973
cicids_0 - PCAStat: (10000, 72), (10000,),[0 1]
cicids_0 - PCAStat: 0.9963778297529445
cicids_0 - PCAStat: 0.9963778297529445
cicids_0 - KDE: (10000, 72), (10000,),[0 1]
cicids_0 - KDE: 0.9961057478638806
cicids_0 - KDE: 0.9961057478638806
cicids_0 - GMM: (10000, 72), (10000,),[0 1]
[Error] cicids_0 with GMM: GMM fitting failed due to ill-conditioned covariance. Try: (1) increasing `reg_covar`, (2) reducing `n_components`, (3) using `covariance_type='diag'`, or (4) removing duplicate samples.
cicids_0 - SARAD: (10000, 72), (10000,),[0 1]
SARAD Model initialized on cuda
SARAD training finished. Final loss: 0.019376
cicids_0 - SARAD: 0.9964628708710324
cicids_0 - SARAD: 0.9964628708710324
cicids_0 - SensitiveHUE: (10000, 72), (10000,),[0 1]
SensitiveHUE Model initialized on cuda
Epoch 100/200, Avg NLL Loss: 85064.1260
Epoch 200/200, Avg NLL Loss: 3.3348
SensitiveHUE training finished.
cicids_0 - SensitiveHUE: 0.9936625477228586
cicids_0 - SensitiveHUE: 0.9936625477228586
cicids_0 - SensorSCAN: (10000, 72), (10000,),[0 1]
SensorSCAN Model initialized on cuda
Stage 1: Autoencoder Pretraining...
  AE Epoch 100/200, Loss: 0.068639
  AE Epoch 200/200, Loss: 0.056177
Stage 2: SCAN Clustering...
  SCAN Epoch 100/200, Loss: 0.003684
  SCAN Epoch 200/200, Loss: 0.002042
SensorSCAN training finished.
cicids_0 - SensorSCAN: 0.995283311928807
cicids_0 - SensorSCAN: 0.995283311928807
cicids_0 - CATCH: (10000, 72), (10000,),[0 1]
CATCH Model initialized on cuda
CATCH training finished. Final loss: nan
cicids_0 - CATCH: 0.9975954062817115
cicids_0 - CATCH: 0.9975954062817115
cicids_0 - DADA: (10000, 72), (10000,),[0 1]
DADA Model initialized on cuda
DADA: Starting stable dual-decoder training...
  Epoch 100/200, Total Loss: 0.592771, Loss_n: 0.711944, Loss_a: 1.039945
  Epoch 200/200, Total Loss: 0.588429, Loss_n: 0.260975, Loss_a: 0.515639
DADA: Training finished.
cicids_0 - DADA: 0.998846310898248
cicids_0 - DADA: 0.998846310898248
Results for cicids_0 written to CSV.
Processing dataset: creditcard
creditcard - Sub_IForest: (10000, 29), (10000,),[0 1]
creditcard - Sub_IForest: 0.24211725981023086
creditcard - Sub_IForest: 0.24211725981023086
creditcard - IForest: (10000, 29), (10000,),[0 1]
creditcard - IForest: 0.29192115942386254
creditcard - IForest: 0.29192115942386254
creditcard - Sub_LOF: (10000, 29), (10000,),[0 1]
creditcard - Sub_LOF: 0.060007519052750154
creditcard - Sub_LOF: 0.060007519052750154
creditcard - LOF: (10000, 29), (10000,),[0 1]
creditcard - LOF: 0.10865799935837059
creditcard - LOF: 0.10865799935837059
creditcard - Sub_PCA: (10000, 29), (10000,),[0 1]
creditcard - Sub_PCA: 0.15832593220857819
creditcard - Sub_PCA: 0.15832593220857819
creditcard - PCA: (10000, 29), (10000,),[0 1]
creditcard - PCA: 0.1930062100265195
creditcard - PCA: 0.1930062100265195
creditcard - HBOS: (10000, 29), (10000,),[0 1]
creditcard - HBOS: 0.1277309570581208
creditcard - HBOS: 0.1277309570581208
creditcard - Sub_HBOS: (10000, 29), (10000,),[0 1]
creditcard - Sub_HBOS: 0.2282248108747454
creditcard - Sub_HBOS: 0.2282248108747454
creditcard - KNN: (10000, 29), (10000,),[0 1]
creditcard - KNN: 0.11882604046520066
creditcard - KNN: 0.11882604046520066
creditcard - Sub_KNN: (10000, 29), (10000,),[0 1]
creditcard - Sub_KNN: 0.036321306483480226
creditcard - Sub_KNN: 0.036321306483480226
creditcard - KMeansAD: (10000, 29), (10000,),[0 1]
creditcard - KMeansAD: 0.25027154088679626
creditcard - KMeansAD: 0.25027154088679626
creditcard - KMeansAD_U: (10000, 29), (10000,),[0 1]
creditcard - KMeansAD_U: 0.18613049369237794
creditcard - KMeansAD_U: 0.18613049369237794
creditcard - COPOD: (10000, 29), (10000,),[0 1]
creditcard - COPOD: 0.10827888658466497
creditcard - COPOD: 0.10827888658466497
creditcard - CBLOF: (10000, 29), (10000,),[0 1]
creditcard - CBLOF: 0.08925118927184328
creditcard - CBLOF: 0.08925118927184328
creditcard - COF: (10000, 29), (10000,),[0 1]
creditcard - COF: 0.122306009474615
creditcard - COF: 0.122306009474615
creditcard - EIF: (10000, 29), (10000,),[0 1]
creditcard - EIF: 0.11238309641385942
creditcard - EIF: 0.11238309641385942
creditcard - RobustPCA: (10000, 29), (10000,),[0 1]
iteration: 1, error: 48.280100905166975
iteration: 100, error: 0.058216224405400675
iteration: 200, error: 0.021519322451679288
iteration: 300, error: 0.02147564321346474
iteration: 400, error: 0.017466229212258447
iteration: 500, error: 0.015347388350829692
iteration: 600, error: 0.016269438946122934
iteration: 700, error: 0.015465349451486851
iteration: 800, error: 0.015097690857586048
iteration: 900, error: 0.0150667863083324
iteration: 1000, error: 0.01494554711647768
creditcard - RobustPCA: 0.10822902918030537
creditcard - RobustPCA: 0.10822902918030537
creditcard - FFT: (10000, 29), (10000,),[0 1]
creditcard - FFT: 0.14420304396337955
creditcard - FFT: 0.14420304396337955
creditcard - NORMA: (10000, 29), (10000,),[0 1]
creditcard - NORMA: 0.07154306641372375
creditcard - NORMA: 0.07154306641372375
creditcard - MovingAverage: (10000, 29), (10000,),[0 1]
creditcard - MovingAverage: 0.14372512399004514
creditcard - MovingAverage: 0.14372512399004514
creditcard - EWMA: (10000, 29), (10000,),[0 1]
creditcard - EWMA: 0.13861237773216892
creditcard - EWMA: 0.13861237773216892
creditcard - SavGol: (10000, 29), (10000,),[0 1]
creditcard - SavGol: 0.15790705215650283
creditcard - SavGol: 0.15790705215650283
creditcard - Kalman: (10000, 29), (10000,),[0 1]
/home/yyy/anaconda3/envs/tsclean/lib/python3.9/site-packages/sklearn/metrics/_classification.py:1565: UndefinedMetricWarning: Precision is ill-defined and being set to 0.0 due to no predicted samples. Use `zero_division` parameter to control this behavior.
  _warn_prf(average, modifier, f"{metric.capitalize()} is", len(result))
/home/yyy/anaconda3/envs/tsclean/lib/python3.9/site-packages/sklearn/metrics/_classification.py:1565: UndefinedMetricWarning: Precision is ill-defined and being set to 0.0 due to no predicted samples. Use `zero_division` parameter to control this behavior.
  _warn_prf(average, modifier, f"{metric.capitalize()} is", len(result))
/home/yyy/anaconda3/envs/tsclean/lib/python3.9/site-packages/sklearn/metrics/_classification.py:1565: UndefinedMetricWarning: Precision is ill-defined and being set to 0.0 due to no predicted samples. Use `zero_division` parameter to control this behavior.
  _warn_prf(average, modifier, f"{metric.capitalize()} is", len(result))
/home/yyy/anaconda3/envs/tsclean/lib/python3.9/site-packages/sklearn/metrics/_classification.py:1565: UndefinedMetricWarning: Precision is ill-defined and being set to 0.0 due to no predicted samples. Use `zero_division` parameter to control this behavior.
  _warn_prf(average, modifier, f"{metric.capitalize()} is", len(result))
/home/yyy/anaconda3/envs/tsclean/lib/python3.9/site-packages/sklearn/metrics/_classification.py:1565: UndefinedMetricWarning: Precision is ill-defined and being set to 0.0 due to no predicted samples. Use `zero_division` parameter to control this behavior.
  _warn_prf(average, modifier, f"{metric.capitalize()} is", len(result))
/home/yyy/anaconda3/envs/tsclean/lib/python3.9/site-packages/sklearn/metrics/_classification.py:1565: UndefinedMetricWarning: Precision is ill-defined and being set to 0.0 due to no predicted samples. Use `zero_division` parameter to control this behavior.
  _warn_prf(average, modifier, f"{metric.capitalize()} is", len(result))
/home/yyy/anaconda3/envs/tsclean/lib/python3.9/site-packages/sklearn/metrics/_classification.py:1565: UndefinedMetricWarning: Precision is ill-defined and being set to 0.0 due to no predicted samples. Use `zero_division` parameter to control this behavior.
  _warn_prf(average, modifier, f"{metric.capitalize()} is", len(result))
/home/yyy/anaconda3/envs/tsclean/lib/python3.9/site-packages/sklearn/metrics/_classification.py:1565: UndefinedMetricWarning: Precision is ill-defined and being set to 0.0 due to no predicted samples. Use `zero_division` parameter to control this behavior.
  _warn_prf(average, modifier, f"{metric.capitalize()} is", len(result))
/home/yyy/anaconda3/envs/tsclean/lib/python3.9/site-packages/sklearn/metrics/_classification.py:1565: UndefinedMetricWarning: Precision is ill-defined and being set to 0.0 due to no predicted samples. Use `zero_division` parameter to control this behavior.
  _warn_prf(average, modifier, f"{metric.capitalize()} is", len(result))
creditcard - Kalman: 0.1249764286905112
creditcard - Kalman: 0.1249764286905112
creditcard - LOESS: (10000, 29), (10000,),[0 1]
creditcard - LOESS: 0.10821089143093901
creditcard - LOESS: 0.10821089143093901
creditcard - HoltWinters: (10000, 29), (10000,),[0 1]
creditcard - HoltWinters: 0.14140939760592575
creditcard - HoltWinters: 0.14140939760592575
creditcard - RollingMedian: (10000, 29), (10000,),[0 1]
creditcard - RollingMedian: 0.10856558710122163
creditcard - RollingMedian: 0.10856558710122163
creditcard - ZScore: (10000, 29), (10000,),[0 1]
creditcard - ZScore: 0.15941129987625682
creditcard - ZScore: 0.15941129987625682
creditcard - MAD: (10000, 29), (10000,),[0 1]
creditcard - MAD: 0.1151667460913108
creditcard - MAD: 0.1151667460913108
creditcard - IQR: (10000, 29), (10000,),[0 1]
creditcard - IQR: 0.0960324005406008
creditcard - IQR: 0.0960324005406008
creditcard - Mahalanobis: (10000, 29), (10000,),[0 1]
creditcard - Mahalanobis: 0.17515961060002974
creditcard - Mahalanobis: 0.17515961060002974
creditcard - HotellingT2: (10000, 29), (10000,),[0 1]
creditcard - HotellingT2: 0.17515961060002974
creditcard - HotellingT2: 0.17515961060002974
creditcard - PCAStat: (10000, 29), (10000,),[0 1]
creditcard - PCAStat: 0.16361462955313927
creditcard - PCAStat: 0.16361462955313927
creditcard - KDE: (10000, 29), (10000,),[0 1]
creditcard - KDE: 0.10816999932497312
creditcard - KDE: 0.10816999932497312
creditcard - GMM: (10000, 29), (10000,),[0 1]
creditcard - GMM: 0.16212369323980022
creditcard - GMM: 0.16212369323980022
creditcard - SARAD: (10000, 29), (10000,),[0 1]
SARAD Model initialized on cuda
SARAD training finished. Final loss: 0.016088
creditcard - SARAD: 0.11180812683295657
creditcard - SARAD: 0.11180812683295657
creditcard - SensitiveHUE: (10000, 29), (10000,),[0 1]
SensitiveHUE Model initialized on cuda
Epoch 100/200, Avg NLL Loss: -3.0153
Epoch 200/200, Avg NLL Loss: -3.1229
SensitiveHUE training finished.
creditcard - SensitiveHUE: 0.05402673718281403
creditcard - SensitiveHUE: 0.05402673718281403
creditcard - SensorSCAN: (10000, 29), (10000,),[0 1]
SensorSCAN Model initialized on cuda
Stage 1: Autoencoder Pretraining...
  AE Epoch 100/200, Loss: 0.541033
  AE Epoch 200/200, Loss: 0.533068
Stage 2: SCAN Clustering...
  SCAN Epoch 100/200, Loss: 0.000500
  SCAN Epoch 200/200, Loss: 0.000292
SensorSCAN training finished.
creditcard - SensorSCAN: 0.1060191409994654
creditcard - SensorSCAN: 0.1060191409994654
creditcard - CATCH: (10000, 29), (10000,),[0 1]
CATCH Model initialized on cuda
CATCH training finished. Final loss: 607686.375000
creditcard - CATCH: 0.1431437902820662
creditcard - CATCH: 0.1431437902820662
creditcard - DADA: (10000, 29), (10000,),[0 1]
DADA Model initialized on cuda
DADA: Starting stable dual-decoder training...
  Epoch 100/200, Total Loss: 0.966836, Loss_n: 0.858863, Loss_a: 0.888668
  Epoch 200/200, Total Loss: 0.961962, Loss_n: 1.035710, Loss_a: 1.073968
DADA: Training finished.
creditcard - DADA: 0.08913466364677342
creditcard - DADA: 0.08913466364677342
Results for creditcard written to CSV.
Processing dataset: Daphnet_S05R01E1
Daphnet_S05R01E1 - Sub_IForest: (3892, 9), (3892,),[0 1]
Daphnet_S05R01E1 - Sub_IForest: 0.5966580146149741
Daphnet_S05R01E1 - Sub_IForest: 0.5966580146149741
Daphnet_S05R01E1 - IForest: (3892, 9), (3892,),[0 1]
Daphnet_S05R01E1 - IForest: 0.5532878141848556
Daphnet_S05R01E1 - IForest: 0.5532878141848556
Daphnet_S05R01E1 - Sub_LOF: (3892, 9), (3892,),[0 1]
Daphnet_S05R01E1 - Sub_LOF: 0.6967806162204602
Daphnet_S05R01E1 - Sub_LOF: 0.6967806162204602
Daphnet_S05R01E1 - LOF: (3892, 9), (3892,),[0 1]
Daphnet_S05R01E1 - LOF: 0.6554823812856031
Daphnet_S05R01E1 - LOF: 0.6554823812856031
Daphnet_S05R01E1 - Sub_PCA: (3892, 9), (3892,),[0 1]
Daphnet_S05R01E1 - Sub_PCA: 0.5965142511656024
Daphnet_S05R01E1 - Sub_PCA: 0.5965142511656024
Daphnet_S05R01E1 - PCA: (3892, 9), (3892,),[0 1]
Daphnet_S05R01E1 - PCA: 0.5805280953520908
Daphnet_S05R01E1 - PCA: 0.5805280953520908
Daphnet_S05R01E1 - HBOS: (3892, 9), (3892,),[0 1]
Daphnet_S05R01E1 - HBOS: 0.6029993853170966
Daphnet_S05R01E1 - HBOS: 0.6029993853170966
Daphnet_S05R01E1 - Sub_HBOS: (3892, 9), (3892,),[0 1]
Daphnet_S05R01E1 - Sub_HBOS: 0.5904407744081251
Daphnet_S05R01E1 - Sub_HBOS: 0.5904407744081251
Daphnet_S05R01E1 - KNN: (3892, 9), (3892,),[0 1]
Daphnet_S05R01E1 - KNN: 0.6242234410070858
Daphnet_S05R01E1 - KNN: 0.6242234410070858
Daphnet_S05R01E1 - Sub_KNN: (3892, 9), (3892,),[0 1]
Daphnet_S05R01E1 - Sub_KNN: 0.5850589805099891
Daphnet_S05R01E1 - Sub_KNN: 0.5850589805099891
Daphnet_S05R01E1 - KMeansAD: (3892, 9), (3892,),[0 1]
Daphnet_S05R01E1 - KMeansAD: 0.6307156696171186
Daphnet_S05R01E1 - KMeansAD: 0.6307156696171186
Daphnet_S05R01E1 - KMeansAD_U: (3892, 9), (3892,),[0 1]
Daphnet_S05R01E1 - KMeansAD_U: 0.6175294175977019
Daphnet_S05R01E1 - KMeansAD_U: 0.6175294175977019
Daphnet_S05R01E1 - COPOD: (3892, 9), (3892,),[0 1]
Daphnet_S05R01E1 - COPOD: 0.5886219333230382
Daphnet_S05R01E1 - COPOD: 0.5886219333230382
Daphnet_S05R01E1 - CBLOF: (3892, 9), (3892,),[0 1]
Daphnet_S05R01E1 - CBLOF: 0.5862971252667301
Daphnet_S05R01E1 - CBLOF: 0.5862971252667301
Daphnet_S05R01E1 - COF: (3892, 9), (3892,),[0 1]
Daphnet_S05R01E1 - COF: 0.6692202239269313
Daphnet_S05R01E1 - COF: 0.6692202239269313
Daphnet_S05R01E1 - EIF: (3892, 9), (3892,),[0 1]
Daphnet_S05R01E1 - EIF: 0.5931793648892996
Daphnet_S05R01E1 - EIF: 0.5931793648892996
Daphnet_S05R01E1 - RobustPCA: (3892, 9), (3892,),[0 1]
iteration: 1, error: 833.354605256625
iteration: 100, error: 13.543551168664823
iteration: 200, error: 5.165717103818493
iteration: 300, error: 1.244288719645128
iteration: 400, error: 0.3852432227013755
iteration: 500, error: 0.3876972300562153
iteration: 600, error: 0.06201665483729681
iteration: 700, error: 0.03980597422355799
iteration: 800, error: 0.017165050036082825
iteration: 857, error: 0.010865704314999239
Daphnet_S05R01E1 - RobustPCA: 0.5401877216080281
Daphnet_S05R01E1 - RobustPCA: 0.5401877216080281
Daphnet_S05R01E1 - FFT: (3892, 9), (3892,),[0 1]
Daphnet_S05R01E1 - FFT: 0.638041843329064
Daphnet_S05R01E1 - FFT: 0.638041843329064
Daphnet_S05R01E1 - NORMA: (3892, 9), (3892,),[0 1]
Daphnet_S05R01E1 - NORMA: 0.4918115785723712
Daphnet_S05R01E1 - NORMA: 0.4918115785723712
Daphnet_S05R01E1 - MovingAverage: (3892, 9), (3892,),[0 1]
Daphnet_S05R01E1 - MovingAverage: 0.6438428485205376
Daphnet_S05R01E1 - MovingAverage: 0.6438428485205376
Daphnet_S05R01E1 - EWMA: (3892, 9), (3892,),[0 1]
Daphnet_S05R01E1 - EWMA: 0.6231801509084746
Daphnet_S05R01E1 - EWMA: 0.6231801509084746
Daphnet_S05R01E1 - SavGol: (3892, 9), (3892,),[0 1]
Daphnet_S05R01E1 - SavGol: 0.6383202507691585
Daphnet_S05R01E1 - SavGol: 0.6383202507691585
Daphnet_S05R01E1 - Kalman: (3892, 9), (3892,),[0 1]
Daphnet_S05R01E1 - Kalman: 0.6310924991891892
Daphnet_S05R01E1 - Kalman: 0.6310924991891892
Daphnet_S05R01E1 - LOESS: (3892, 9), (3892,),[0 1]
Daphnet_S05R01E1 - LOESS: 0.597068116305331
Daphnet_S05R01E1 - LOESS: 0.597068116305331
Daphnet_S05R01E1 - HoltWinters: (3892, 9), (3892,),[0 1]
Daphnet_S05R01E1 - HoltWinters: 0.6206542268911984
Daphnet_S05R01E1 - HoltWinters: 0.6206542268911984
Daphnet_S05R01E1 - RollingMedian: (3892, 9), (3892,),[0 1]
Daphnet_S05R01E1 - RollingMedian: 0.6424575279611516
Daphnet_S05R01E1 - RollingMedian: 0.6424575279611516
Daphnet_S05R01E1 - ZScore: (3892, 9), (3892,),[0 1]
Daphnet_S05R01E1 - ZScore: 0.5824359792508434
Daphnet_S05R01E1 - ZScore: 0.5824359792508434
Daphnet_S05R01E1 - MAD: (3892, 9), (3892,),[0 1]
Daphnet_S05R01E1 - MAD: 0.5759973749901777
Daphnet_S05R01E1 - MAD: 0.5759973749901777
Daphnet_S05R01E1 - IQR: (3892, 9), (3892,),[0 1]
Daphnet_S05R01E1 - IQR: 0.5729728563312507
Daphnet_S05R01E1 - IQR: 0.5729728563312507
Daphnet_S05R01E1 - Mahalanobis: (3892, 9), (3892,),[0 1]
Daphnet_S05R01E1 - Mahalanobis: 0.5997409903812149
Daphnet_S05R01E1 - Mahalanobis: 0.5997409903812149
Daphnet_S05R01E1 - HotellingT2: (3892, 9), (3892,),[0 1]
Daphnet_S05R01E1 - HotellingT2: 0.5997409903812149
Daphnet_S05R01E1 - HotellingT2: 0.5997409903812149
Daphnet_S05R01E1 - PCAStat: (3892, 9), (3892,),[0 1]
Daphnet_S05R01E1 - PCAStat: 0.6057471179495694
/home/yyy/anaconda3/envs/tsclean/lib/python3.9/site-packages/sklearn/metrics/_classification.py:1565: UndefinedMetricWarning: Precision is ill-defined and being set to 0.0 due to no predicted samples. Use `zero_division` parameter to control this behavior.
  _warn_prf(average, modifier, f"{metric.capitalize()} is", len(result))
/home/yyy/anaconda3/envs/tsclean/lib/python3.9/site-packages/sklearn/metrics/_classification.py:1565: UndefinedMetricWarning: Precision is ill-defined and being set to 0.0 due to no predicted samples. Use `zero_division` parameter to control this behavior.
  _warn_prf(average, modifier, f"{metric.capitalize()} is", len(result))
/home/yyy/anaconda3/envs/tsclean/lib/python3.9/site-packages/sklearn/metrics/_classification.py:1565: UndefinedMetricWarning: Precision is ill-defined and being set to 0.0 due to no predicted samples. Use `zero_division` parameter to control this behavior.
  _warn_prf(average, modifier, f"{metric.capitalize()} is", len(result))
/home/yyy/anaconda3/envs/tsclean/lib/python3.9/site-packages/sklearn/metrics/_classification.py:1565: UndefinedMetricWarning: Precision is ill-defined and being set to 0.0 due to no predicted samples. Use `zero_division` parameter to control this behavior.
  _warn_prf(average, modifier, f"{metric.capitalize()} is", len(result))
/home/yyy/anaconda3/envs/tsclean/lib/python3.9/site-packages/sklearn/metrics/_classification.py:1565: UndefinedMetricWarning: Precision is ill-defined and being set to 0.0 due to no predicted samples. Use `zero_division` parameter to control this behavior.
  _warn_prf(average, modifier, f"{metric.capitalize()} is", len(result))
/home/yyy/anaconda3/envs/tsclean/lib/python3.9/site-packages/sklearn/metrics/_classification.py:1565: UndefinedMetricWarning: Precision is ill-defined and being set to 0.0 due to no predicted samples. Use `zero_division` parameter to control this behavior.
  _warn_prf(average, modifier, f"{metric.capitalize()} is", len(result))
/home/yyy/anaconda3/envs/tsclean/lib/python3.9/site-packages/sklearn/metrics/_classification.py:1565: UndefinedMetricWarning: Precision is ill-defined and being set to 0.0 due to no predicted samples. Use `zero_division` parameter to control this behavior.
  _warn_prf(average, modifier, f"{metric.capitalize()} is", len(result))
Daphnet_S05R01E1 - PCAStat: 0.6057471179495694
Daphnet_S05R01E1 - KDE: (3892, 9), (3892,),[0 1]
Daphnet_S05R01E1 - KDE: 0.5678192979827488
Daphnet_S05R01E1 - KDE: 0.5678192979827488
Daphnet_S05R01E1 - GMM: (3892, 9), (3892,),[0 1]
Daphnet_S05R01E1 - GMM: 0.6108000573756335
Daphnet_S05R01E1 - GMM: 0.6108000573756335
Daphnet_S05R01E1 - SARAD: (3892, 9), (3892,),[0 1]
SARAD Model initialized on cuda
SARAD training finished. Final loss: 0.007298
Daphnet_S05R01E1 - SARAD: 0.5640394885290657
Daphnet_S05R01E1 - SARAD: 0.5640394885290657
Daphnet_S05R01E1 - SensitiveHUE: (3892, 9), (3892,),[0 1]
SensitiveHUE Model initialized on cuda
Epoch 100/200, Avg NLL Loss: 6.6859
Epoch 200/200, Avg NLL Loss: 5.8593
SensitiveHUE training finished.
Daphnet_S05R01E1 - SensitiveHUE: 0.6418617247492505
Daphnet_S05R01E1 - SensitiveHUE: 0.6418617247492505
Daphnet_S05R01E1 - SensorSCAN: (3892, 9), (3892,),[0 1]
SensorSCAN Model initialized on cuda
Stage 1: Autoencoder Pretraining...
  AE Epoch 100/200, Loss: 0.047299
  AE Epoch 200/200, Loss: 0.038569
Stage 2: SCAN Clustering...
  SCAN Epoch 100/200, Loss: 0.000014
  SCAN Epoch 200/200, Loss: 0.000047
SensorSCAN training finished.
Daphnet_S05R01E1 - SensorSCAN: 0.4569500328160223
Daphnet_S05R01E1 - SensorSCAN: 0.4569500328160223
Daphnet_S05R01E1 - CATCH: (3892, 9), (3892,),[0 1]
CATCH Model initialized on cuda
CATCH training finished. Final loss: nan
Daphnet_S05R01E1 - CATCH: 0.5617317612423853
Daphnet_S05R01E1 - CATCH: 0.5617317612423853
Daphnet_S05R01E1 - DADA: (3892, 9), (3892,),[0 1]
DADA Model initialized on cuda
DADA: Starting stable dual-decoder training...
  Epoch 100/200, Total Loss: 0.697012, Loss_n: 0.763127, Loss_a: 1.156551
  Epoch 200/200, Total Loss: 0.670642, Loss_n: 0.513893, Loss_a: 0.801492
DADA: Training finished.
Daphnet_S05R01E1 - DADA: 0.508991388328737
Daphnet_S05R01E1 - DADA: 0.508991388328737
Results for Daphnet_S05R01E1 written to CSV.
Processing dataset: GECCO_water_quality
GECCO_water_quality - Sub_IForest: (10000, 9), (10000,),[0]
GECCO_water_quality - Sub_IForest: None
GECCO_water_quality - IForest: (10000, 9), (10000,),[0]
GECCO_water_quality - IForest: None
GECCO_water_quality - Sub_LOF: (10000, 9), (10000,),[0]
GECCO_water_quality - Sub_LOF: None
GECCO_water_quality - LOF: (10000, 9), (10000,),[0]
GECCO_water_quality - LOF: None
GECCO_water_quality - Sub_PCA: (10000, 9), (10000,),[0]
GECCO_water_quality - Sub_PCA: None
GECCO_water_quality - PCA: (10000, 9), (10000,),[0]
GECCO_water_quality - PCA: None
GECCO_water_quality - HBOS: (10000, 9), (10000,),[0]
GECCO_water_quality - HBOS: None
GECCO_water_quality - Sub_HBOS: (10000, 9), (10000,),[0]
GECCO_water_quality - Sub_HBOS: None
GECCO_water_quality - KNN: (10000, 9), (10000,),[0]
GECCO_water_quality - KNN: None
GECCO_water_quality - Sub_KNN: (10000, 9), (10000,),[0]
GECCO_water_quality - Sub_KNN: None
GECCO_water_quality - KMeansAD: (10000, 9), (10000,),[0]
GECCO_water_quality - KMeansAD: None
GECCO_water_quality - KMeansAD_U: (10000, 9), (10000,),[0]
GECCO_water_quality - KMeansAD_U: None
GECCO_water_quality - COPOD: (10000, 9), (10000,),[0]
GECCO_water_quality - COPOD: None
GECCO_water_quality - CBLOF: (10000, 9), (10000,),[0]
GECCO_water_quality - CBLOF: None
GECCO_water_quality - COF: (10000, 9), (10000,),[0]
GECCO_water_quality - COF: None
GECCO_water_quality - EIF: (10000, 9), (10000,),[0]
GECCO_water_quality - EIF: None
GECCO_water_quality - RobustPCA: (10000, 9), (10000,),[0]
GECCO_water_quality - RobustPCA: None
GECCO_water_quality - FFT: (10000, 9), (10000,),[0]
GECCO_water_quality - FFT: None
GECCO_water_quality - NORMA: (10000, 9), (10000,),[0]
GECCO_water_quality - NORMA: None
GECCO_water_quality - MovingAverage: (10000, 9), (10000,),[0]
GECCO_water_quality - MovingAverage: None
GECCO_water_quality - EWMA: (10000, 9), (10000,),[0]
GECCO_water_quality - EWMA: None
GECCO_water_quality - SavGol: (10000, 9), (10000,),[0]
GECCO_water_quality - SavGol: None
GECCO_water_quality - Kalman: (10000, 9), (10000,),[0]
GECCO_water_quality - Kalman: None
GECCO_water_quality - LOESS: (10000, 9), (10000,),[0]
GECCO_water_quality - LOESS: None
GECCO_water_quality - HoltWinters: (10000, 9), (10000,),[0]
GECCO_water_quality - HoltWinters: None
GECCO_water_quality - RollingMedian: (10000, 9), (10000,),[0]
GECCO_water_quality - RollingMedian: None
GECCO_water_quality - ZScore: (10000, 9), (10000,),[0]
GECCO_water_quality - ZScore: None
GECCO_water_quality - MAD: (10000, 9), (10000,),[0]
GECCO_water_quality - MAD: None
GECCO_water_quality - IQR: (10000, 9), (10000,),[0]
GECCO_water_quality - IQR: None
GECCO_water_quality - Mahalanobis: (10000, 9), (10000,),[0]
GECCO_water_quality - Mahalanobis: None
GECCO_water_quality - HotellingT2: (10000, 9), (10000,),[0]
GECCO_water_quality - HotellingT2: None
GECCO_water_quality - PCAStat: (10000, 9), (10000,),[0]
GECCO_water_quality - PCAStat: None
GECCO_water_quality - KDE: (10000, 9), (10000,),[0]
GECCO_water_quality - KDE: None
GECCO_water_quality - GMM: (10000, 9), (10000,),[0]
GECCO_water_quality - GMM: None
GECCO_water_quality - SARAD: (10000, 9), (10000,),[0]
GECCO_water_quality - SARAD: None
GECCO_water_quality - SensitiveHUE: (10000, 9), (10000,),[0]
GECCO_water_quality - SensitiveHUE: None
GECCO_water_quality - SensorSCAN: (10000, 9), (10000,),[0]
GECCO_water_quality - SensorSCAN: None
GECCO_water_quality - CATCH: (10000, 9), (10000,),[0]
GECCO_water_quality - CATCH: None
GECCO_water_quality - DADA: (10000, 9), (10000,),[0]
GECCO_water_quality - DADA: None
Results for GECCO_water_quality written to CSV.
Processing dataset: GHL_41_Lev_corr_Temp_fault_seed_181_vars_23
GHL_41_Lev_corr_Temp_fault_seed_181_vars_23 - Sub_IForest: (10000, 16), (10000,),[0 1]
GHL_41_Lev_corr_Temp_fault_seed_181_vars_23 - Sub_IForest: 0.07386769055483138
GHL_41_Lev_corr_Temp_fault_seed_181_vars_23 - Sub_IForest: 0.07386769055483138
GHL_41_Lev_corr_Temp_fault_seed_181_vars_23 - IForest: (10000, 16), (10000,),[0 1]
GHL_41_Lev_corr_Temp_fault_seed_181_vars_23 - IForest: 0.06793115348181474
GHL_41_Lev_corr_Temp_fault_seed_181_vars_23 - IForest: 0.06793115348181474
GHL_41_Lev_corr_Temp_fault_seed_181_vars_23 - Sub_LOF: (10000, 16), (10000,),[0 1]
GHL_41_Lev_corr_Temp_fault_seed_181_vars_23 - Sub_LOF: 0.06855885237747385
GHL_41_Lev_corr_Temp_fault_seed_181_vars_23 - Sub_LOF: 0.06855885237747385
GHL_41_Lev_corr_Temp_fault_seed_181_vars_23 - LOF: (10000, 16), (10000,),[0 1]
GHL_41_Lev_corr_Temp_fault_seed_181_vars_23 - LOF: 0.07304065125594088
GHL_41_Lev_corr_Temp_fault_seed_181_vars_23 - LOF: 0.07304065125594088
GHL_41_Lev_corr_Temp_fault_seed_181_vars_23 - Sub_PCA: (10000, 16), (10000,),[0 1]
GHL_41_Lev_corr_Temp_fault_seed_181_vars_23 - Sub_PCA: 0.18894016194629093
GHL_41_Lev_corr_Temp_fault_seed_181_vars_23 - Sub_PCA: 0.18894016194629093
GHL_41_Lev_corr_Temp_fault_seed_181_vars_23 - PCA: (10000, 16), (10000,),[0 1]
GHL_41_Lev_corr_Temp_fault_seed_181_vars_23 - PCA: 0.16877189675635784
GHL_41_Lev_corr_Temp_fault_seed_181_vars_23 - PCA: 0.16877189675635784
GHL_41_Lev_corr_Temp_fault_seed_181_vars_23 - HBOS: (10000, 16), (10000,),[0 1]
GHL_41_Lev_corr_Temp_fault_seed_181_vars_23 - HBOS: 0.06208760712716278
GHL_41_Lev_corr_Temp_fault_seed_181_vars_23 - HBOS: 0.06208760712716278
GHL_41_Lev_corr_Temp_fault_seed_181_vars_23 - Sub_HBOS: (10000, 16), (10000,),[0 1]
GHL_41_Lev_corr_Temp_fault_seed_181_vars_23 - Sub_HBOS: 0.06241232492090577
GHL_41_Lev_corr_Temp_fault_seed_181_vars_23 - Sub_HBOS: 0.06241232492090577
GHL_41_Lev_corr_Temp_fault_seed_181_vars_23 - KNN: (10000, 16), (10000,),[0 1]
GHL_41_Lev_corr_Temp_fault_seed_181_vars_23 - KNN: 0.05576839742438029
GHL_41_Lev_corr_Temp_fault_seed_181_vars_23 - KNN: 0.05576839742438029
GHL_41_Lev_corr_Temp_fault_seed_181_vars_23 - Sub_KNN: (10000, 16), (10000,),[0 1]
GHL_41_Lev_corr_Temp_fault_seed_181_vars_23 - Sub_KNN: 0.05112204923981996
GHL_41_Lev_corr_Temp_fault_seed_181_vars_23 - Sub_KNN: 0.05112204923981996
GHL_41_Lev_corr_Temp_fault_seed_181_vars_23 - KMeansAD: (10000, 16), (10000,),[0 1]
GHL_41_Lev_corr_Temp_fault_seed_181_vars_23 - KMeansAD: 0.05356787425680555
GHL_41_Lev_corr_Temp_fault_seed_181_vars_23 - KMeansAD: 0.05356787425680555
/home/yyy/anaconda3/envs/tsclean/lib/python3.9/site-packages/sklearn/metrics/_classification.py:1565: UndefinedMetricWarning: Precision is ill-defined and being set to 0.0 due to no predicted samples. Use `zero_division` parameter to control this behavior.
  _warn_prf(average, modifier, f"{metric.capitalize()} is", len(result))
/home/yyy/anaconda3/envs/tsclean/lib/python3.9/site-packages/sklearn/metrics/_classification.py:1565: UndefinedMetricWarning: Precision is ill-defined and being set to 0.0 due to no predicted samples. Use `zero_division` parameter to control this behavior.
  _warn_prf(average, modifier, f"{metric.capitalize()} is", len(result))
/home/yyy/anaconda3/envs/tsclean/lib/python3.9/site-packages/sklearn/metrics/_classification.py:1565: UndefinedMetricWarning: Precision is ill-defined and being set to 0.0 due to no predicted samples. Use `zero_division` parameter to control this behavior.
  _warn_prf(average, modifier, f"{metric.capitalize()} is", len(result))
/home/yyy/anaconda3/envs/tsclean/lib/python3.9/site-packages/sklearn/metrics/_classification.py:1565: UndefinedMetricWarning: Precision is ill-defined and being set to 0.0 due to no predicted samples. Use `zero_division` parameter to control this behavior.
  _warn_prf(average, modifier, f"{metric.capitalize()} is", len(result))
/home/yyy/anaconda3/envs/tsclean/lib/python3.9/site-packages/sklearn/metrics/_classification.py:1565: UndefinedMetricWarning: Precision is ill-defined and being set to 0.0 due to no predicted samples. Use `zero_division` parameter to control this behavior.
  _warn_prf(average, modifier, f"{metric.capitalize()} is", len(result))
/home/yyy/anaconda3/envs/tsclean/lib/python3.9/site-packages/sklearn/metrics/_classification.py:1565: UndefinedMetricWarning: Precision is ill-defined and being set to 0.0 due to no predicted samples. Use `zero_division` parameter to control this behavior.
  _warn_prf(average, modifier, f"{metric.capitalize()} is", len(result))
/home/yyy/anaconda3/envs/tsclean/lib/python3.9/site-packages/sklearn/metrics/_classification.py:1565: UndefinedMetricWarning: Precision is ill-defined and being set to 0.0 due to no predicted samples. Use `zero_division` parameter to control this behavior.
  _warn_prf(average, modifier, f"{metric.capitalize()} is", len(result))
/home/yyy/anaconda3/envs/tsclean/lib/python3.9/site-packages/sklearn/metrics/_classification.py:1565: UndefinedMetricWarning: Precision is ill-defined and being set to 0.0 due to no predicted samples. Use `zero_division` parameter to control this behavior.
  _warn_prf(average, modifier, f"{metric.capitalize()} is", len(result))
/home/yyy/anaconda3/envs/tsclean/lib/python3.9/site-packages/sklearn/metrics/_classification.py:1565: UndefinedMetricWarning: Precision is ill-defined and being set to 0.0 due to no predicted samples. Use `zero_division` parameter to control this behavior.
  _warn_prf(average, modifier, f"{metric.capitalize()} is", len(result))
/home/yyy/anaconda3/envs/tsclean/lib/python3.9/site-packages/sklearn/metrics/_classification.py:1565: UndefinedMetricWarning: Precision is ill-defined and being set to 0.0 due to no predicted samples. Use `zero_division` parameter to control this behavior.
  _warn_prf(average, modifier, f"{metric.capitalize()} is", len(result))
GHL_41_Lev_corr_Temp_fault_seed_181_vars_23 - KMeansAD_U: (10000, 16), (10000,),[0 1]
GHL_41_Lev_corr_Temp_fault_seed_181_vars_23 - KMeansAD_U: 0.052119438897309855
GHL_41_Lev_corr_Temp_fault_seed_181_vars_23 - KMeansAD_U: 0.052119438897309855
GHL_41_Lev_corr_Temp_fault_seed_181_vars_23 - COPOD: (10000, 16), (10000,),[0 1]
GHL_41_Lev_corr_Temp_fault_seed_181_vars_23 - COPOD: 0.08595673389779489
GHL_41_Lev_corr_Temp_fault_seed_181_vars_23 - COPOD: 0.08595673389779489
GHL_41_Lev_corr_Temp_fault_seed_181_vars_23 - CBLOF: (10000, 16), (10000,),[0 1]
GHL_41_Lev_corr_Temp_fault_seed_181_vars_23 - CBLOF: 0.10953259385743698
GHL_41_Lev_corr_Temp_fault_seed_181_vars_23 - CBLOF: 0.10953259385743698
GHL_41_Lev_corr_Temp_fault_seed_181_vars_23 - COF: (10000, 16), (10000,),[0 1]
GHL_41_Lev_corr_Temp_fault_seed_181_vars_23 - COF: 0.09485381602233743
GHL_41_Lev_corr_Temp_fault_seed_181_vars_23 - COF: 0.09485381602233743
GHL_41_Lev_corr_Temp_fault_seed_181_vars_23 - EIF: (10000, 16), (10000,),[0 1]
GHL_41_Lev_corr_Temp_fault_seed_181_vars_23 - EIF: 0.11514601096027799
GHL_41_Lev_corr_Temp_fault_seed_181_vars_23 - EIF: 0.11514601096027799
GHL_41_Lev_corr_Temp_fault_seed_181_vars_23 - RobustPCA: (10000, 16), (10000,),[0 1]
iteration: 1, error: 157.85467751836353
iteration: 100, error: 0.9059296351484308
iteration: 200, error: 0.1945197289383533
iteration: 300, error: 0.13065815818874835
iteration: 400, error: 0.09580955136307316
iteration: 500, error: 0.07319953469921381
iteration: 600, error: 0.05632713626617711
iteration: 700, error: 0.04136741866806799
iteration: 800, error: 0.023081381956304523
iteration: 900, error: 0.01872601455169933
iteration: 1000, error: 0.016206662199016113
GHL_41_Lev_corr_Temp_fault_seed_181_vars_23 - RobustPCA: 0.1518672714973263
GHL_41_Lev_corr_Temp_fault_seed_181_vars_23 - RobustPCA: 0.1518672714973263
GHL_41_Lev_corr_Temp_fault_seed_181_vars_23 - FFT: (10000, 16), (10000,),[0 1]
GHL_41_Lev_corr_Temp_fault_seed_181_vars_23 - FFT: 0.06322283486150476
GHL_41_Lev_corr_Temp_fault_seed_181_vars_23 - FFT: 0.06322283486150476
GHL_41_Lev_corr_Temp_fault_seed_181_vars_23 - NORMA: (10000, 16), (10000,),[0 1]
GHL_41_Lev_corr_Temp_fault_seed_181_vars_23 - NORMA: 0.10896884495835041
GHL_41_Lev_corr_Temp_fault_seed_181_vars_23 - NORMA: 0.10896884495835041
GHL_41_Lev_corr_Temp_fault_seed_181_vars_23 - MovingAverage: (10000, 16), (10000,),[0 1]
GHL_41_Lev_corr_Temp_fault_seed_181_vars_23 - MovingAverage: 0.059473032001465864
GHL_41_Lev_corr_Temp_fault_seed_181_vars_23 - MovingAverage: 0.059473032001465864
GHL_41_Lev_corr_Temp_fault_seed_181_vars_23 - EWMA: (10000, 16), (10000,),[0 1]
GHL_41_Lev_corr_Temp_fault_seed_181_vars_23 - EWMA: 0.05212922894197546
GHL_41_Lev_corr_Temp_fault_seed_181_vars_23 - EWMA: 0.05212922894197546
GHL_41_Lev_corr_Temp_fault_seed_181_vars_23 - SavGol: (10000, 16), (10000,),[0 1]
GHL_41_Lev_corr_Temp_fault_seed_181_vars_23 - SavGol: 0.07609533894524045
GHL_41_Lev_corr_Temp_fault_seed_181_vars_23 - SavGol: 0.07609533894524045
GHL_41_Lev_corr_Temp_fault_seed_181_vars_23 - Kalman: (10000, 16), (10000,),[0 1]
GHL_41_Lev_corr_Temp_fault_seed_181_vars_23 - Kalman: 0.052385521682120795
GHL_41_Lev_corr_Temp_fault_seed_181_vars_23 - Kalman: 0.052385521682120795
GHL_41_Lev_corr_Temp_fault_seed_181_vars_23 - LOESS: (10000, 16), (10000,),[0 1]
GHL_41_Lev_corr_Temp_fault_seed_181_vars_23 - LOESS: 0.11540900835181668
GHL_41_Lev_corr_Temp_fault_seed_181_vars_23 - LOESS: 0.11540900835181668
GHL_41_Lev_corr_Temp_fault_seed_181_vars_23 - HoltWinters: (10000, 16), (10000,),[0 1]
GHL_41_Lev_corr_Temp_fault_seed_181_vars_23 - HoltWinters: 0.051273455634182126
GHL_41_Lev_corr_Temp_fault_seed_181_vars_23 - HoltWinters: 0.051273455634182126
GHL_41_Lev_corr_Temp_fault_seed_181_vars_23 - RollingMedian: (10000, 16), (10000,),[0 1]
GHL_41_Lev_corr_Temp_fault_seed_181_vars_23 - RollingMedian: 0.091523783541393
GHL_41_Lev_corr_Temp_fault_seed_181_vars_23 - RollingMedian: 0.091523783541393
GHL_41_Lev_corr_Temp_fault_seed_181_vars_23 - ZScore: (10000, 16), (10000,),[0 1]
GHL_41_Lev_corr_Temp_fault_seed_181_vars_23 - ZScore: 0.14954079939016923
GHL_41_Lev_corr_Temp_fault_seed_181_vars_23 - ZScore: 0.14954079939016923
GHL_41_Lev_corr_Temp_fault_seed_181_vars_23 - MAD: (10000, 16), (10000,),[0 1]
GHL_41_Lev_corr_Temp_fault_seed_181_vars_23 - MAD: 0.3287510584490527
GHL_41_Lev_corr_Temp_fault_seed_181_vars_23 - MAD: 0.3287510584490527
GHL_41_Lev_corr_Temp_fault_seed_181_vars_23 - IQR: (10000, 16), (10000,),[0 1]
GHL_41_Lev_corr_Temp_fault_seed_181_vars_23 - IQR: 0.1838710013842082
GHL_41_Lev_corr_Temp_fault_seed_181_vars_23 - IQR: 0.1838710013842082
GHL_41_Lev_corr_Temp_fault_seed_181_vars_23 - Mahalanobis: (10000, 16), (10000,),[0 1]
GHL_41_Lev_corr_Temp_fault_seed_181_vars_23 - Mahalanobis: 0.09596455199003275
GHL_41_Lev_corr_Temp_fault_seed_181_vars_23 - Mahalanobis: 0.09596455199003275
GHL_41_Lev_corr_Temp_fault_seed_181_vars_23 - HotellingT2: (10000, 16), (10000,),[0 1]
GHL_41_Lev_corr_Temp_fault_seed_181_vars_23 - HotellingT2: 0.09596455199003275
GHL_41_Lev_corr_Temp_fault_seed_181_vars_23 - HotellingT2: 0.09596455199003275
GHL_41_Lev_corr_Temp_fault_seed_181_vars_23 - PCAStat: (10000, 16), (10000,),[0 1]
GHL_41_Lev_corr_Temp_fault_seed_181_vars_23 - PCAStat: 0.13094811127806075
GHL_41_Lev_corr_Temp_fault_seed_181_vars_23 - PCAStat: 0.13094811127806075
GHL_41_Lev_corr_Temp_fault_seed_181_vars_23 - KDE: (10000, 16), (10000,),[0 1]
GHL_41_Lev_corr_Temp_fault_seed_181_vars_23 - KDE: 0.05817073942046594
GHL_41_Lev_corr_Temp_fault_seed_181_vars_23 - KDE: 0.05817073942046594
GHL_41_Lev_corr_Temp_fault_seed_181_vars_23 - GMM: (10000, 16), (10000,),[0 1]
GHL_41_Lev_corr_Temp_fault_seed_181_vars_23 - GMM: 0.21710742019236223
GHL_41_Lev_corr_Temp_fault_seed_181_vars_23 - GMM: 0.21710742019236223
GHL_41_Lev_corr_Temp_fault_seed_181_vars_23 - SARAD: (10000, 16), (10000,),[0 1]
SARAD Model initialized on cuda
SARAD training finished. Final loss: 0.002386
GHL_41_Lev_corr_Temp_fault_seed_181_vars_23 - SARAD: 0.0479948867993546
GHL_41_Lev_corr_Temp_fault_seed_181_vars_23 - SARAD: 0.0479948867993546
GHL_41_Lev_corr_Temp_fault_seed_181_vars_23 - SensitiveHUE: (10000, 16), (10000,),[0 1]
SensitiveHUE Model initialized on cuda
Epoch 100/200, Avg NLL Loss: -0.0813
Epoch 200/200, Avg NLL Loss: -0.1450
SensitiveHUE training finished.
GHL_41_Lev_corr_Temp_fault_seed_181_vars_23 - SensitiveHUE: 0.20885785973475265
GHL_41_Lev_corr_Temp_fault_seed_181_vars_23 - SensitiveHUE: 0.20885785973475265
GHL_41_Lev_corr_Temp_fault_seed_181_vars_23 - SensorSCAN: (10000, 16), (10000,),[0 1]
SensorSCAN Model initialized on cuda
Stage 1: Autoencoder Pretraining...
  AE Epoch 100/200, Loss: 0.001157
  AE Epoch 200/200, Loss: 0.000569
Stage 2: SCAN Clustering...
  SCAN Epoch 100/200, Loss: 0.001477
  SCAN Epoch 200/200, Loss: 0.001796
SensorSCAN training finished.
GHL_41_Lev_corr_Temp_fault_seed_181_vars_23 - SensorSCAN: 0.08230540219815007
GHL_41_Lev_corr_Temp_fault_seed_181_vars_23 - SensorSCAN: 0.08230540219815007
GHL_41_Lev_corr_Temp_fault_seed_181_vars_23 - CATCH: (10000, 16), (10000,),[0 1]
CATCH Model initialized on cuda
CATCH training finished. Final loss: 6590467.000000
GHL_41_Lev_corr_Temp_fault_seed_181_vars_23 - CATCH: 0.3368036651338993
GHL_41_Lev_corr_Temp_fault_seed_181_vars_23 - CATCH: 0.3368036651338993
GHL_41_Lev_corr_Temp_fault_seed_181_vars_23 - DADA: (10000, 16), (10000,),[0 1]
DADA Model initialized on cuda
DADA: Starting stable dual-decoder training...
  Epoch 100/200, Total Loss: 0.290519, Loss_n: 0.240692, Loss_a: 0.904190
  Epoch 200/200, Total Loss: 0.289785, Loss_n: 0.353936, Loss_a: 1.107913
DADA: Training finished.
GHL_41_Lev_corr_Temp_fault_seed_181_vars_23 - DADA: 0.062051293312953636
GHL_41_Lev_corr_Temp_fault_seed_181_vars_23 - DADA: 0.062051293312953636
Results for GHL_41_Lev_corr_Temp_fault_seed_181_vars_23 written to CSV.
Processing dataset: GutenTAG_0
GutenTAG_0 - Sub_IForest: (4000, 20), (4000,),[0 1]
GutenTAG_0 - Sub_IForest: 0.017327419501140678
GutenTAG_0 - Sub_IForest: 0.017327419501140678
GutenTAG_0 - IForest: (4000, 20), (4000,),[0 1]
GutenTAG_0 - IForest: 0.011754953265779829
GutenTAG_0 - IForest: 0.011754953265779829
/home/yyy/TSC/TSClean/AutoClean/Error_Detection/detectors/models/PCA.py:282: RuntimeWarning: divide by zero encountered in divide
  cdist(X, self.selected_components_) / self.selected_w_components_,
/home/yyy/anaconda3/envs/tsclean/lib/python3.9/site-packages/numpy/lib/_function_base_impl.py:4779: RuntimeWarning: invalid value encountered in subtract
  diff_b_a = subtract(b, a)
/home/yyy/anaconda3/envs/tsclean/lib/python3.9/site-packages/numpy/_core/_methods.py:185: RuntimeWarning: invalid value encountered in subtract
  x = asanyarray(arr - arrmean)
/home/yyy/anaconda3/envs/tsclean/lib/python3.9/site-packages/sklearn/metrics/_classification.py:1565: UndefinedMetricWarning: Precision is ill-defined and being set to 0.0 due to no predicted samples. Use `zero_division` parameter to control this behavior.
  _warn_prf(average, modifier, f"{metric.capitalize()} is", len(result))
/home/yyy/anaconda3/envs/tsclean/lib/python3.9/site-packages/sklearn/metrics/_classification.py:1565: UndefinedMetricWarning: Precision is ill-defined and being set to 0.0 due to no predicted samples. Use `zero_division` parameter to control this behavior.
  _warn_prf(average, modifier, f"{metric.capitalize()} is", len(result))
/home/yyy/anaconda3/envs/tsclean/lib/python3.9/site-packages/sklearn/metrics/_classification.py:1565: UndefinedMetricWarning: Precision is ill-defined and being set to 0.0 due to no predicted samples. Use `zero_division` parameter to control this behavior.
  _warn_prf(average, modifier, f"{metric.capitalize()} is", len(result))
/home/yyy/anaconda3/envs/tsclean/lib/python3.9/site-packages/sklearn/metrics/_classification.py:1565: UndefinedMetricWarning: Precision is ill-defined and being set to 0.0 due to no predicted samples. Use `zero_division` parameter to control this behavior.
  _warn_prf(average, modifier, f"{metric.capitalize()} is", len(result))
/home/yyy/anaconda3/envs/tsclean/lib/python3.9/site-packages/sklearn/metrics/_classification.py:1565: UndefinedMetricWarning: Precision is ill-defined and being set to 0.0 due to no predicted samples. Use `zero_division` parameter to control this behavior.
  _warn_prf(average, modifier, f"{metric.capitalize()} is", len(result))
/home/yyy/anaconda3/envs/tsclean/lib/python3.9/site-packages/sklearn/metrics/_classification.py:1565: UndefinedMetricWarning: Precision is ill-defined and being set to 0.0 due to no predicted samples. Use `zero_division` parameter to control this behavior.
  _warn_prf(average, modifier, f"{metric.capitalize()} is", len(result))
/home/yyy/anaconda3/envs/tsclean/lib/python3.9/site-packages/sklearn/metrics/_classification.py:1565: UndefinedMetricWarning: Precision is ill-defined and being set to 0.0 due to no predicted samples. Use `zero_division` parameter to control this behavior.
  _warn_prf(average, modifier, f"{metric.capitalize()} is", len(result))
/home/yyy/anaconda3/envs/tsclean/lib/python3.9/site-packages/sklearn/metrics/_classification.py:1565: UndefinedMetricWarning: Precision is ill-defined and being set to 0.0 due to no predicted samples. Use `zero_division` parameter to control this behavior.
  _warn_prf(average, modifier, f"{metric.capitalize()} is", len(result))
/home/yyy/anaconda3/envs/tsclean/lib/python3.9/site-packages/sklearn/metrics/_classification.py:1565: UndefinedMetricWarning: Precision is ill-defined and being set to 0.0 due to no predicted samples. Use `zero_division` parameter to control this behavior.
  _warn_prf(average, modifier, f"{metric.capitalize()} is", len(result))
/home/yyy/anaconda3/envs/tsclean/lib/python3.9/site-packages/sklearn/metrics/_classification.py:1565: UndefinedMetricWarning: Precision is ill-defined and being set to 0.0 due to no predicted samples. Use `zero_division` parameter to control this behavior.
  _warn_prf(average, modifier, f"{metric.capitalize()} is", len(result))
/home/yyy/anaconda3/envs/tsclean/lib/python3.9/site-packages/sklearn/metrics/_classification.py:1565: UndefinedMetricWarning: Precision is ill-defined and being set to 0.0 due to no predicted samples. Use `zero_division` parameter to control this behavior.
  _warn_prf(average, modifier, f"{metric.capitalize()} is", len(result))
/home/yyy/anaconda3/envs/tsclean/lib/python3.9/site-packages/sklearn/metrics/_classification.py:1565: UndefinedMetricWarning: Precision is ill-defined and being set to 0.0 due to no predicted samples. Use `zero_division` parameter to control this behavior.
  _warn_prf(average, modifier, f"{metric.capitalize()} is", len(result))
/home/yyy/anaconda3/envs/tsclean/lib/python3.9/site-packages/sklearn/metrics/_classification.py:1565: UndefinedMetricWarning: Precision is ill-defined and being set to 0.0 due to no predicted samples. Use `zero_division` parameter to control this behavior.
  _warn_prf(average, modifier, f"{metric.capitalize()} is", len(result))
/home/yyy/anaconda3/envs/tsclean/lib/python3.9/site-packages/sklearn/metrics/_classification.py:1565: UndefinedMetricWarning: Precision is ill-defined and being set to 0.0 due to no predicted samples. Use `zero_division` parameter to control this behavior.
  _warn_prf(average, modifier, f"{metric.capitalize()} is", len(result))
/home/yyy/anaconda3/envs/tsclean/lib/python3.9/site-packages/statsmodels/tsa/stattools.py:702: RuntimeWarning: invalid value encountered in divide
  acf = avf[: nlags + 1] / avf[0]
/home/yyy/anaconda3/envs/tsclean/lib/python3.9/site-packages/statsmodels/tsa/stattools.py:702: RuntimeWarning: invalid value encountered in divide
  acf = avf[: nlags + 1] / avf[0]
/home/yyy/anaconda3/envs/tsclean/lib/python3.9/site-packages/statsmodels/tsa/stattools.py:702: RuntimeWarning: invalid value encountered in divide
  acf = avf[: nlags + 1] / avf[0]
/home/yyy/anaconda3/envs/tsclean/lib/python3.9/site-packages/statsmodels/tsa/stattools.py:702: RuntimeWarning: invalid value encountered in divide
  acf = avf[: nlags + 1] / avf[0]
/home/yyy/anaconda3/envs/tsclean/lib/python3.9/site-packages/statsmodels/tsa/stattools.py:702: RuntimeWarning: invalid value encountered in divide
  acf = avf[: nlags + 1] / avf[0]
/home/yyy/anaconda3/envs/tsclean/lib/python3.9/site-packages/statsmodels/tsa/stattools.py:702: RuntimeWarning: invalid value encountered in divide
  acf = avf[: nlags + 1] / avf[0]
/home/yyy/anaconda3/envs/tsclean/lib/python3.9/site-packages/statsmodels/tsa/stattools.py:702: RuntimeWarning: invalid value encountered in divide
  acf = avf[: nlags + 1] / avf[0]
/home/yyy/anaconda3/envs/tsclean/lib/python3.9/site-packages/sklearn/metrics/_classification.py:1565: UndefinedMetricWarning: Precision is ill-defined and being set to 0.0 due to no predicted samples. Use `zero_division` parameter to control this behavior.
  _warn_prf(average, modifier, f"{metric.capitalize()} is", len(result))
/home/yyy/anaconda3/envs/tsclean/lib/python3.9/site-packages/statsmodels/tsa/stattools.py:702: RuntimeWarning: invalid value encountered in divide
  acf = avf[: nlags + 1] / avf[0]
/home/yyy/anaconda3/envs/tsclean/lib/python3.9/site-packages/statsmodels/tsa/stattools.py:702: RuntimeWarning: invalid value encountered in divide
  acf = avf[: nlags + 1] / avf[0]
/home/yyy/anaconda3/envs/tsclean/lib/python3.9/site-packages/statsmodels/tsa/stattools.py:702: RuntimeWarning: invalid value encountered in divide
  acf = avf[: nlags + 1] / avf[0]
/home/yyy/anaconda3/envs/tsclean/lib/python3.9/site-packages/sklearn/metrics/_classification.py:1565: UndefinedMetricWarning: Precision is ill-defined and being set to 0.0 due to no predicted samples. Use `zero_division` parameter to control this behavior.
  _warn_prf(average, modifier, f"{metric.capitalize()} is", len(result))
/home/yyy/anaconda3/envs/tsclean/lib/python3.9/site-packages/statsmodels/tsa/stattools.py:702: RuntimeWarning: invalid value encountered in divide
  acf = avf[: nlags + 1] / avf[0]
/home/yyy/anaconda3/envs/tsclean/lib/python3.9/site-packages/statsmodels/tsa/stattools.py:702: RuntimeWarning: invalid value encountered in divide
  acf = avf[: nlags + 1] / avf[0]
/home/yyy/anaconda3/envs/tsclean/lib/python3.9/site-packages/sklearn/metrics/_classification.py:1565: UndefinedMetricWarning: Precision is ill-defined and being set to 0.0 due to no predicted samples. Use `zero_division` parameter to control this behavior.
  _warn_prf(average, modifier, f"{metric.capitalize()} is", len(result))
GutenTAG_0 - Sub_LOF: (4000, 20), (4000,),[0 1]
GutenTAG_0 - Sub_LOF: 0.022525270758511816
GutenTAG_0 - Sub_LOF: 0.022525270758511816
GutenTAG_0 - LOF: (4000, 20), (4000,),[0 1]
GutenTAG_0 - LOF: 0.022595795937960492
GutenTAG_0 - LOF: 0.022595795937960492
GutenTAG_0 - Sub_PCA: (4000, 20), (4000,),[0 1]
GutenTAG_0 - Sub_PCA: 0.01401444526418687
GutenTAG_0 - Sub_PCA: 0.01401444526418687
GutenTAG_0 - PCA: (4000, 20), (4000,),[0 1]
GutenTAG_0 - PCA: 0.01267705408667771
GutenTAG_0 - PCA: 0.01267705408667771
GutenTAG_0 - HBOS: (4000, 20), (4000,),[0 1]
GutenTAG_0 - HBOS: 0.01490323920325213
GutenTAG_0 - HBOS: 0.01490323920325213
GutenTAG_0 - Sub_HBOS: (4000, 20), (4000,),[0 1]
GutenTAG_0 - Sub_HBOS: 0.01583154972648899
GutenTAG_0 - Sub_HBOS: 0.01583154972648899
GutenTAG_0 - KNN: (4000, 20), (4000,),[0 1]
GutenTAG_0 - KNN: 0.03353319267537414
GutenTAG_0 - KNN: 0.03353319267537414
GutenTAG_0 - Sub_KNN: (4000, 20), (4000,),[0 1]
GutenTAG_0 - Sub_KNN: 0.03521010267800596
GutenTAG_0 - Sub_KNN: 0.03521010267800596
GutenTAG_0 - KMeansAD: (4000, 20), (4000,),[0 1]
GutenTAG_0 - KMeansAD: 0.021038227148709794
GutenTAG_0 - KMeansAD: 0.021038227148709794
GutenTAG_0 - KMeansAD_U: (4000, 20), (4000,),[0 1]
GutenTAG_0 - KMeansAD_U: 0.042842527511410565
GutenTAG_0 - KMeansAD_U: 0.042842527511410565
GutenTAG_0 - COPOD: (4000, 20), (4000,),[0 1]
GutenTAG_0 - COPOD: 0.014143875607318975
GutenTAG_0 - COPOD: 0.014143875607318975
GutenTAG_0 - CBLOF: (4000, 20), (4000,),[0 1]
GutenTAG_0 - CBLOF: 0.09700434011247443
GutenTAG_0 - CBLOF: 0.09700434011247443
GutenTAG_0 - COF: (4000, 20), (4000,),[0 1]
GutenTAG_0 - COF: 0.012596632027922595
GutenTAG_0 - COF: 0.012596632027922595
GutenTAG_0 - EIF: (4000, 20), (4000,),[0 1]
GutenTAG_0 - EIF: 0.05956536632734677
GutenTAG_0 - EIF: 0.05956536632734677
GutenTAG_0 - RobustPCA: (4000, 20), (4000,),[0 1]
iteration: 1, error: 0.6062127643103189
iteration: 100, error: 0.0006031574013074257
iteration: 200, error: 0.0005601631968402758
iteration: 300, error: 0.00041370463208651576
iteration: 400, error: 0.0003727944699001325
iteration: 500, error: 0.00037720145262485277
iteration: 600, error: 0.00040843598153437614
iteration: 700, error: 0.0006535749074711661
iteration: 800, error: 0.0018026221842602805
iteration: 900, error: 0.0003341173802248433
iteration: 1000, error: 0.0004676773746513518
GutenTAG_0 - RobustPCA: 0.01957560446028133
GutenTAG_0 - RobustPCA: 0.01957560446028133
GutenTAG_0 - FFT: (4000, 20), (4000,),[0 1]
GutenTAG_0 - FFT: 0.016067421505165786
GutenTAG_0 - FFT: 0.016067421505165786
GutenTAG_0 - NORMA: (4000, 20), (4000,),[0 1]
GutenTAG_0 - NORMA: 0.0113819207412116
GutenTAG_0 - NORMA: 0.0113819207412116
GutenTAG_0 - MovingAverage: (4000, 20), (4000,),[0 1]
GutenTAG_0 - MovingAverage: 0.016798743016249236
GutenTAG_0 - MovingAverage: 0.016798743016249236
GutenTAG_0 - EWMA: (4000, 20), (4000,),[0 1]
GutenTAG_0 - EWMA: 0.016138167167650326
GutenTAG_0 - EWMA: 0.016138167167650326
GutenTAG_0 - SavGol: (4000, 20), (4000,),[0 1]
GutenTAG_0 - SavGol: 0.015958582660528485
GutenTAG_0 - SavGol: 0.015958582660528485
GutenTAG_0 - Kalman: (4000, 20), (4000,),[0 1]
GutenTAG_0 - Kalman: 0.01530434530128282
GutenTAG_0 - Kalman: 0.01530434530128282
GutenTAG_0 - LOESS: (4000, 20), (4000,),[0 1]
GutenTAG_0 - LOESS: 0.017940535729146775
GutenTAG_0 - LOESS: 0.017940535729146775
GutenTAG_0 - HoltWinters: (4000, 20), (4000,),[0 1]
GutenTAG_0 - HoltWinters: 0.015755034169914913
GutenTAG_0 - HoltWinters: 0.015755034169914913
GutenTAG_0 - RollingMedian: (4000, 20), (4000,),[0 1]
GutenTAG_0 - RollingMedian: 0.036933094563278944
GutenTAG_0 - RollingMedian: 0.036933094563278944
GutenTAG_0 - ZScore: (4000, 20), (4000,),[0 1]
GutenTAG_0 - ZScore: 0.01267131569657562
GutenTAG_0 - ZScore: 0.01267131569657562
GutenTAG_0 - MAD: (4000, 20), (4000,),[0 1]
GutenTAG_0 - MAD: 0.021195744622080404
GutenTAG_0 - MAD: 0.021195744622080404
GutenTAG_0 - IQR: (4000, 20), (4000,),[0 1]
GutenTAG_0 - IQR: 0.013085081565745659
GutenTAG_0 - IQR: 0.013085081565745659
GutenTAG_0 - Mahalanobis: (4000, 20), (4000,),[0 1]
GutenTAG_0 - Mahalanobis: 0.013259463249977912
GutenTAG_0 - Mahalanobis: 0.013259463249977912
GutenTAG_0 - HotellingT2: (4000, 20), (4000,),[0 1]
GutenTAG_0 - HotellingT2: 0.013259463249977912
GutenTAG_0 - HotellingT2: 0.013259463249977912
GutenTAG_0 - PCAStat: (4000, 20), (4000,),[0 1]
GutenTAG_0 - PCAStat: 0.010100458575348721
GutenTAG_0 - PCAStat: 0.010100458575348721
GutenTAG_0 - KDE: (4000, 20), (4000,),[0 1]
GutenTAG_0 - KDE: 0.014502031778574922
GutenTAG_0 - KDE: 0.014502031778574922
GutenTAG_0 - GMM: (4000, 20), (4000,),[0 1]
GutenTAG_0 - GMM: 0.013193040973945646
GutenTAG_0 - GMM: 0.013193040973945646
GutenTAG_0 - SARAD: (4000, 20), (4000,),[0 1]
SARAD Model initialized on cuda
SARAD training finished. Final loss: 0.015486
GutenTAG_0 - SARAD: 0.016148053061563934
GutenTAG_0 - SARAD: 0.016148053061563934
GutenTAG_0 - SensitiveHUE: (4000, 20), (4000,),[0 1]
SensitiveHUE Model initialized on cuda
Epoch 100/200, Avg NLL Loss: -4.8128
Epoch 200/200, Avg NLL Loss: -5.0863
SensitiveHUE training finished.
GutenTAG_0 - SensitiveHUE: 0.010149394441708181
GutenTAG_0 - SensitiveHUE: 0.010149394441708181
GutenTAG_0 - SensorSCAN: (4000, 20), (4000,),[0 1]
SensorSCAN Model initialized on cuda
Stage 1: Autoencoder Pretraining...
  AE Epoch 100/200, Loss: 0.008388
  AE Epoch 200/200, Loss: 0.006270
Stage 2: SCAN Clustering...
  SCAN Epoch 100/200, Loss: 0.002461
  SCAN Epoch 200/200, Loss: 0.001710
SensorSCAN training finished.
GutenTAG_0 - SensorSCAN: 0.01420845751250376
GutenTAG_0 - SensorSCAN: 0.01420845751250376
GutenTAG_0 - CATCH: (4000, 20), (4000,),[0 1]
CATCH Model initialized on cuda
CATCH training finished. Final loss: 176.336777
GutenTAG_0 - CATCH: 0.008197599345544497
GutenTAG_0 - CATCH: 0.008197599345544497
GutenTAG_0 - DADA: (4000, 20), (4000,),[0 1]
DADA Model initialized on cuda
DADA: Starting stable dual-decoder training...
  Epoch 100/200, Total Loss: 0.297164, Loss_n: 0.294392, Loss_a: 1.056957
  Epoch 200/200, Total Loss: 0.270249, Loss_n: 0.251313, Loss_a: 0.944790
DADA: Training finished.
GutenTAG_0 - DADA: 0.0417808497054456
GutenTAG_0 - DADA: 0.0417808497054456
Results for GutenTAG_0 written to CSV.
Processing dataset: metro_traffic-volume
metro_traffic-volume - Sub_IForest: (10000, 5), (10000,),[0 1]
metro_traffic-volume - Sub_IForest: 0.0470010571306622
metro_traffic-volume - Sub_IForest: 0.0470010571306622
metro_traffic-volume - IForest: (10000, 5), (10000,),[0 1]
metro_traffic-volume - IForest: 0.046678969112439024
metro_traffic-volume - IForest: 0.046678969112439024
metro_traffic-volume - Sub_LOF: (10000, 5), (10000,),[0 1]
metro_traffic-volume - Sub_LOF: 0.0643093347668823
metro_traffic-volume - Sub_LOF: 0.0643093347668823
metro_traffic-volume - LOF: (10000, 5), (10000,),[0 1]
metro_traffic-volume - LOF: 0.0645773213462562
metro_traffic-volume - LOF: 0.0645773213462562
metro_traffic-volume - Sub_PCA: (10000, 5), (10000,),[0 1]
metro_traffic-volume - Sub_PCA: 0.06606084541502764
metro_traffic-volume - Sub_PCA: 0.06606084541502764
metro_traffic-volume - PCA: (10000, 5), (10000,),[0 1]
metro_traffic-volume - PCA: 0.06724211297003267
metro_traffic-volume - PCA: 0.06724211297003267
metro_traffic-volume - HBOS: (10000, 5), (10000,),[0 1]
metro_traffic-volume - HBOS: 0.08323315108666272
metro_traffic-volume - HBOS: 0.08323315108666272
metro_traffic-volume - Sub_HBOS: (10000, 5), (10000,),[0 1]
metro_traffic-volume - Sub_HBOS: 0.04632491272764893
metro_traffic-volume - Sub_HBOS: 0.04632491272764893
metro_traffic-volume - KNN: (10000, 5), (10000,),[0 1]
metro_traffic-volume - KNN: 0.09498785273108769
metro_traffic-volume - KNN: 0.09498785273108769
metro_traffic-volume - Sub_KNN: (10000, 5), (10000,),[0 1]
metro_traffic-volume - Sub_KNN: 0.05194406255360844
metro_traffic-volume - Sub_KNN: 0.05194406255360844
metro_traffic-volume - KMeansAD: (10000, 5), (10000,),[0 1]
metro_traffic-volume - KMeansAD: 0.06010577134250224
metro_traffic-volume - KMeansAD: 0.06010577134250224
metro_traffic-volume - KMeansAD_U: (10000, 5), (10000,),[0 1]
metro_traffic-volume - KMeansAD_U: 0.04292632780076688
metro_traffic-volume - KMeansAD_U: 0.04292632780076688
/home/yyy/anaconda3/envs/tsclean/lib/python3.9/site-packages/statsmodels/tsa/stattools.py:702: RuntimeWarning: invalid value encountered in divide
  acf = avf[: nlags + 1] / avf[0]
/home/yyy/anaconda3/envs/tsclean/lib/python3.9/site-packages/statsmodels/tsa/stattools.py:702: RuntimeWarning: invalid value encountered in divide
  acf = avf[: nlags + 1] / avf[0]
/home/yyy/anaconda3/envs/tsclean/lib/python3.9/site-packages/statsmodels/tsa/stattools.py:702: RuntimeWarning: invalid value encountered in divide
  acf = avf[: nlags + 1] / avf[0]
/home/yyy/anaconda3/envs/tsclean/lib/python3.9/site-packages/statsmodels/tsa/stattools.py:702: RuntimeWarning: invalid value encountered in divide
  acf = avf[: nlags + 1] / avf[0]
/home/yyy/anaconda3/envs/tsclean/lib/python3.9/site-packages/statsmodels/tsa/stattools.py:702: RuntimeWarning: invalid value encountered in divide
  acf = avf[: nlags + 1] / avf[0]
/home/yyy/anaconda3/envs/tsclean/lib/python3.9/site-packages/sklearn/metrics/_classification.py:1565: UndefinedMetricWarning: Precision is ill-defined and being set to 0.0 due to no predicted samples. Use `zero_division` parameter to control this behavior.
  _warn_prf(average, modifier, f"{metric.capitalize()} is", len(result))
/home/yyy/anaconda3/envs/tsclean/lib/python3.9/site-packages/statsmodels/tsa/stattools.py:702: RuntimeWarning: invalid value encountered in divide
  acf = avf[: nlags + 1] / avf[0]
/home/yyy/anaconda3/envs/tsclean/lib/python3.9/site-packages/statsmodels/tsa/stattools.py:702: RuntimeWarning: invalid value encountered in divide
  acf = avf[: nlags + 1] / avf[0]
/home/yyy/anaconda3/envs/tsclean/lib/python3.9/site-packages/statsmodels/tsa/stattools.py:702: RuntimeWarning: invalid value encountered in divide
  acf = avf[: nlags + 1] / avf[0]
/home/yyy/anaconda3/envs/tsclean/lib/python3.9/site-packages/statsmodels/tsa/stattools.py:702: RuntimeWarning: invalid value encountered in divide
  acf = avf[: nlags + 1] / avf[0]
/home/yyy/anaconda3/envs/tsclean/lib/python3.9/site-packages/statsmodels/tsa/stattools.py:702: RuntimeWarning: invalid value encountered in divide
  acf = avf[: nlags + 1] / avf[0]
/home/yyy/anaconda3/envs/tsclean/lib/python3.9/site-packages/statsmodels/tsa/stattools.py:702: RuntimeWarning: invalid value encountered in divide
  acf = avf[: nlags + 1] / avf[0]
/home/yyy/anaconda3/envs/tsclean/lib/python3.9/site-packages/statsmodels/tsa/stattools.py:702: RuntimeWarning: invalid value encountered in divide
  acf = avf[: nlags + 1] / avf[0]
/home/yyy/anaconda3/envs/tsclean/lib/python3.9/site-packages/sklearn/metrics/_classification.py:1565: UndefinedMetricWarning: Precision is ill-defined and being set to 0.0 due to no predicted samples. Use `zero_division` parameter to control this behavior.
  _warn_prf(average, modifier, f"{metric.capitalize()} is", len(result))
/home/yyy/anaconda3/envs/tsclean/lib/python3.9/site-packages/statsmodels/tsa/stattools.py:702: RuntimeWarning: invalid value encountered in divide
  acf = avf[: nlags + 1] / avf[0]
/home/yyy/anaconda3/envs/tsclean/lib/python3.9/site-packages/statsmodels/tsa/stattools.py:702: RuntimeWarning: invalid value encountered in divide
  acf = avf[: nlags + 1] / avf[0]
/home/yyy/anaconda3/envs/tsclean/lib/python3.9/site-packages/statsmodels/tsa/stattools.py:702: RuntimeWarning: invalid value encountered in divide
  acf = avf[: nlags + 1] / avf[0]
/home/yyy/anaconda3/envs/tsclean/lib/python3.9/site-packages/statsmodels/tsa/stattools.py:702: RuntimeWarning: invalid value encountered in divide
  acf = avf[: nlags + 1] / avf[0]
/home/yyy/anaconda3/envs/tsclean/lib/python3.9/site-packages/statsmodels/tsa/stattools.py:702: RuntimeWarning: invalid value encountered in divide
  acf = avf[: nlags + 1] / avf[0]
/home/yyy/anaconda3/envs/tsclean/lib/python3.9/site-packages/statsmodels/tsa/stattools.py:702: RuntimeWarning: invalid value encountered in divide
  acf = avf[: nlags + 1] / avf[0]
/home/yyy/anaconda3/envs/tsclean/lib/python3.9/site-packages/statsmodels/tsa/stattools.py:702: RuntimeWarning: invalid value encountered in divide
  acf = avf[: nlags + 1] / avf[0]
/home/yyy/anaconda3/envs/tsclean/lib/python3.9/site-packages/statsmodels/tsa/stattools.py:702: RuntimeWarning: invalid value encountered in divide
  acf = avf[: nlags + 1] / avf[0]
/home/yyy/anaconda3/envs/tsclean/lib/python3.9/site-packages/statsmodels/tsa/stattools.py:702: RuntimeWarning: invalid value encountered in divide
  acf = avf[: nlags + 1] / avf[0]
/home/yyy/anaconda3/envs/tsclean/lib/python3.9/site-packages/sklearn/metrics/_classification.py:1565: UndefinedMetricWarning: Precision is ill-defined and being set to 0.0 due to no predicted samples. Use `zero_division` parameter to control this behavior.
  _warn_prf(average, modifier, f"{metric.capitalize()} is", len(result))
/home/yyy/anaconda3/envs/tsclean/lib/python3.9/site-packages/statsmodels/tsa/stattools.py:702: RuntimeWarning: invalid value encountered in divide
  acf = avf[: nlags + 1] / avf[0]
/home/yyy/anaconda3/envs/tsclean/lib/python3.9/site-packages/statsmodels/tsa/stattools.py:702: RuntimeWarning: invalid value encountered in divide
  acf = avf[: nlags + 1] / avf[0]
/home/yyy/anaconda3/envs/tsclean/lib/python3.9/site-packages/statsmodels/tsa/stattools.py:702: RuntimeWarning: invalid value encountered in divide
  acf = avf[: nlags + 1] / avf[0]
/home/yyy/anaconda3/envs/tsclean/lib/python3.9/site-packages/statsmodels/tsa/stattools.py:702: RuntimeWarning: invalid value encountered in divide
  acf = avf[: nlags + 1] / avf[0]
/home/yyy/anaconda3/envs/tsclean/lib/python3.9/site-packages/statsmodels/tsa/stattools.py:702: RuntimeWarning: invalid value encountered in divide
  acf = avf[: nlags + 1] / avf[0]
/home/yyy/anaconda3/envs/tsclean/lib/python3.9/site-packages/sklearn/metrics/_classification.py:1565: UndefinedMetricWarning: Precision is ill-defined and being set to 0.0 due to no predicted samples. Use `zero_division` parameter to control this behavior.
  _warn_prf(average, modifier, f"{metric.capitalize()} is", len(result))
/home/yyy/anaconda3/envs/tsclean/lib/python3.9/site-packages/statsmodels/tsa/stattools.py:702: RuntimeWarning: invalid value encountered in divide
  acf = avf[: nlags + 1] / avf[0]
/home/yyy/anaconda3/envs/tsclean/lib/python3.9/site-packages/sklearn/metrics/_classification.py:1565: UndefinedMetricWarning: Precision is ill-defined and being set to 0.0 due to no predicted samples. Use `zero_division` parameter to control this behavior.
  _warn_prf(average, modifier, f"{metric.capitalize()} is", len(result))
/home/yyy/anaconda3/envs/tsclean/lib/python3.9/site-packages/sklearn/metrics/_classification.py:1565: UndefinedMetricWarning: Precision is ill-defined and being set to 0.0 due to no predicted samples. Use `zero_division` parameter to control this behavior.
  _warn_prf(average, modifier, f"{metric.capitalize()} is", len(result))
/home/yyy/anaconda3/envs/tsclean/lib/python3.9/site-packages/sklearn/metrics/_classification.py:1565: UndefinedMetricWarning: Precision is ill-defined and being set to 0.0 due to no predicted samples. Use `zero_division` parameter to control this behavior.
  _warn_prf(average, modifier, f"{metric.capitalize()} is", len(result))
/home/yyy/anaconda3/envs/tsclean/lib/python3.9/site-packages/sklearn/metrics/_classification.py:1565: UndefinedMetricWarning: Precision is ill-defined and being set to 0.0 due to no predicted samples. Use `zero_division` parameter to control this behavior.
  _warn_prf(average, modifier, f"{metric.capitalize()} is", len(result))
/home/yyy/anaconda3/envs/tsclean/lib/python3.9/site-packages/sklearn/metrics/_classification.py:1565: UndefinedMetricWarning: Precision is ill-defined and being set to 0.0 due to no predicted samples. Use `zero_division` parameter to control this behavior.
  _warn_prf(average, modifier, f"{metric.capitalize()} is", len(result))
metro_traffic-volume - COPOD: (10000, 5), (10000,),[0 1]
metro_traffic-volume - COPOD: 0.09135449857908014
metro_traffic-volume - COPOD: 0.09135449857908014
metro_traffic-volume - CBLOF: (10000, 5), (10000,),[0 1]
metro_traffic-volume - CBLOF: 0.10806044182431622
metro_traffic-volume - CBLOF: 0.10806044182431622
metro_traffic-volume - COF: (10000, 5), (10000,),[0 1]
metro_traffic-volume - COF: 0.10401697605584052
metro_traffic-volume - COF: 0.10401697605584052
metro_traffic-volume - EIF: (10000, 5), (10000,),[0 1]
metro_traffic-volume - EIF: 0.11128772755279104
metro_traffic-volume - EIF: 0.11128772755279104
metro_traffic-volume - RobustPCA: (10000, 5), (10000,),[0 1]
iteration: 1, error: 4498.165883161337
iteration: 100, error: 34.5581728748977
iteration: 200, error: 67.31840627318013
iteration: 300, error: 56.459046905313265
iteration: 400, error: 36.276647479780024
iteration: 500, error: 33.9386163665233
iteration: 600, error: 30.872572223517835
iteration: 700, error: 29.194725735110303
iteration: 800, error: 9.582205901502318
iteration: 900, error: 2.875647253559672
iteration: 1000, error: 2.336490664007264
metro_traffic-volume - RobustPCA: 0.07913185028785329
metro_traffic-volume - RobustPCA: 0.07913185028785329
metro_traffic-volume - FFT: (10000, 5), (10000,),[0 1]
metro_traffic-volume - FFT: 0.07228556605750375
metro_traffic-volume - FFT: 0.07228556605750375
metro_traffic-volume - NORMA: (10000, 5), (10000,),[0 1]
metro_traffic-volume - NORMA: 0.025654322507287733
metro_traffic-volume - NORMA: 0.025654322507287733
metro_traffic-volume - MovingAverage: (10000, 5), (10000,),[0 1]
metro_traffic-volume - MovingAverage: 0.08500893552039018
metro_traffic-volume - MovingAverage: 0.08500893552039018
metro_traffic-volume - EWMA: (10000, 5), (10000,),[0 1]
metro_traffic-volume - EWMA: 0.05765837845548532
metro_traffic-volume - EWMA: 0.05765837845548532
metro_traffic-volume - SavGol: (10000, 5), (10000,),[0 1]
metro_traffic-volume - SavGol: 0.08487850337516806
metro_traffic-volume - SavGol: 0.08487850337516806
metro_traffic-volume - Kalman: (10000, 5), (10000,),[0 1]
metro_traffic-volume - Kalman: 0.06515125451823317
metro_traffic-volume - Kalman: 0.06515125451823317
metro_traffic-volume - LOESS: (10000, 5), (10000,),[0 1]
metro_traffic-volume - LOESS: 0.04262381285693589
metro_traffic-volume - LOESS: 0.04262381285693589
metro_traffic-volume - HoltWinters: (10000, 5), (10000,),[0 1]
metro_traffic-volume - HoltWinters: 0.05929496440830802
metro_traffic-volume - HoltWinters: 0.05929496440830802
metro_traffic-volume - RollingMedian: (10000, 5), (10000,),[0 1]
metro_traffic-volume - RollingMedian: 0.05771854271530946
metro_traffic-volume - RollingMedian: 0.05771854271530946
metro_traffic-volume - ZScore: (10000, 5), (10000,),[0 1]
metro_traffic-volume - ZScore: 0.07773947961656638
metro_traffic-volume - ZScore: 0.07773947961656638
metro_traffic-volume - MAD: (10000, 5), (10000,),[0 1]
metro_traffic-volume - MAD: 0.07073417407655398
metro_traffic-volume - MAD: 0.07073417407655398
metro_traffic-volume - IQR: (10000, 5), (10000,),[0 1]
metro_traffic-volume - IQR: 0.06200715323213124
metro_traffic-volume - IQR: 0.06200715323213124
metro_traffic-volume - Mahalanobis: (10000, 5), (10000,),[0 1]
metro_traffic-volume - Mahalanobis: 0.07612450847200469
metro_traffic-volume - Mahalanobis: 0.07612450847200469
metro_traffic-volume - HotellingT2: (10000, 5), (10000,),[0 1]
metro_traffic-volume - HotellingT2: 0.07612450847200469
metro_traffic-volume - HotellingT2: 0.07612450847200469
metro_traffic-volume - PCAStat: (10000, 5), (10000,),[0 1]
metro_traffic-volume - PCAStat: 0.09760178964709317
metro_traffic-volume - PCAStat: 0.09760178964709317
metro_traffic-volume - KDE: (10000, 5), (10000,),[0 1]
metro_traffic-volume - KDE: 0.0851959748730244
metro_traffic-volume - KDE: 0.0851959748730244
metro_traffic-volume - GMM: (10000, 5), (10000,),[0 1]
metro_traffic-volume - GMM: 0.06220606211200338
metro_traffic-volume - GMM: 0.06220606211200338
metro_traffic-volume - SARAD: (10000, 5), (10000,),[0 1]
SARAD Model initialized on cuda
SARAD training finished. Final loss: 0.002221
metro_traffic-volume - SARAD: 0.0967690505461955
metro_traffic-volume - SARAD: 0.0967690505461955
metro_traffic-volume - SensitiveHUE: (10000, 5), (10000,),[0 1]
SensitiveHUE Model initialized on cuda
Epoch 100/200, Avg NLL Loss: 2.2294
Epoch 200/200, Avg NLL Loss: 2.3353
SensitiveHUE training finished.
metro_traffic-volume - SensitiveHUE: 0.05948094504872306
metro_traffic-volume - SensitiveHUE: 0.05948094504872306
metro_traffic-volume - SensorSCAN: (10000, 5), (10000,),[0 1]
SensorSCAN Model initialized on cuda
Stage 1: Autoencoder Pretraining...
  AE Epoch 100/200, Loss: 0.011522
  AE Epoch 200/200, Loss: 0.010140
Stage 2: SCAN Clustering...
  SCAN Epoch 100/200, Loss: 0.006395
  SCAN Epoch 200/200, Loss: 0.006093
SensorSCAN training finished.
metro_traffic-volume - SensorSCAN: 0.12295775005872403
metro_traffic-volume - SensorSCAN: 0.12295775005872403
metro_traffic-volume - CATCH: (10000, 5), (10000,),[0 1]
CATCH Model initialized on cuda
CATCH training finished. Final loss: nan
metro_traffic-volume - CATCH: 0.06507503987701173
metro_traffic-volume - CATCH: 0.06507503987701173
metro_traffic-volume - DADA: (10000, 5), (10000,),[0 1]
DADA Model initialized on cuda
DADA: Starting stable dual-decoder training...
  Epoch 100/200, Total Loss: 0.285046, Loss_n: 0.329030, Loss_a: 0.863768
  Epoch 200/200, Total Loss: 0.275202, Loss_n: 0.116065, Loss_a: 0.606497
DADA: Training finished.
metro_traffic-volume - DADA: 0.10811009268681647
metro_traffic-volume - DADA: 0.10811009268681647
Results for metro_traffic-volume written to CSV.
Processing dataset: MITDB_200
MITDB_200 - Sub_IForest: (10000, 2), (10000,),[0 1]
MITDB_200 - Sub_IForest: 0.7403824845482992
MITDB_200 - Sub_IForest: 0.7403824845482992
MITDB_200 - IForest: (10000, 2), (10000,),[0 1]
MITDB_200 - IForest: 0.7322965071593117
MITDB_200 - IForest: 0.7322965071593117
MITDB_200 - Sub_LOF: (10000, 2), (10000,),[0 1]
MITDB_200 - Sub_LOF: 0.46426168470799534
MITDB_200 - Sub_LOF: 0.46426168470799534
MITDB_200 - LOF: (10000, 2), (10000,),[0 1]
MITDB_200 - LOF: 0.5181369716935933
MITDB_200 - LOF: 0.5181369716935933
MITDB_200 - Sub_PCA: (10000, 2), (10000,),[0 1]
MITDB_200 - Sub_PCA: 0.8546443469044258
MITDB_200 - Sub_PCA: 0.8546443469044258
MITDB_200 - PCA: (10000, 2), (10000,),[0 1]
MITDB_200 - PCA: 0.8102888705349154
MITDB_200 - PCA: 0.8102888705349154
MITDB_200 - HBOS: (10000, 2), (10000,),[0 1]
MITDB_200 - HBOS: 0.5503247092327
MITDB_200 - HBOS: 0.5503247092327
MITDB_200 - Sub_HBOS: (10000, 2), (10000,),[0 1]
MITDB_200 - Sub_HBOS: 0.7931691085529466
MITDB_200 - Sub_HBOS: 0.7931691085529466
MITDB_200 - KNN: (10000, 2), (10000,),[0 1]
MITDB_200 - KNN: 0.5187843142580395
MITDB_200 - KNN: 0.5187843142580395
MITDB_200 - Sub_KNN: (10000, 2), (10000,),[0 1]
MITDB_200 - Sub_KNN: 0.4797045609915241
MITDB_200 - Sub_KNN: 0.4797045609915241
MITDB_200 - KMeansAD: (10000, 2), (10000,),[0 1]
MITDB_200 - KMeansAD: 0.43422584460362423
MITDB_200 - KMeansAD: 0.43422584460362423
MITDB_200 - KMeansAD_U: (10000, 2), (10000,),[0 1]
MITDB_200 - KMeansAD_U: 0.4777673890930277
MITDB_200 - KMeansAD_U: 0.4777673890930277
MITDB_200 - COPOD: (10000, 2), (10000,),[0 1]
MITDB_200 - COPOD: 0.5664563907293453
MITDB_200 - COPOD: 0.5664563907293453
MITDB_200 - CBLOF: (10000, 2), (10000,),[0 1]
MITDB_200 - CBLOF: 0.5636091965363093
MITDB_200 - CBLOF: 0.5636091965363093
MITDB_200 - COF: (10000, 2), (10000,),[0 1]
MITDB_200 - COF: 0.5278324783260572
MITDB_200 - COF: 0.5278324783260572
MITDB_200 - EIF: (10000, 2), (10000,),[0 1]
MITDB_200 - EIF: 0.5543878312368388
MITDB_200 - EIF: 0.5543878312368388
MITDB_200 - RobustPCA: (10000, 2), (10000,),[0 1]
iteration: 1, error: 0.577695133824743
iteration: 100, error: 0.004339690568108849
iteration: 200, error: 0.00939109081744668
iteration: 300, error: 0.004004966620568271
iteration: 400, error: 0.0010741751096666355
iteration: 500, error: 0.001086643143847095
iteration: 600, error: 0.00032540676375221944
iteration: 700, error: 9.256246313169818e-06
iteration: 767, error: 4.336998965413685e-06
MITDB_200 - RobustPCA: 0.5539519599800584
/home/yyy/anaconda3/envs/tsclean/lib/python3.9/site-packages/sklearn/metrics/_classification.py:1565: UndefinedMetricWarning: Precision is ill-defined and being set to 0.0 due to no predicted samples. Use `zero_division` parameter to control this behavior.
  _warn_prf(average, modifier, f"{metric.capitalize()} is", len(result))
/home/yyy/anaconda3/envs/tsclean/lib/python3.9/site-packages/sklearn/metrics/_classification.py:1565: UndefinedMetricWarning: Precision is ill-defined and being set to 0.0 due to no predicted samples. Use `zero_division` parameter to control this behavior.
  _warn_prf(average, modifier, f"{metric.capitalize()} is", len(result))
/home/yyy/anaconda3/envs/tsclean/lib/python3.9/site-packages/sklearn/metrics/_classification.py:1565: UndefinedMetricWarning: Precision is ill-defined and being set to 0.0 due to no predicted samples. Use `zero_division` parameter to control this behavior.
  _warn_prf(average, modifier, f"{metric.capitalize()} is", len(result))
/home/yyy/anaconda3/envs/tsclean/lib/python3.9/site-packages/statsmodels/tsa/stattools.py:702: RuntimeWarning: invalid value encountered in divide
  acf = avf[: nlags + 1] / avf[0]
/home/yyy/anaconda3/envs/tsclean/lib/python3.9/site-packages/sklearn/metrics/_classification.py:1565: UndefinedMetricWarning: Precision is ill-defined and being set to 0.0 due to no predicted samples. Use `zero_division` parameter to control this behavior.
  _warn_prf(average, modifier, f"{metric.capitalize()} is", len(result))
/home/yyy/anaconda3/envs/tsclean/lib/python3.9/site-packages/statsmodels/tsa/stattools.py:702: RuntimeWarning: invalid value encountered in divide
  acf = avf[: nlags + 1] / avf[0]
/home/yyy/anaconda3/envs/tsclean/lib/python3.9/site-packages/sklearn/metrics/_classification.py:1565: UndefinedMetricWarning: Precision is ill-defined and being set to 0.0 due to no predicted samples. Use `zero_division` parameter to control this behavior.
  _warn_prf(average, modifier, f"{metric.capitalize()} is", len(result))
/home/yyy/anaconda3/envs/tsclean/lib/python3.9/site-packages/statsmodels/tsa/stattools.py:702: RuntimeWarning: invalid value encountered in divide
  acf = avf[: nlags + 1] / avf[0]
/home/yyy/anaconda3/envs/tsclean/lib/python3.9/site-packages/sklearn/metrics/_classification.py:1565: UndefinedMetricWarning: Precision is ill-defined and being set to 0.0 due to no predicted samples. Use `zero_division` parameter to control this behavior.
  _warn_prf(average, modifier, f"{metric.capitalize()} is", len(result))
/home/yyy/anaconda3/envs/tsclean/lib/python3.9/site-packages/statsmodels/tsa/stattools.py:702: RuntimeWarning: invalid value encountered in divide
  acf = avf[: nlags + 1] / avf[0]
/home/yyy/anaconda3/envs/tsclean/lib/python3.9/site-packages/statsmodels/tsa/stattools.py:702: RuntimeWarning: invalid value encountered in divide
  acf = avf[: nlags + 1] / avf[0]
/home/yyy/anaconda3/envs/tsclean/lib/python3.9/site-packages/sklearn/metrics/_classification.py:1565: UndefinedMetricWarning: Precision is ill-defined and being set to 0.0 due to no predicted samples. Use `zero_division` parameter to control this behavior.
  _warn_prf(average, modifier, f"{metric.capitalize()} is", len(result))
/home/yyy/anaconda3/envs/tsclean/lib/python3.9/site-packages/statsmodels/tsa/stattools.py:702: RuntimeWarning: invalid value encountered in divide
  acf = avf[: nlags + 1] / avf[0]
/home/yyy/anaconda3/envs/tsclean/lib/python3.9/site-packages/sklearn/metrics/_classification.py:1565: UndefinedMetricWarning: Precision is ill-defined and being set to 0.0 due to no predicted samples. Use `zero_division` parameter to control this behavior.
  _warn_prf(average, modifier, f"{metric.capitalize()} is", len(result))
/home/yyy/anaconda3/envs/tsclean/lib/python3.9/site-packages/statsmodels/tsa/stattools.py:702: RuntimeWarning: invalid value encountered in divide
  acf = avf[: nlags + 1] / avf[0]
/home/yyy/anaconda3/envs/tsclean/lib/python3.9/site-packages/statsmodels/tsa/stattools.py:702: RuntimeWarning: invalid value encountered in divide
  acf = avf[: nlags + 1] / avf[0]
/home/yyy/anaconda3/envs/tsclean/lib/python3.9/site-packages/sklearn/metrics/_classification.py:1565: UndefinedMetricWarning: Precision is ill-defined and being set to 0.0 due to no predicted samples. Use `zero_division` parameter to control this behavior.
  _warn_prf(average, modifier, f"{metric.capitalize()} is", len(result))
/home/yyy/anaconda3/envs/tsclean/lib/python3.9/site-packages/statsmodels/tsa/stattools.py:702: RuntimeWarning: invalid value encountered in divide
  acf = avf[: nlags + 1] / avf[0]
/home/yyy/anaconda3/envs/tsclean/lib/python3.9/site-packages/statsmodels/tsa/stattools.py:702: RuntimeWarning: invalid value encountered in divide
  acf = avf[: nlags + 1] / avf[0]
/home/yyy/anaconda3/envs/tsclean/lib/python3.9/site-packages/sklearn/metrics/_classification.py:1565: UndefinedMetricWarning: Precision is ill-defined and being set to 0.0 due to no predicted samples. Use `zero_division` parameter to control this behavior.
  _warn_prf(average, modifier, f"{metric.capitalize()} is", len(result))
/home/yyy/anaconda3/envs/tsclean/lib/python3.9/site-packages/statsmodels/tsa/stattools.py:702: RuntimeWarning: invalid value encountered in divide
  acf = avf[: nlags + 1] / avf[0]
/home/yyy/anaconda3/envs/tsclean/lib/python3.9/site-packages/sklearn/metrics/_classification.py:1565: UndefinedMetricWarning: Precision is ill-defined and being set to 0.0 due to no predicted samples. Use `zero_division` parameter to control this behavior.
  _warn_prf(average, modifier, f"{metric.capitalize()} is", len(result))
/home/yyy/anaconda3/envs/tsclean/lib/python3.9/site-packages/statsmodels/tsa/stattools.py:702: RuntimeWarning: invalid value encountered in divide
  acf = avf[: nlags + 1] / avf[0]
/home/yyy/anaconda3/envs/tsclean/lib/python3.9/site-packages/sklearn/metrics/_classification.py:1565: UndefinedMetricWarning: Precision is ill-defined and being set to 0.0 due to no predicted samples. Use `zero_division` parameter to control this behavior.
  _warn_prf(average, modifier, f"{metric.capitalize()} is", len(result))
/home/yyy/anaconda3/envs/tsclean/lib/python3.9/site-packages/statsmodels/tsa/stattools.py:702: RuntimeWarning: invalid value encountered in divide
  acf = avf[: nlags + 1] / avf[0]
/home/yyy/anaconda3/envs/tsclean/lib/python3.9/site-packages/statsmodels/tsa/stattools.py:702: RuntimeWarning: invalid value encountered in divide
  acf = avf[: nlags + 1] / avf[0]
/home/yyy/anaconda3/envs/tsclean/lib/python3.9/site-packages/statsmodels/tsa/stattools.py:702: RuntimeWarning: invalid value encountered in divide
  acf = avf[: nlags + 1] / avf[0]
/home/yyy/anaconda3/envs/tsclean/lib/python3.9/site-packages/statsmodels/tsa/stattools.py:702: RuntimeWarning: invalid value encountered in divide
  acf = avf[: nlags + 1] / avf[0]
/home/yyy/anaconda3/envs/tsclean/lib/python3.9/site-packages/statsmodels/tsa/stattools.py:702: RuntimeWarning: invalid value encountered in divide
  acf = avf[: nlags + 1] / avf[0]
/home/yyy/anaconda3/envs/tsclean/lib/python3.9/site-packages/sklearn/metrics/_classification.py:1565: UndefinedMetricWarning: Precision is ill-defined and being set to 0.0 due to no predicted samples. Use `zero_division` parameter to control this behavior.
  _warn_prf(average, modifier, f"{metric.capitalize()} is", len(result))
/home/yyy/anaconda3/envs/tsclean/lib/python3.9/site-packages/statsmodels/tsa/stattools.py:702: RuntimeWarning: invalid value encountered in divide
  acf = avf[: nlags + 1] / avf[0]
/home/yyy/anaconda3/envs/tsclean/lib/python3.9/site-packages/statsmodels/tsa/stattools.py:702: RuntimeWarning: invalid value encountered in divide
  acf = avf[: nlags + 1] / avf[0]
/home/yyy/anaconda3/envs/tsclean/lib/python3.9/site-packages/sklearn/metrics/_classification.py:1565: UndefinedMetricWarning: Precision is ill-defined and being set to 0.0 due to no predicted samples. Use `zero_division` parameter to control this behavior.
  _warn_prf(average, modifier, f"{metric.capitalize()} is", len(result))
/home/yyy/anaconda3/envs/tsclean/lib/python3.9/site-packages/statsmodels/tsa/stattools.py:702: RuntimeWarning: invalid value encountered in divide
  acf = avf[: nlags + 1] / avf[0]
/home/yyy/anaconda3/envs/tsclean/lib/python3.9/site-packages/statsmodels/tsa/stattools.py:702: RuntimeWarning: invalid value encountered in divide
  acf = avf[: nlags + 1] / avf[0]
/home/yyy/anaconda3/envs/tsclean/lib/python3.9/site-packages/statsmodels/tsa/stattools.py:702: RuntimeWarning: invalid value encountered in divide
  acf = avf[: nlags + 1] / avf[0]
/home/yyy/anaconda3/envs/tsclean/lib/python3.9/site-packages/statsmodels/tsa/stattools.py:702: RuntimeWarning: invalid value encountered in divide
  acf = avf[: nlags + 1] / avf[0]
/home/yyy/anaconda3/envs/tsclean/lib/python3.9/site-packages/statsmodels/tsa/stattools.py:702: RuntimeWarning: invalid value encountered in divide
  acf = avf[: nlags + 1] / avf[0]
/home/yyy/anaconda3/envs/tsclean/lib/python3.9/site-packages/statsmodels/tsa/stattools.py:702: RuntimeWarning: invalid value encountered in divide
  acf = avf[: nlags + 1] / avf[0]
/home/yyy/anaconda3/envs/tsclean/lib/python3.9/site-packages/statsmodels/tsa/stattools.py:702: RuntimeWarning: invalid value encountered in divide
  acf = avf[: nlags + 1] / avf[0]
/home/yyy/anaconda3/envs/tsclean/lib/python3.9/site-packages/statsmodels/tsa/stattools.py:702: RuntimeWarning: invalid value encountered in divide
  acf = avf[: nlags + 1] / avf[0]
/home/yyy/anaconda3/envs/tsclean/lib/python3.9/site-packages/statsmodels/tsa/stattools.py:702: RuntimeWarning: invalid value encountered in divide
  acf = avf[: nlags + 1] / avf[0]
/home/yyy/anaconda3/envs/tsclean/lib/python3.9/site-packages/statsmodels/tsa/stattools.py:702: RuntimeWarning: invalid value encountered in divide
  acf = avf[: nlags + 1] / avf[0]
/home/yyy/anaconda3/envs/tsclean/lib/python3.9/site-packages/statsmodels/tsa/stattools.py:702: RuntimeWarning: invalid value encountered in divide
  acf = avf[: nlags + 1] / avf[0]
/home/yyy/anaconda3/envs/tsclean/lib/python3.9/site-packages/statsmodels/tsa/stattools.py:702: RuntimeWarning: invalid value encountered in divide
  acf = avf[: nlags + 1] / avf[0]
/home/yyy/anaconda3/envs/tsclean/lib/python3.9/site-packages/statsmodels/tsa/stattools.py:702: RuntimeWarning: invalid value encountered in divide
  acf = avf[: nlags + 1] / avf[0]
MITDB_200 - RobustPCA: 0.5539519599800584
MITDB_200 - FFT: (10000, 2), (10000,),[0 1]
MITDB_200 - FFT: 0.49754832700721335
MITDB_200 - FFT: 0.49754832700721335
MITDB_200 - NORMA: (10000, 2), (10000,),[0 1]
MITDB_200 - NORMA: 0.5401256621201102
MITDB_200 - NORMA: 0.5401256621201102
MITDB_200 - MovingAverage: (10000, 2), (10000,),[0 1]
MITDB_200 - MovingAverage: 0.4945126098097716
MITDB_200 - MovingAverage: 0.4945126098097716
MITDB_200 - EWMA: (10000, 2), (10000,),[0 1]
MITDB_200 - EWMA: 0.5758521479301917
MITDB_200 - EWMA: 0.5758521479301917
MITDB_200 - SavGol: (10000, 2), (10000,),[0 1]
MITDB_200 - SavGol: 0.5059551849861899
MITDB_200 - SavGol: 0.5059551849861899
MITDB_200 - Kalman: (10000, 2), (10000,),[0 1]
MITDB_200 - Kalman: 0.5478901796527115
MITDB_200 - Kalman: 0.5478901796527115
MITDB_200 - LOESS: (10000, 2), (10000,),[0 1]
MITDB_200 - LOESS: 0.6600999279432986
MITDB_200 - LOESS: 0.6600999279432986
MITDB_200 - HoltWinters: (10000, 2), (10000,),[0 1]
MITDB_200 - HoltWinters: 0.5315438829199902
MITDB_200 - HoltWinters: 0.5315438829199902
MITDB_200 - RollingMedian: (10000, 2), (10000,),[0 1]
MITDB_200 - RollingMedian: 0.4944561250148024
MITDB_200 - RollingMedian: 0.4944561250148024
MITDB_200 - ZScore: (10000, 2), (10000,),[0 1]
MITDB_200 - ZScore: 0.6554888689653224
MITDB_200 - ZScore: 0.6554888689653224
MITDB_200 - MAD: (10000, 2), (10000,),[0 1]
MITDB_200 - MAD: 0.656689990929786
MITDB_200 - MAD: 0.656689990929786
MITDB_200 - IQR: (10000, 2), (10000,),[0 1]
MITDB_200 - IQR: 0.5921707431048672
MITDB_200 - IQR: 0.5921707431048672
MITDB_200 - Mahalanobis: (10000, 2), (10000,),[0 1]
MITDB_200 - Mahalanobis: 0.660201553572673
MITDB_200 - Mahalanobis: 0.660201553572673
MITDB_200 - HotellingT2: (10000, 2), (10000,),[0 1]
MITDB_200 - HotellingT2: 0.660201553572673
MITDB_200 - HotellingT2: 0.660201553572673
MITDB_200 - PCAStat: (10000, 2), (10000,),[0 1]
MITDB_200 - PCAStat: 0.6335091805682468
MITDB_200 - PCAStat: 0.6335091805682468
MITDB_200 - KDE: (10000, 2), (10000,),[0 1]
MITDB_200 - KDE: 0.6392564852856545
MITDB_200 - KDE: 0.6392564852856545
MITDB_200 - GMM: (10000, 2), (10000,),[0 1]
MITDB_200 - GMM: 0.6378858047355954
MITDB_200 - GMM: 0.6378858047355954
MITDB_200 - SARAD: (10000, 2), (10000,),[0 1]
SARAD Model initialized on cuda
SARAD training finished. Final loss: 0.002457
MITDB_200 - SARAD: 0.6657753941405345
MITDB_200 - SARAD: 0.6657753941405345
MITDB_200 - SensitiveHUE: (10000, 2), (10000,),[0 1]
SensitiveHUE Model initialized on cuda
Epoch 100/200, Avg NLL Loss: -6.7583
Epoch 200/200, Avg NLL Loss: -7.2296
SensitiveHUE training finished.
MITDB_200 - SensitiveHUE: 0.7657110174721432
MITDB_200 - SensitiveHUE: 0.7657110174721432
MITDB_200 - SensorSCAN: (10000, 2), (10000,),[0 1]
SensorSCAN Model initialized on cuda
Stage 1: Autoencoder Pretraining...
  AE Epoch 100/200, Loss: 0.001364
  AE Epoch 200/200, Loss: 0.000883
Stage 2: SCAN Clustering...
  SCAN Epoch 100/200, Loss: 0.002577
  SCAN Epoch 200/200, Loss: 0.002732
SensorSCAN training finished.
MITDB_200 - SensorSCAN: 0.8021187073351062
MITDB_200 - SensorSCAN: 0.8021187073351062
MITDB_200 - CATCH: (10000, 2), (10000,),[0 1]
CATCH Model initialized on cuda
CATCH training finished. Final loss: 1.378527
MITDB_200 - CATCH: 0.8665861316768889
MITDB_200 - CATCH: 0.8665861316768889
MITDB_200 - DADA: (10000, 2), (10000,),[0 1]
DADA Model initialized on cuda
DADA: Starting stable dual-decoder training...
  Epoch 100/200, Total Loss: 0.295059, Loss_n: 0.179046, Loss_a: 0.709839
  Epoch 200/200, Total Loss: 0.288555, Loss_n: 0.263298, Loss_a: 1.138204
DADA: Training finished.
MITDB_200 - DADA: 0.3635945033461966
MITDB_200 - DADA: 0.3635945033461966
Results for MITDB_200 written to CSV.
Processing dataset: MSL_T-13
MSL_T-13 - Sub_IForest: (1215, 55), (1215,),[0 1]
MSL_T-13 - Sub_IForest: 0.1224646107801116
MSL_T-13 - Sub_IForest: 0.1224646107801116
MSL_T-13 - IForest: (1215, 55), (1215,),[0 1]
MSL_T-13 - IForest: 0.14669491068123874
MSL_T-13 - IForest: 0.14669491068123874
MSL_T-13 - Sub_LOF: (1215, 55), (1215,),[0 1]
MSL_T-13 - Sub_LOF: 0.9226397264302181
MSL_T-13 - Sub_LOF: 0.9226397264302181
MSL_T-13 - LOF: (1215, 55), (1215,),[0 1]
MSL_T-13 - LOF: 0.16796675328394153
MSL_T-13 - LOF: 0.16796675328394153
MSL_T-13 - Sub_PCA: (1215, 55), (1215,),[0 1]
MSL_T-13 - Sub_PCA: 0.8589378206551421
MSL_T-13 - Sub_PCA: 0.8589378206551421
MSL_T-13 - PCA: (1215, 55), (1215,),[0 1]
MSL_T-13 - PCA: 0.7995579200794587
MSL_T-13 - PCA: 0.7995579200794587
MSL_T-13 - HBOS: (1215, 55), (1215,),[0 1]
MSL_T-13 - HBOS: 0.1782145125740373
MSL_T-13 - HBOS: 0.1782145125740373
MSL_T-13 - Sub_HBOS: (1215, 55), (1215,),[0 1]
MSL_T-13 - Sub_HBOS: 0.21123785758316913
MSL_T-13 - Sub_HBOS: 0.21123785758316913
MSL_T-13 - KNN: (1215, 55), (1215,),[0 1]
MSL_T-13 - KNN: 0.1507145664204965
MSL_T-13 - KNN: 0.1507145664204965
MSL_T-13 - Sub_KNN: (1215, 55), (1215,),[0 1]
MSL_T-13 - Sub_KNN: 0.1233926545330621
MSL_T-13 - Sub_KNN: 0.1233926545330621
MSL_T-13 - KMeansAD: (1215, 55), (1215,),[0 1]
MSL_T-13 - KMeansAD: 0.1583295382892398
MSL_T-13 - KMeansAD: 0.1583295382892398
MSL_T-13 - KMeansAD_U: (1215, 55), (1215,),[0 1]
MSL_T-13 - KMeansAD_U: 0.12539597860055748
MSL_T-13 - KMeansAD_U: 0.12539597860055748
MSL_T-13 - COPOD: (1215, 55), (1215,),[0 1]
MSL_T-13 - COPOD: 0.1144411803991134
MSL_T-13 - COPOD: 0.1144411803991134
MSL_T-13 - CBLOF: (1215, 55), (1215,),[0 1]
MSL_T-13 - CBLOF: 0.12267700999421031
MSL_T-13 - CBLOF: 0.12267700999421031
MSL_T-13 - COF: (1215, 55), (1215,),[0 1]
MSL_T-13 - COF: 0.3106616131917332
MSL_T-13 - COF: 0.3106616131917332
MSL_T-13 - EIF: (1215, 55), (1215,),[0 1]
MSL_T-13 - EIF: 0.1448827928440142
MSL_T-13 - EIF: 0.1448827928440142
MSL_T-13 - RobustPCA: (1215, 55), (1215,),[0 1]
iteration: 1, error: 0.1347568958183577
iteration: 100, error: 7.09310727680925e-05
iteration: 200, error: 9.238401968139001e-05
iteration: 300, error: 0.00012321497119665924
iteration: 400, error: 0.00015292705454041612
iteration: 500, error: 0.0001663655286955716
iteration: 600, error: 9.221148553533583e-05
iteration: 700, error: 4.621855493610703e-05
iteration: 800, error: 5.092905701309632e-05
iteration: 900, error: 4.690968771986169e-05
iteration: 1000, error: 3.642132167397072e-05
MSL_T-13 - RobustPCA: 0.09416645111859981
MSL_T-13 - RobustPCA: 0.09416645111859981
MSL_T-13 - FFT: (1215, 55), (1215,),[0 1]
MSL_T-13 - FFT: 0.16867246881482925
MSL_T-13 - FFT: 0.16867246881482925
MSL_T-13 - NORMA: (1215, 55), (1215,),[0 1]
MSL_T-13 - NORMA: 0.1250606807119532
MSL_T-13 - NORMA: 0.1250606807119532
MSL_T-13 - MovingAverage: (1215, 55), (1215,),[0 1]
MSL_T-13 - MovingAverage: 0.16002328394647133
MSL_T-13 - MovingAverage: 0.16002328394647133
MSL_T-13 - EWMA: (1215, 55), (1215,),[0 1]
MSL_T-13 - EWMA: 0.17246367298423165
MSL_T-13 - EWMA: 0.17246367298423165
MSL_T-13 - SavGol: (1215, 55), (1215,),[0 1]
MSL_T-13 - SavGol: 0.16885660214704995
MSL_T-13 - SavGol: 0.16885660214704995
MSL_T-13 - Kalman: (1215, 55), (1215,),[0 1]
MSL_T-13 - Kalman: 0.17732934121045582
MSL_T-13 - Kalman: 0.17732934121045582
MSL_T-13 - LOESS: (1215, 55), (1215,),[0 1]
MSL_T-13 - LOESS: 0.42393703175853975
MSL_T-13 - LOESS: 0.42393703175853975
MSL_T-13 - HoltWinters: (1215, 55), (1215,),[0 1]
MSL_T-13 - HoltWinters: 0.18476576087770552
MSL_T-13 - HoltWinters: 0.18476576087770552
MSL_T-13 - RollingMedian: (1215, 55), (1215,),[0 1]
MSL_T-13 - RollingMedian: 0.1346730183460355
MSL_T-13 - RollingMedian: 0.1346730183460355
MSL_T-13 - ZScore: (1215, 55), (1215,),[0 1]
MSL_T-13 - ZScore: 0.0899473339929825
MSL_T-13 - ZScore: 0.0899473339929825
MSL_T-13 - MAD: (1215, 55), (1215,),[0 1]
MSL_T-13 - MAD: 0.13853247665032808
MSL_T-13 - MAD: 0.13853247665032808
MSL_T-13 - IQR: (1215, 55), (1215,),[0 1]
MSL_T-13 - IQR: 0.1346730183460355
MSL_T-13 - IQR: 0.1346730183460355
MSL_T-13 - Mahalanobis: (1215, 55), (1215,),[0 1]
MSL_T-13 - Mahalanobis: 0.09425682045141426
MSL_T-13 - Mahalanobis: 0.09425682045141426
MSL_T-13 - HotellingT2: (1215, 55), (1215,),[0 1]
MSL_T-13 - HotellingT2: 0.09425682045141426
MSL_T-13 - HotellingT2: 0.09425682045141426
MSL_T-13 - PCAStat: (1215, 55), (1215,),[0 1]
MSL_T-13 - PCAStat: 0.1575857134713126
MSL_T-13 - PCAStat: 0.1575857134713126
/home/yyy/anaconda3/envs/tsclean/lib/python3.9/site-packages/statsmodels/tsa/stattools.py:702: RuntimeWarning: invalid value encountered in divide
  acf = avf[: nlags + 1] / avf[0]
/home/yyy/anaconda3/envs/tsclean/lib/python3.9/site-packages/statsmodels/tsa/stattools.py:702: RuntimeWarning: invalid value encountered in divide
  acf = avf[: nlags + 1] / avf[0]
/home/yyy/anaconda3/envs/tsclean/lib/python3.9/site-packages/statsmodels/tsa/stattools.py:702: RuntimeWarning: invalid value encountered in divide
  acf = avf[: nlags + 1] / avf[0]
/home/yyy/anaconda3/envs/tsclean/lib/python3.9/site-packages/sklearn/metrics/_classification.py:1565: UndefinedMetricWarning: Precision is ill-defined and being set to 0.0 due to no predicted samples. Use `zero_division` parameter to control this behavior.
  _warn_prf(average, modifier, f"{metric.capitalize()} is", len(result))
/home/yyy/anaconda3/envs/tsclean/lib/python3.9/site-packages/statsmodels/tsa/stattools.py:702: RuntimeWarning: invalid value encountered in divide
  acf = avf[: nlags + 1] / avf[0]
/home/yyy/anaconda3/envs/tsclean/lib/python3.9/site-packages/sklearn/metrics/_classification.py:1565: UndefinedMetricWarning: Precision is ill-defined and being set to 0.0 due to no predicted samples. Use `zero_division` parameter to control this behavior.
  _warn_prf(average, modifier, f"{metric.capitalize()} is", len(result))
/home/yyy/anaconda3/envs/tsclean/lib/python3.9/site-packages/statsmodels/tsa/stattools.py:702: RuntimeWarning: invalid value encountered in divide
  acf = avf[: nlags + 1] / avf[0]
/home/yyy/anaconda3/envs/tsclean/lib/python3.9/site-packages/sklearn/metrics/_classification.py:1565: UndefinedMetricWarning: Precision is ill-defined and being set to 0.0 due to no predicted samples. Use `zero_division` parameter to control this behavior.
  _warn_prf(average, modifier, f"{metric.capitalize()} is", len(result))
/home/yyy/anaconda3/envs/tsclean/lib/python3.9/site-packages/statsmodels/tsa/stattools.py:702: RuntimeWarning: invalid value encountered in divide
  acf = avf[: nlags + 1] / avf[0]
/home/yyy/anaconda3/envs/tsclean/lib/python3.9/site-packages/sklearn/metrics/_classification.py:1565: UndefinedMetricWarning: Precision is ill-defined and being set to 0.0 due to no predicted samples. Use `zero_division` parameter to control this behavior.
  _warn_prf(average, modifier, f"{metric.capitalize()} is", len(result))
/home/yyy/anaconda3/envs/tsclean/lib/python3.9/site-packages/statsmodels/tsa/stattools.py:702: RuntimeWarning: invalid value encountered in divide
  acf = avf[: nlags + 1] / avf[0]
/home/yyy/anaconda3/envs/tsclean/lib/python3.9/site-packages/sklearn/metrics/_classification.py:1565: UndefinedMetricWarning: Precision is ill-defined and being set to 0.0 due to no predicted samples. Use `zero_division` parameter to control this behavior.
  _warn_prf(average, modifier, f"{metric.capitalize()} is", len(result))
/home/yyy/anaconda3/envs/tsclean/lib/python3.9/site-packages/sklearn/metrics/_classification.py:1565: UndefinedMetricWarning: Precision is ill-defined and being set to 0.0 due to no predicted samples. Use `zero_division` parameter to control this behavior.
  _warn_prf(average, modifier, f"{metric.capitalize()} is", len(result))
/home/yyy/anaconda3/envs/tsclean/lib/python3.9/site-packages/sklearn/metrics/_classification.py:1565: UndefinedMetricWarning: Precision is ill-defined and being set to 0.0 due to no predicted samples. Use `zero_division` parameter to control this behavior.
  _warn_prf(average, modifier, f"{metric.capitalize()} is", len(result))
/home/yyy/anaconda3/envs/tsclean/lib/python3.9/site-packages/sklearn/metrics/_classification.py:1565: UndefinedMetricWarning: Precision is ill-defined and being set to 0.0 due to no predicted samples. Use `zero_division` parameter to control this behavior.
  _warn_prf(average, modifier, f"{metric.capitalize()} is", len(result))
/home/yyy/anaconda3/envs/tsclean/lib/python3.9/site-packages/sklearn/metrics/_classification.py:1565: UndefinedMetricWarning: Precision is ill-defined and being set to 0.0 due to no predicted samples. Use `zero_division` parameter to control this behavior.
  _warn_prf(average, modifier, f"{metric.capitalize()} is", len(result))
/home/yyy/anaconda3/envs/tsclean/lib/python3.9/site-packages/sklearn/metrics/_classification.py:1565: UndefinedMetricWarning: Precision is ill-defined and being set to 0.0 due to no predicted samples. Use `zero_division` parameter to control this behavior.
  _warn_prf(average, modifier, f"{metric.capitalize()} is", len(result))
/home/yyy/anaconda3/envs/tsclean/lib/python3.9/site-packages/sklearn/metrics/_classification.py:1565: UndefinedMetricWarning: Precision is ill-defined and being set to 0.0 due to no predicted samples. Use `zero_division` parameter to control this behavior.
  _warn_prf(average, modifier, f"{metric.capitalize()} is", len(result))
/home/yyy/anaconda3/envs/tsclean/lib/python3.9/site-packages/sklearn/metrics/_classification.py:1565: UndefinedMetricWarning: Precision is ill-defined and being set to 0.0 due to no predicted samples. Use `zero_division` parameter to control this behavior.
  _warn_prf(average, modifier, f"{metric.capitalize()} is", len(result))
/home/yyy/anaconda3/envs/tsclean/lib/python3.9/site-packages/sklearn/metrics/_classification.py:1565: UndefinedMetricWarning: Precision is ill-defined and being set to 0.0 due to no predicted samples. Use `zero_division` parameter to control this behavior.
  _warn_prf(average, modifier, f"{metric.capitalize()} is", len(result))
/home/yyy/anaconda3/envs/tsclean/lib/python3.9/site-packages/sklearn/metrics/_classification.py:1565: UndefinedMetricWarning: Precision is ill-defined and being set to 0.0 due to no predicted samples. Use `zero_division` parameter to control this behavior.
  _warn_prf(average, modifier, f"{metric.capitalize()} is", len(result))
/home/yyy/anaconda3/envs/tsclean/lib/python3.9/site-packages/sklearn/metrics/_classification.py:1565: UndefinedMetricWarning: Precision is ill-defined and being set to 0.0 due to no predicted samples. Use `zero_division` parameter to control this behavior.
  _warn_prf(average, modifier, f"{metric.capitalize()} is", len(result))
/home/yyy/anaconda3/envs/tsclean/lib/python3.9/site-packages/sklearn/metrics/_classification.py:1565: UndefinedMetricWarning: Precision is ill-defined and being set to 0.0 due to no predicted samples. Use `zero_division` parameter to control this behavior.
  _warn_prf(average, modifier, f"{metric.capitalize()} is", len(result))
/home/yyy/anaconda3/envs/tsclean/lib/python3.9/site-packages/sklearn/metrics/_classification.py:1565: UndefinedMetricWarning: Precision is ill-defined and being set to 0.0 due to no predicted samples. Use `zero_division` parameter to control this behavior.
  _warn_prf(average, modifier, f"{metric.capitalize()} is", len(result))
/home/yyy/anaconda3/envs/tsclean/lib/python3.9/site-packages/sklearn/metrics/_classification.py:1565: UndefinedMetricWarning: Precision is ill-defined and being set to 0.0 due to no predicted samples. Use `zero_division` parameter to control this behavior.
  _warn_prf(average, modifier, f"{metric.capitalize()} is", len(result))
MSL_T-13 - KDE: (1215, 55), (1215,),[0 1]
MSL_T-13 - KDE: 0.07377474875421892
MSL_T-13 - KDE: 0.07377474875421892
MSL_T-13 - GMM: (1215, 55), (1215,),[0 1]
MSL_T-13 - GMM: 0.08744203486192728
MSL_T-13 - GMM: 0.08744203486192728
MSL_T-13 - SARAD: (1215, 55), (1215,),[0 1]
SARAD Model initialized on cuda
SARAD training finished. Final loss: 0.000736
MSL_T-13 - SARAD: 0.6331687632516395
MSL_T-13 - SARAD: 0.6331687632516395
MSL_T-13 - SensitiveHUE: (1215, 55), (1215,),[0 1]
SensitiveHUE Model initialized on cuda
Epoch 100/200, Avg NLL Loss: -4.4914
Epoch 200/200, Avg NLL Loss: -5.0513
SensitiveHUE training finished.
MSL_T-13 - SensitiveHUE: 0.1330100712799088
MSL_T-13 - SensitiveHUE: 0.1330100712799088
MSL_T-13 - SensorSCAN: (1215, 55), (1215,),[0 1]
SensorSCAN Model initialized on cuda
Stage 1: Autoencoder Pretraining...
  AE Epoch 100/200, Loss: 0.002340
  AE Epoch 200/200, Loss: 0.001420
Stage 2: SCAN Clustering...
  SCAN Epoch 100/200, Loss: 0.000001
  SCAN Epoch 200/200, Loss: 0.000000
SensorSCAN training finished.
MSL_T-13 - SensorSCAN: 0.0921322897754364
MSL_T-13 - SensorSCAN: 0.0921322897754364
MSL_T-13 - CATCH: (1215, 55), (1215,),[0 1]
CATCH Model initialized on cuda
CATCH training finished. Final loss: 4.738276
MSL_T-13 - CATCH: 0.09684551270432444
MSL_T-13 - CATCH: 0.09684551270432444
MSL_T-13 - DADA: (1215, 55), (1215,),[0 1]
DADA Model initialized on cuda
DADA: Starting stable dual-decoder training...
  Epoch 100/200, Total Loss: 0.214851, Loss_n: 0.202475, Loss_a: 0.865471
  Epoch 200/200, Total Loss: 0.212787, Loss_n: 0.241468, Loss_a: 0.838412
DADA: Training finished.
MSL_T-13 - DADA: 0.09579959214481967
MSL_T-13 - DADA: 0.09579959214481967
Results for MSL_T-13 written to CSV.
Processing dataset: OPPORTUNITY_S4-ADL3
OPPORTUNITY_S4-ADL3 - Sub_IForest: (5026, 32), (5026,),[0 1]
OPPORTUNITY_S4-ADL3 - Sub_IForest: 0.20568307791322338
OPPORTUNITY_S4-ADL3 - Sub_IForest: 0.20568307791322338
OPPORTUNITY_S4-ADL3 - IForest: (5026, 32), (5026,),[0 1]
OPPORTUNITY_S4-ADL3 - IForest: 0.25802791738586794
OPPORTUNITY_S4-ADL3 - IForest: 0.25802791738586794
OPPORTUNITY_S4-ADL3 - Sub_LOF: (5026, 32), (5026,),[0 1]
OPPORTUNITY_S4-ADL3 - Sub_LOF: 0.18007055235884803
OPPORTUNITY_S4-ADL3 - Sub_LOF: 0.18007055235884803
OPPORTUNITY_S4-ADL3 - LOF: (5026, 32), (5026,),[0 1]
OPPORTUNITY_S4-ADL3 - LOF: 0.1971327741335734
OPPORTUNITY_S4-ADL3 - LOF: 0.1971327741335734
OPPORTUNITY_S4-ADL3 - Sub_PCA: (5026, 32), (5026,),[0 1]
OPPORTUNITY_S4-ADL3 - Sub_PCA: 0.18035463917414318
OPPORTUNITY_S4-ADL3 - Sub_PCA: 0.18035463917414318
OPPORTUNITY_S4-ADL3 - PCA: (5026, 32), (5026,),[0 1]
OPPORTUNITY_S4-ADL3 - PCA: 0.17964709679439256
OPPORTUNITY_S4-ADL3 - PCA: 0.17964709679439256
OPPORTUNITY_S4-ADL3 - HBOS: (5026, 32), (5026,),[0 1]
OPPORTUNITY_S4-ADL3 - HBOS: 0.18103149997875662
OPPORTUNITY_S4-ADL3 - HBOS: 0.18103149997875662
OPPORTUNITY_S4-ADL3 - Sub_HBOS: (5026, 32), (5026,),[0 1]
OPPORTUNITY_S4-ADL3 - Sub_HBOS: 0.20148587423388242
OPPORTUNITY_S4-ADL3 - Sub_HBOS: 0.20148587423388242
OPPORTUNITY_S4-ADL3 - KNN: (5026, 32), (5026,),[0 1]
OPPORTUNITY_S4-ADL3 - KNN: 0.1562099937329825
OPPORTUNITY_S4-ADL3 - KNN: 0.1562099937329825
OPPORTUNITY_S4-ADL3 - Sub_KNN: (5026, 32), (5026,),[0 1]
OPPORTUNITY_S4-ADL3 - Sub_KNN: 0.18880384634043068
OPPORTUNITY_S4-ADL3 - Sub_KNN: 0.18880384634043068
OPPORTUNITY_S4-ADL3 - KMeansAD: (5026, 32), (5026,),[0 1]
OPPORTUNITY_S4-ADL3 - KMeansAD: 0.23747409580350898
OPPORTUNITY_S4-ADL3 - KMeansAD: 0.23747409580350898
OPPORTUNITY_S4-ADL3 - KMeansAD_U: (5026, 32), (5026,),[0 1]
OPPORTUNITY_S4-ADL3 - KMeansAD_U: 0.22562050342680248
OPPORTUNITY_S4-ADL3 - KMeansAD_U: 0.22562050342680248
OPPORTUNITY_S4-ADL3 - COPOD: (5026, 32), (5026,),[0 1]
OPPORTUNITY_S4-ADL3 - COPOD: 0.2189283033774118
OPPORTUNITY_S4-ADL3 - COPOD: 0.2189283033774118
OPPORTUNITY_S4-ADL3 - CBLOF: (5026, 32), (5026,),[0 1]
OPPORTUNITY_S4-ADL3 - CBLOF: 0.2603005647805729
OPPORTUNITY_S4-ADL3 - CBLOF: 0.2603005647805729
OPPORTUNITY_S4-ADL3 - COF: (5026, 32), (5026,),[0 1]
OPPORTUNITY_S4-ADL3 - COF: 0.1827042369880836
OPPORTUNITY_S4-ADL3 - COF: 0.1827042369880836
OPPORTUNITY_S4-ADL3 - EIF: (5026, 32), (5026,),[0 1]
OPPORTUNITY_S4-ADL3 - EIF: 0.16029111011394787
OPPORTUNITY_S4-ADL3 - EIF: 0.16029111011394787
OPPORTUNITY_S4-ADL3 - RobustPCA: (5026, 32), (5026,),[0 1]
iteration: 1, error: 286.7541215841859
iteration: 100, error: 4.348467013590428
iteration: 200, error: 4.620550052879661
iteration: 300, error: 3.5637842364133614
iteration: 400, error: 3.620116137079642
iteration: 500, error: 3.6608800713668406
iteration: 600, error: 3.3560791078911123
iteration: 700, error: 2.8975935231881844
iteration: 800, error: 2.581257746242498
iteration: 900, error: 1.3086240046036641
iteration: 1000, error: 0.7858377489021309
OPPORTUNITY_S4-ADL3 - RobustPCA: 0.09466632785909646
OPPORTUNITY_S4-ADL3 - RobustPCA: 0.09466632785909646
OPPORTUNITY_S4-ADL3 - FFT: (5026, 32), (5026,),[0 1]
OPPORTUNITY_S4-ADL3 - FFT: 0.11373077401184611
OPPORTUNITY_S4-ADL3 - FFT: 0.11373077401184611
OPPORTUNITY_S4-ADL3 - NORMA: (5026, 32), (5026,),[0 1]
OPPORTUNITY_S4-ADL3 - NORMA: 0.1532670041316599
OPPORTUNITY_S4-ADL3 - NORMA: 0.1532670041316599
OPPORTUNITY_S4-ADL3 - MovingAverage: (5026, 32), (5026,),[0 1]
OPPORTUNITY_S4-ADL3 - MovingAverage: 0.11544150471593724
OPPORTUNITY_S4-ADL3 - MovingAverage: 0.11544150471593724
OPPORTUNITY_S4-ADL3 - EWMA: (5026, 32), (5026,),[0 1]
OPPORTUNITY_S4-ADL3 - EWMA: 0.11108997723074858
OPPORTUNITY_S4-ADL3 - EWMA: 0.11108997723074858
OPPORTUNITY_S4-ADL3 - SavGol: (5026, 32), (5026,),[0 1]
OPPORTUNITY_S4-ADL3 - SavGol: 0.11602015872814293
OPPORTUNITY_S4-ADL3 - SavGol: 0.11602015872814293
OPPORTUNITY_S4-ADL3 - Kalman: (5026, 32), (5026,),[0 1]
OPPORTUNITY_S4-ADL3 - Kalman: 0.1123735665799682
OPPORTUNITY_S4-ADL3 - Kalman: 0.1123735665799682
OPPORTUNITY_S4-ADL3 - LOESS: (5026, 32), (5026,),[0 1]
OPPORTUNITY_S4-ADL3 - LOESS: 0.18019185441988633
OPPORTUNITY_S4-ADL3 - LOESS: 0.18019185441988633
OPPORTUNITY_S4-ADL3 - HoltWinters: (5026, 32), (5026,),[0 1]
OPPORTUNITY_S4-ADL3 - HoltWinters: 0.10972844568939212
OPPORTUNITY_S4-ADL3 - HoltWinters: 0.10972844568939212
OPPORTUNITY_S4-ADL3 - RollingMedian: (5026, 32), (5026,),[0 1]
OPPORTUNITY_S4-ADL3 - RollingMedian: 0.12023057942522478
OPPORTUNITY_S4-ADL3 - RollingMedian: 0.12023057942522478
OPPORTUNITY_S4-ADL3 - ZScore: (5026, 32), (5026,),[0 1]
OPPORTUNITY_S4-ADL3 - ZScore: 0.24062474751363025
OPPORTUNITY_S4-ADL3 - ZScore: 0.24062474751363025
OPPORTUNITY_S4-ADL3 - MAD: (5026, 32), (5026,),[0 1]
OPPORTUNITY_S4-ADL3 - MAD: 0.3293917962203394
OPPORTUNITY_S4-ADL3 - MAD: 0.3293917962203394
OPPORTUNITY_S4-ADL3 - IQR: (5026, 32), (5026,),[0 1]
OPPORTUNITY_S4-ADL3 - IQR: 0.24753033825297985
OPPORTUNITY_S4-ADL3 - IQR: 0.24753033825297985
OPPORTUNITY_S4-ADL3 - Mahalanobis: (5026, 32), (5026,),[0 1]
OPPORTUNITY_S4-ADL3 - Mahalanobis: 0.1493181053736956
OPPORTUNITY_S4-ADL3 - Mahalanobis: 0.1493181053736956
OPPORTUNITY_S4-ADL3 - HotellingT2: (5026, 32), (5026,),[0 1]
OPPORTUNITY_S4-ADL3 - HotellingT2: 0.1493181053736956
OPPORTUNITY_S4-ADL3 - HotellingT2: 0.1493181053736956
OPPORTUNITY_S4-ADL3 - PCAStat: (5026, 32), (5026,),[0 1]
OPPORTUNITY_S4-ADL3 - PCAStat: 0.2064203058980355
OPPORTUNITY_S4-ADL3 - PCAStat: 0.2064203058980355
OPPORTUNITY_S4-ADL3 - KDE: (5026, 32), (5026,),[0 1]
OPPORTUNITY_S4-ADL3 - KDE: 0.14300613291907502
OPPORTUNITY_S4-ADL3 - KDE: 0.14300613291907502
OPPORTUNITY_S4-ADL3 - GMM: (5026, 32), (5026,),[0 1]
OPPORTUNITY_S4-ADL3 - GMM: 0.13670436769844002
OPPORTUNITY_S4-ADL3 - GMM: 0.13670436769844002
OPPORTUNITY_S4-ADL3 - SARAD: (5026, 32), (5026,),[0 1]
SARAD Model initialized on cuda
SARAD training finished. Final loss: 0.020977
OPPORTUNITY_S4-ADL3 - SARAD: 0.27710174535139953
OPPORTUNITY_S4-ADL3 - SARAD: 0.27710174535139953
OPPORTUNITY_S4-ADL3 - SensitiveHUE: (5026, 32), (5026,),[0 1]
SensitiveHUE Model initialized on cuda
Epoch 100/200, Avg NLL Loss: 5.9486
Epoch 200/200, Avg NLL Loss: 4.2606
SensitiveHUE training finished.
OPPORTUNITY_S4-ADL3 - SensitiveHUE: 0.1501162736970631
OPPORTUNITY_S4-ADL3 - SensitiveHUE: 0.1501162736970631
OPPORTUNITY_S4-ADL3 - SensorSCAN: (5026, 32), (5026,),[0 1]
SensorSCAN Model initialized on cuda
/home/yyy/anaconda3/envs/tsclean/lib/python3.9/site-packages/sklearn/metrics/_classification.py:1565: UndefinedMetricWarning: Precision is ill-defined and being set to 0.0 due to no predicted samples. Use `zero_division` parameter to control this behavior.
  _warn_prf(average, modifier, f"{metric.capitalize()} is", len(result))
/home/yyy/anaconda3/envs/tsclean/lib/python3.9/site-packages/sklearn/metrics/_classification.py:1565: UndefinedMetricWarning: Precision is ill-defined and being set to 0.0 due to no predicted samples. Use `zero_division` parameter to control this behavior.
  _warn_prf(average, modifier, f"{metric.capitalize()} is", len(result))
/home/yyy/TSC/TSClean/AutoClean/Error_Detection/detectors/models/PCA.py:282: RuntimeWarning: divide by zero encountered in divide
  cdist(X, self.selected_components_) / self.selected_w_components_,
/home/yyy/anaconda3/envs/tsclean/lib/python3.9/site-packages/numpy/lib/_function_base_impl.py:4779: RuntimeWarning: invalid value encountered in subtract
  diff_b_a = subtract(b, a)
/home/yyy/anaconda3/envs/tsclean/lib/python3.9/site-packages/numpy/_core/_methods.py:185: RuntimeWarning: invalid value encountered in subtract
  x = asanyarray(arr - arrmean)
/home/yyy/anaconda3/envs/tsclean/lib/python3.9/site-packages/sklearn/metrics/_classification.py:1565: UndefinedMetricWarning: Precision is ill-defined and being set to 0.0 due to no predicted samples. Use `zero_division` parameter to control this behavior.
  _warn_prf(average, modifier, f"{metric.capitalize()} is", len(result))
/home/yyy/anaconda3/envs/tsclean/lib/python3.9/site-packages/sklearn/metrics/_classification.py:1565: UndefinedMetricWarning: Precision is ill-defined and being set to 0.0 due to no predicted samples. Use `zero_division` parameter to control this behavior.
  _warn_prf(average, modifier, f"{metric.capitalize()} is", len(result))
/home/yyy/anaconda3/envs/tsclean/lib/python3.9/site-packages/sklearn/metrics/_classification.py:1565: UndefinedMetricWarning: Precision is ill-defined and being set to 0.0 due to no predicted samples. Use `zero_division` parameter to control this behavior.
  _warn_prf(average, modifier, f"{metric.capitalize()} is", len(result))
/home/yyy/anaconda3/envs/tsclean/lib/python3.9/site-packages/sklearn/metrics/_classification.py:1565: UndefinedMetricWarning: Precision is ill-defined and being set to 0.0 due to no predicted samples. Use `zero_division` parameter to control this behavior.
  _warn_prf(average, modifier, f"{metric.capitalize()} is", len(result))
/home/yyy/anaconda3/envs/tsclean/lib/python3.9/site-packages/sklearn/metrics/_classification.py:1565: UndefinedMetricWarning: Precision is ill-defined and being set to 0.0 due to no predicted samples. Use `zero_division` parameter to control this behavior.
  _warn_prf(average, modifier, f"{metric.capitalize()} is", len(result))
/home/yyy/anaconda3/envs/tsclean/lib/python3.9/site-packages/sklearn/metrics/_classification.py:1565: UndefinedMetricWarning: Precision is ill-defined and being set to 0.0 due to no predicted samples. Use `zero_division` parameter to control this behavior.
  _warn_prf(average, modifier, f"{metric.capitalize()} is", len(result))
/home/yyy/anaconda3/envs/tsclean/lib/python3.9/site-packages/sklearn/metrics/_classification.py:1565: UndefinedMetricWarning: Precision is ill-defined and being set to 0.0 due to no predicted samples. Use `zero_division` parameter to control this behavior.
  _warn_prf(average, modifier, f"{metric.capitalize()} is", len(result))
/home/yyy/anaconda3/envs/tsclean/lib/python3.9/site-packages/sklearn/metrics/_classification.py:1565: UndefinedMetricWarning: Precision is ill-defined and being set to 0.0 due to no predicted samples. Use `zero_division` parameter to control this behavior.
  _warn_prf(average, modifier, f"{metric.capitalize()} is", len(result))
/home/yyy/anaconda3/envs/tsclean/lib/python3.9/site-packages/sklearn/metrics/_classification.py:1565: UndefinedMetricWarning: Precision is ill-defined and being set to 0.0 due to no predicted samples. Use `zero_division` parameter to control this behavior.
  _warn_prf(average, modifier, f"{metric.capitalize()} is", len(result))
/home/yyy/anaconda3/envs/tsclean/lib/python3.9/site-packages/sklearn/metrics/_classification.py:1565: UndefinedMetricWarning: Precision is ill-defined and being set to 0.0 due to no predicted samples. Use `zero_division` parameter to control this behavior.
  _warn_prf(average, modifier, f"{metric.capitalize()} is", len(result))
/home/yyy/anaconda3/envs/tsclean/lib/python3.9/site-packages/sklearn/metrics/_classification.py:1565: UndefinedMetricWarning: Precision is ill-defined and being set to 0.0 due to no predicted samples. Use `zero_division` parameter to control this behavior.
  _warn_prf(average, modifier, f"{metric.capitalize()} is", len(result))
/home/yyy/anaconda3/envs/tsclean/lib/python3.9/site-packages/sklearn/metrics/_classification.py:1565: UndefinedMetricWarning: Precision is ill-defined and being set to 0.0 due to no predicted samples. Use `zero_division` parameter to control this behavior.
  _warn_prf(average, modifier, f"{metric.capitalize()} is", len(result))
/home/yyy/anaconda3/envs/tsclean/lib/python3.9/site-packages/sklearn/metrics/_classification.py:1565: UndefinedMetricWarning: Precision is ill-defined and being set to 0.0 due to no predicted samples. Use `zero_division` parameter to control this behavior.
  _warn_prf(average, modifier, f"{metric.capitalize()} is", len(result))
/home/yyy/anaconda3/envs/tsclean/lib/python3.9/site-packages/sklearn/metrics/_classification.py:1565: UndefinedMetricWarning: Precision is ill-defined and being set to 0.0 due to no predicted samples. Use `zero_division` parameter to control this behavior.
  _warn_prf(average, modifier, f"{metric.capitalize()} is", len(result))
Stage 1: Autoencoder Pretraining...
  AE Epoch 100/200, Loss: 0.081880
  AE Epoch 200/200, Loss: 0.075116
Stage 2: SCAN Clustering...
  SCAN Epoch 100/200, Loss: 0.004659
  SCAN Epoch 200/200, Loss: 0.001215
SensorSCAN training finished.
OPPORTUNITY_S4-ADL3 - SensorSCAN: 0.18764487085424056
OPPORTUNITY_S4-ADL3 - SensorSCAN: 0.18764487085424056
OPPORTUNITY_S4-ADL3 - CATCH: (5026, 32), (5026,),[0 1]
CATCH Model initialized on cuda
CATCH training finished. Final loss: 93698920.000000
OPPORTUNITY_S4-ADL3 - CATCH: 0.0984401356216633
OPPORTUNITY_S4-ADL3 - CATCH: 0.0984401356216633
OPPORTUNITY_S4-ADL3 - DADA: (5026, 32), (5026,),[0 1]
DADA Model initialized on cuda
DADA: Starting stable dual-decoder training...
  Epoch 100/200, Total Loss: 0.549750, Loss_n: 0.495002, Loss_a: 1.007112
  Epoch 200/200, Total Loss: 0.541436, Loss_n: 0.354353, Loss_a: 0.589179
DADA: Training finished.
OPPORTUNITY_S4-ADL3 - DADA: 0.10985776307795608
OPPORTUNITY_S4-ADL3 - DADA: 0.10985776307795608
Results for OPPORTUNITY_S4-ADL3 written to CSV.
Processing dataset: PSM
PSM - Sub_IForest: (10000, 26), (10000,),[0 1]
PSM - Sub_IForest: 0.30502638801169973
PSM - Sub_IForest: 0.30502638801169973
PSM - IForest: (10000, 26), (10000,),[0 1]
PSM - IForest: 0.357307653920795
PSM - IForest: 0.357307653920795
PSM - Sub_LOF: (10000, 26), (10000,),[0 1]
PSM - Sub_LOF: 0.18952639988207529
PSM - Sub_LOF: 0.18952639988207529
PSM - LOF: (10000, 26), (10000,),[0 1]
PSM - LOF: 0.23036739221797406
PSM - LOF: 0.23036739221797406
PSM - Sub_PCA: (10000, 26), (10000,),[0 1]
PSM - Sub_PCA: 0.11914282096068707
PSM - Sub_PCA: 0.11914282096068707
PSM - PCA: (10000, 26), (10000,),[0 1]
PSM - PCA: 0.5123183256698872
PSM - PCA: 0.5123183256698872
PSM - HBOS: (10000, 26), (10000,),[0 1]
PSM - HBOS: 0.34383465591801815
PSM - HBOS: 0.34383465591801815
PSM - Sub_HBOS: (10000, 26), (10000,),[0 1]
PSM - Sub_HBOS: 0.32462846501797415
PSM - Sub_HBOS: 0.32462846501797415
PSM - KNN: (10000, 26), (10000,),[0 1]
PSM - KNN: 0.2618296271708202
PSM - KNN: 0.2618296271708202
PSM - Sub_KNN: (10000, 26), (10000,),[0 1]
PSM - Sub_KNN: 0.26413966546658724
PSM - Sub_KNN: 0.26413966546658724
PSM - KMeansAD: (10000, 26), (10000,),[0 1]
PSM - KMeansAD: 0.4958468818169942
PSM - KMeansAD: 0.4958468818169942
PSM - KMeansAD_U: (10000, 26), (10000,),[0 1]
PSM - KMeansAD_U: 0.24050300802881885
PSM - KMeansAD_U: 0.24050300802881885
PSM - COPOD: (10000, 26), (10000,),[0 1]
PSM - COPOD: 0.303871987057745
PSM - COPOD: 0.303871987057745
PSM - CBLOF: (10000, 26), (10000,),[0 1]
PSM - CBLOF: 0.4350185212747276
PSM - CBLOF: 0.4350185212747276
PSM - COF: (10000, 26), (10000,),[0 1]
PSM - COF: 0.18576846284803553
PSM - COF: 0.18576846284803553
PSM - EIF: (10000, 26), (10000,),[0 1]
PSM - EIF: 0.40306140457664447
PSM - EIF: 0.40306140457664447
PSM - RobustPCA: (10000, 26), (10000,),[0 1]
iteration: 1, error: 20957.61081690766
iteration: 100, error: 35.47692618394171
iteration: 200, error: 35.379238578932544
iteration: 300, error: 35.2819518802526
iteration: 400, error: 34.81154751428475
iteration: 500, error: 26.9609316814204
iteration: 600, error: 25.304350826708305
iteration: 700, error: 24.03457398824469
iteration: 800, error: 23.695381391386178
iteration: 900, error: 13.389150929441735
iteration: 1000, error: 12.91786007773181
PSM - RobustPCA: 0.09604618956947865
PSM - RobustPCA: 0.09604618956947865
PSM - FFT: (10000, 26), (10000,),[0 1]
PSM - FFT: 0.10055630052801776
PSM - FFT: 0.10055630052801776
PSM - NORMA: (10000, 26), (10000,),[0 1]
PSM - NORMA: 0.11077549141724559
PSM - NORMA: 0.11077549141724559
PSM - MovingAverage: (10000, 26), (10000,),[0 1]
PSM - MovingAverage: 0.1954249805129466
PSM - MovingAverage: 0.1954249805129466
PSM - EWMA: (10000, 26), (10000,),[0 1]
PSM - EWMA: 0.11999478392656569
PSM - EWMA: 0.11999478392656569
PSM - SavGol: (10000, 26), (10000,),[0 1]
PSM - SavGol: 0.19616518344344822
PSM - SavGol: 0.19616518344344822
PSM - Kalman: (10000, 26), (10000,),[0 1]
PSM - Kalman: 0.11957328478591636
PSM - Kalman: 0.11957328478591636
PSM - LOESS: (10000, 26), (10000,),[0 1]
PSM - LOESS: 0.39111329404505213
PSM - LOESS: 0.39111329404505213
PSM - HoltWinters: (10000, 26), (10000,),[0 1]
PSM - HoltWinters: 0.12017633746286774
PSM - HoltWinters: 0.12017633746286774
PSM - RollingMedian: (10000, 26), (10000,),[0 1]
PSM - RollingMedian: 0.1584653674734427
PSM - RollingMedian: 0.1584653674734427
PSM - ZScore: (10000, 26), (10000,),[0 1]
PSM - ZScore: 0.543361191023948
PSM - ZScore: 0.543361191023948
PSM - MAD: (10000, 26), (10000,),[0 1]
PSM - MAD: 0.5163963770855657
PSM - MAD: 0.5163963770855657
PSM - IQR: (10000, 26), (10000,),[0 1]
PSM - IQR: 0.22476617468029048
PSM - IQR: 0.22476617468029048
PSM - Mahalanobis: (10000, 26), (10000,),[0 1]
PSM - Mahalanobis: 0.5440068594456902
PSM - Mahalanobis: 0.5440068594456902
PSM - HotellingT2: (10000, 26), (10000,),[0 1]
PSM - HotellingT2: 0.5440068594456902
PSM - HotellingT2: 0.5440068594456902
PSM - PCAStat: (10000, 26), (10000,),[0 1]
PSM - PCAStat: 0.2708145948307233
PSM - PCAStat: 0.2708145948307233
PSM - KDE: (10000, 26), (10000,),[0 1]
PSM - KDE: 0.1932183870889166
PSM - KDE: 0.1932183870889166
PSM - GMM: (10000, 26), (10000,),[0 1]
PSM - GMM: 0.5214228443290242
PSM - GMM: 0.5214228443290242
PSM - SARAD: (10000, 26), (10000,),[0 1]
SARAD Model initialized on cuda
SARAD training finished. Final loss: 0.001959
PSM - SARAD: 0.18553336302275109
PSM - SARAD: 0.18553336302275109
PSM - SensitiveHUE: (10000, 26), (10000,),[0 1]
SensitiveHUE Model initialized on cuda
Epoch 100/200, Avg NLL Loss: -2.0343
Epoch 200/200, Avg NLL Loss: -2.0401
SensitiveHUE training finished.
PSM - SensitiveHUE: 0.42700053643972286
PSM - SensitiveHUE: 0.42700053643972286
PSM - SensorSCAN: (10000, 26), (10000,),[0 1]
SensorSCAN Model initialized on cuda
Stage 1: Autoencoder Pretraining...
  AE Epoch 100/200, Loss: 0.033618
  AE Epoch 200/200, Loss: 0.041516
Stage 2: SCAN Clustering...
  SCAN Epoch 100/200, Loss: nan
  SCAN Epoch 200/200, Loss: nan
SensorSCAN training finished.
PSM - SensorSCAN: 0.11914282096068707
PSM - SensorSCAN: 0.11914282096068707
PSM - CATCH: (10000, 26), (10000,),[0 1]
CATCH Model initialized on cuda
CATCH training finished. Final loss: nan
PSM - CATCH: 0.11914282096068707
PSM - CATCH: 0.11914282096068707
PSM - DADA: (10000, 26), (10000,),[0 1]
DADA Model initialized on cuda
DADA: Starting stable dual-decoder training...
  Epoch 100/200, Total Loss: 0.351472, Loss_n: 0.181319, Loss_a: 0.756215
  Epoch 200/200, Total Loss: 0.351098, Loss_n: 0.870109, Loss_a: 1.922722
DADA: Training finished.
PSM - DADA: 0.07507346106899526
PSM - DADA: 0.07507346106899526
Results for PSM written to CSV.
Processing dataset: room-occupancy
room-occupancy - Sub_IForest: (1628, 5), (1628,),[0 1]
room-occupancy - Sub_IForest: 0.696188358231987
room-occupancy - Sub_IForest: 0.696188358231987
room-occupancy - IForest: (1628, 5), (1628,),[0 1]
room-occupancy - IForest: 0.7665829970581709
room-occupancy - IForest: 0.7665829970581709
room-occupancy - Sub_LOF: (1628, 5), (1628,),[0 1]
room-occupancy - Sub_LOF: 0.5318010632285822
room-occupancy - Sub_LOF: 0.5318010632285822
room-occupancy - LOF: (1628, 5), (1628,),[0 1]
room-occupancy - LOF: 0.5454670549198549
room-occupancy - LOF: 0.5454670549198549
room-occupancy - Sub_PCA: (1628, 5), (1628,),[0 1]
room-occupancy - Sub_PCA: 0.5973514444354374
room-occupancy - Sub_PCA: 0.5973514444354374
room-occupancy - PCA: (1628, 5), (1628,),[0 1]
room-occupancy - PCA: 0.5716019437649671
room-occupancy - PCA: 0.5716019437649671
room-occupancy - HBOS: (1628, 5), (1628,),[0 1]
room-occupancy - HBOS: 0.9817000147469319
room-occupancy - HBOS: 0.9817000147469319
room-occupancy - Sub_HBOS: (1628, 5), (1628,),[0 1]
room-occupancy - Sub_HBOS: 0.8136196623652994
room-occupancy - Sub_HBOS: 0.8136196623652994
room-occupancy - KNN: (1628, 5), (1628,),[0 1]
room-occupancy - KNN: 0.9755730519685609
room-occupancy - KNN: 0.9755730519685609
room-occupancy - Sub_KNN: (1628, 5), (1628,),[0 1]
room-occupancy - Sub_KNN: 0.7591936827999557
room-occupancy - Sub_KNN: 0.7591936827999557
room-occupancy - KMeansAD: (1628, 5), (1628,),[0 1]
room-occupancy - KMeansAD: 0.8888707133856254
/home/yyy/anaconda3/envs/tsclean/lib/python3.9/site-packages/sklearn/metrics/_classification.py:1565: UndefinedMetricWarning: Precision is ill-defined and being set to 0.0 due to no predicted samples. Use `zero_division` parameter to control this behavior.
  _warn_prf(average, modifier, f"{metric.capitalize()} is", len(result))
/home/yyy/anaconda3/envs/tsclean/lib/python3.9/site-packages/sklearn/metrics/_classification.py:1565: UndefinedMetricWarning: Precision is ill-defined and being set to 0.0 due to no predicted samples. Use `zero_division` parameter to control this behavior.
  _warn_prf(average, modifier, f"{metric.capitalize()} is", len(result))
/home/yyy/anaconda3/envs/tsclean/lib/python3.9/site-packages/sklearn/metrics/_classification.py:1565: UndefinedMetricWarning: Precision is ill-defined and being set to 0.0 due to no predicted samples. Use `zero_division` parameter to control this behavior.
  _warn_prf(average, modifier, f"{metric.capitalize()} is", len(result))
/home/yyy/anaconda3/envs/tsclean/lib/python3.9/site-packages/sklearn/metrics/_classification.py:1565: UndefinedMetricWarning: Precision is ill-defined and being set to 0.0 due to no predicted samples. Use `zero_division` parameter to control this behavior.
  _warn_prf(average, modifier, f"{metric.capitalize()} is", len(result))
/home/yyy/anaconda3/envs/tsclean/lib/python3.9/site-packages/sklearn/metrics/_classification.py:1565: UndefinedMetricWarning: Precision is ill-defined and being set to 0.0 due to no predicted samples. Use `zero_division` parameter to control this behavior.
  _warn_prf(average, modifier, f"{metric.capitalize()} is", len(result))
/home/yyy/anaconda3/envs/tsclean/lib/python3.9/site-packages/sklearn/metrics/_classification.py:1565: UndefinedMetricWarning: Precision is ill-defined and being set to 0.0 due to no predicted samples. Use `zero_division` parameter to control this behavior.
  _warn_prf(average, modifier, f"{metric.capitalize()} is", len(result))
/home/yyy/anaconda3/envs/tsclean/lib/python3.9/site-packages/sklearn/metrics/_classification.py:1565: UndefinedMetricWarning: Precision is ill-defined and being set to 0.0 due to no predicted samples. Use `zero_division` parameter to control this behavior.
  _warn_prf(average, modifier, f"{metric.capitalize()} is", len(result))
/home/yyy/anaconda3/envs/tsclean/lib/python3.9/site-packages/sklearn/metrics/_classification.py:1565: UndefinedMetricWarning: Precision is ill-defined and being set to 0.0 due to no predicted samples. Use `zero_division` parameter to control this behavior.
  _warn_prf(average, modifier, f"{metric.capitalize()} is", len(result))
/home/yyy/anaconda3/envs/tsclean/lib/python3.9/site-packages/statsmodels/tsa/stattools.py:702: RuntimeWarning: invalid value encountered in divide
  acf = avf[: nlags + 1] / avf[0]
/home/yyy/anaconda3/envs/tsclean/lib/python3.9/site-packages/sklearn/metrics/_classification.py:1565: UndefinedMetricWarning: Precision is ill-defined and being set to 0.0 due to no predicted samples. Use `zero_division` parameter to control this behavior.
  _warn_prf(average, modifier, f"{metric.capitalize()} is", len(result))
/home/yyy/anaconda3/envs/tsclean/lib/python3.9/site-packages/statsmodels/tsa/stattools.py:702: RuntimeWarning: invalid value encountered in divide
  acf = avf[: nlags + 1] / avf[0]
/home/yyy/anaconda3/envs/tsclean/lib/python3.9/site-packages/statsmodels/tsa/stattools.py:702: RuntimeWarning: invalid value encountered in divide
  acf = avf[: nlags + 1] / avf[0]
/home/yyy/anaconda3/envs/tsclean/lib/python3.9/site-packages/statsmodels/tsa/stattools.py:702: RuntimeWarning: invalid value encountered in divide
  acf = avf[: nlags + 1] / avf[0]
/home/yyy/anaconda3/envs/tsclean/lib/python3.9/site-packages/statsmodels/tsa/stattools.py:702: RuntimeWarning: invalid value encountered in divide
  acf = avf[: nlags + 1] / avf[0]
/home/yyy/anaconda3/envs/tsclean/lib/python3.9/site-packages/statsmodels/tsa/stattools.py:702: RuntimeWarning: invalid value encountered in divide
  acf = avf[: nlags + 1] / avf[0]
/home/yyy/anaconda3/envs/tsclean/lib/python3.9/site-packages/statsmodels/tsa/stattools.py:702: RuntimeWarning: invalid value encountered in divide
  acf = avf[: nlags + 1] / avf[0]
/home/yyy/anaconda3/envs/tsclean/lib/python3.9/site-packages/statsmodels/tsa/stattools.py:702: RuntimeWarning: invalid value encountered in divide
  acf = avf[: nlags + 1] / avf[0]
/home/yyy/anaconda3/envs/tsclean/lib/python3.9/site-packages/statsmodels/tsa/stattools.py:702: RuntimeWarning: invalid value encountered in divide
  acf = avf[: nlags + 1] / avf[0]
/home/yyy/anaconda3/envs/tsclean/lib/python3.9/site-packages/statsmodels/tsa/stattools.py:702: RuntimeWarning: invalid value encountered in divide
  acf = avf[: nlags + 1] / avf[0]
/home/yyy/anaconda3/envs/tsclean/lib/python3.9/site-packages/sklearn/metrics/_classification.py:1565: UndefinedMetricWarning: Precision is ill-defined and being set to 0.0 due to no predicted samples. Use `zero_division` parameter to control this behavior.
  _warn_prf(average, modifier, f"{metric.capitalize()} is", len(result))
/home/yyy/anaconda3/envs/tsclean/lib/python3.9/site-packages/statsmodels/tsa/stattools.py:702: RuntimeWarning: invalid value encountered in divide
  acf = avf[: nlags + 1] / avf[0]
/home/yyy/anaconda3/envs/tsclean/lib/python3.9/site-packages/statsmodels/tsa/stattools.py:702: RuntimeWarning: invalid value encountered in divide
  acf = avf[: nlags + 1] / avf[0]
/home/yyy/anaconda3/envs/tsclean/lib/python3.9/site-packages/sklearn/metrics/_classification.py:1565: UndefinedMetricWarning: Precision is ill-defined and being set to 0.0 due to no predicted samples. Use `zero_division` parameter to control this behavior.
  _warn_prf(average, modifier, f"{metric.capitalize()} is", len(result))
/home/yyy/anaconda3/envs/tsclean/lib/python3.9/site-packages/statsmodels/tsa/stattools.py:702: RuntimeWarning: invalid value encountered in divide
  acf = avf[: nlags + 1] / avf[0]
/home/yyy/anaconda3/envs/tsclean/lib/python3.9/site-packages/statsmodels/tsa/stattools.py:702: RuntimeWarning: invalid value encountered in divide
  acf = avf[: nlags + 1] / avf[0]
/home/yyy/anaconda3/envs/tsclean/lib/python3.9/site-packages/statsmodels/tsa/stattools.py:702: RuntimeWarning: invalid value encountered in divide
  acf = avf[: nlags + 1] / avf[0]
/home/yyy/anaconda3/envs/tsclean/lib/python3.9/site-packages/statsmodels/tsa/stattools.py:702: RuntimeWarning: invalid value encountered in divide
  acf = avf[: nlags + 1] / avf[0]
/home/yyy/anaconda3/envs/tsclean/lib/python3.9/site-packages/statsmodels/tsa/stattools.py:702: RuntimeWarning: invalid value encountered in divide
  acf = avf[: nlags + 1] / avf[0]
/home/yyy/anaconda3/envs/tsclean/lib/python3.9/site-packages/sklearn/metrics/_classification.py:1565: UndefinedMetricWarning: Precision is ill-defined and being set to 0.0 due to no predicted samples. Use `zero_division` parameter to control this behavior.
  _warn_prf(average, modifier, f"{metric.capitalize()} is", len(result))
/home/yyy/anaconda3/envs/tsclean/lib/python3.9/site-packages/statsmodels/tsa/stattools.py:702: RuntimeWarning: invalid value encountered in divide
  acf = avf[: nlags + 1] / avf[0]
/home/yyy/anaconda3/envs/tsclean/lib/python3.9/site-packages/statsmodels/tsa/stattools.py:702: RuntimeWarning: invalid value encountered in divide
  acf = avf[: nlags + 1] / avf[0]
/home/yyy/anaconda3/envs/tsclean/lib/python3.9/site-packages/sklearn/metrics/_classification.py:1565: UndefinedMetricWarning: Precision is ill-defined and being set to 0.0 due to no predicted samples. Use `zero_division` parameter to control this behavior.
  _warn_prf(average, modifier, f"{metric.capitalize()} is", len(result))
/home/yyy/anaconda3/envs/tsclean/lib/python3.9/site-packages/statsmodels/tsa/stattools.py:702: RuntimeWarning: invalid value encountered in divide
  acf = avf[: nlags + 1] / avf[0]
/home/yyy/anaconda3/envs/tsclean/lib/python3.9/site-packages/statsmodels/tsa/stattools.py:702: RuntimeWarning: invalid value encountered in divide
  acf = avf[: nlags + 1] / avf[0]
/home/yyy/anaconda3/envs/tsclean/lib/python3.9/site-packages/statsmodels/tsa/stattools.py:702: RuntimeWarning: invalid value encountered in divide
  acf = avf[: nlags + 1] / avf[0]
/home/yyy/anaconda3/envs/tsclean/lib/python3.9/site-packages/statsmodels/tsa/stattools.py:702: RuntimeWarning: invalid value encountered in divide
  acf = avf[: nlags + 1] / avf[0]
room-occupancy - KMeansAD: 0.8888707133856254
room-occupancy - KMeansAD_U: (1628, 5), (1628,),[0 1]
room-occupancy - KMeansAD_U: 0.8744251451871228
room-occupancy - KMeansAD_U: 0.8744251451871228
room-occupancy - COPOD: (1628, 5), (1628,),[0 1]
room-occupancy - COPOD: 0.9312454475857872
room-occupancy - COPOD: 0.9312454475857872
room-occupancy - CBLOF: (1628, 5), (1628,),[0 1]
room-occupancy - CBLOF: 0.9873175587519145
room-occupancy - CBLOF: 0.9873175587519145
room-occupancy - COF: (1628, 5), (1628,),[0 1]
room-occupancy - COF: 0.4849395723708912
room-occupancy - COF: 0.4849395723708912
room-occupancy - EIF: (1628, 5), (1628,),[0 1]
room-occupancy - EIF: 0.9149373248495526
room-occupancy - EIF: 0.9149373248495526
room-occupancy - RobustPCA: (1628, 5), (1628,),[0 1]
iteration: 1, error: 722.982431611455
iteration: 100, error: 8.572735213177129
iteration: 200, error: 13.328113318513237
iteration: 300, error: 10.505279770003334
iteration: 400, error: 4.113332315422229
iteration: 500, error: 0.9823403867864903
iteration: 600, error: 0.2051870559308643
iteration: 700, error: 0.13355050094100904
iteration: 800, error: 0.19287882793513517
iteration: 900, error: 0.22800718969867848
iteration: 1000, error: 0.17487446372941226
room-occupancy - RobustPCA: 0.8522382711026825
room-occupancy - RobustPCA: 0.8522382711026825
room-occupancy - FFT: (1628, 5), (1628,),[0 1]
room-occupancy - FFT: 0.8190293897066082
room-occupancy - FFT: 0.8190293897066082
room-occupancy - NORMA: (1628, 5), (1628,),[0 1]
room-occupancy - NORMA: 0.24976319645123446
room-occupancy - NORMA: 0.24976319645123446
room-occupancy - MovingAverage: (1628, 5), (1628,),[0 1]
room-occupancy - MovingAverage: 0.8339708775686967
room-occupancy - MovingAverage: 0.8339708775686967
room-occupancy - EWMA: (1628, 5), (1628,),[0 1]
room-occupancy - EWMA: 0.8975978237555527
room-occupancy - EWMA: 0.8975978237555527
room-occupancy - SavGol: (1628, 5), (1628,),[0 1]
room-occupancy - SavGol: 0.8293193461174159
room-occupancy - SavGol: 0.8293193461174159
room-occupancy - Kalman: (1628, 5), (1628,),[0 1]
room-occupancy - Kalman: 0.88118875417164
room-occupancy - Kalman: 0.88118875417164
room-occupancy - LOESS: (1628, 5), (1628,),[0 1]
room-occupancy - LOESS: 0.8840902425553105
room-occupancy - LOESS: 0.8840902425553105
room-occupancy - HoltWinters: (1628, 5), (1628,),[0 1]
room-occupancy - HoltWinters: 0.8756242046839018
room-occupancy - HoltWinters: 0.8756242046839018
room-occupancy - RollingMedian: (1628, 5), (1628,),[0 1]
room-occupancy - RollingMedian: 0.6670379568428436
room-occupancy - RollingMedian: 0.6670379568428436
room-occupancy - ZScore: (1628, 5), (1628,),[0 1]
room-occupancy - ZScore: 0.5951311769294682
room-occupancy - ZScore: 0.5951311769294682
room-occupancy - MAD: (1628, 5), (1628,),[0 1]
room-occupancy - MAD: 0.9869106057582433
room-occupancy - MAD: 0.9869106057582433
room-occupancy - IQR: (1628, 5), (1628,),[0 1]
room-occupancy - IQR: 0.4409717675024126
room-occupancy - IQR: 0.4409717675024126
room-occupancy - Mahalanobis: (1628, 5), (1628,),[0 1]
room-occupancy - Mahalanobis: 0.635750508530044
room-occupancy - Mahalanobis: 0.635750508530044
room-occupancy - HotellingT2: (1628, 5), (1628,),[0 1]
room-occupancy - HotellingT2: 0.635750508530044
room-occupancy - HotellingT2: 0.635750508530044
room-occupancy - PCAStat: (1628, 5), (1628,),[0 1]
room-occupancy - PCAStat: 0.30517169384213877
room-occupancy - PCAStat: 0.30517169384213877
room-occupancy - KDE: (1628, 5), (1628,),[0 1]
room-occupancy - KDE: 0.9303279313734724
room-occupancy - KDE: 0.9303279313734724
room-occupancy - GMM: (1628, 5), (1628,),[0 1]
room-occupancy - GMM: 0.9745671500573427
room-occupancy - GMM: 0.9745671500573427
room-occupancy - SARAD: (1628, 5), (1628,),[0 1]
SARAD Model initialized on cuda
SARAD training finished. Final loss: 0.002772
room-occupancy - SARAD: 0.5459144241704568
room-occupancy - SARAD: 0.5459144241704568
room-occupancy - SensitiveHUE: (1628, 5), (1628,),[0 1]
SensitiveHUE Model initialized on cuda
Epoch 100/200, Avg NLL Loss: 3.9396
Epoch 200/200, Avg NLL Loss: 2.1910
SensitiveHUE training finished.
room-occupancy - SensitiveHUE: 0.6382317632002511
room-occupancy - SensitiveHUE: 0.6382317632002511
room-occupancy - SensorSCAN: (1628, 5), (1628,),[0 1]
SensorSCAN Model initialized on cuda
Stage 1: Autoencoder Pretraining...
  AE Epoch 100/200, Loss: 0.002801
  AE Epoch 200/200, Loss: 0.001341
Stage 2: SCAN Clustering...
  SCAN Epoch 100/200, Loss: 0.003958
  SCAN Epoch 200/200, Loss: 0.003886
SensorSCAN training finished.
room-occupancy - SensorSCAN: 0.4641123512470873
room-occupancy - SensorSCAN: 0.4641123512470873
room-occupancy - CATCH: (1628, 5), (1628,),[0 1]
CATCH Model initialized on cuda
CATCH training finished. Final loss: 9931449.000000
room-occupancy - CATCH: 0.7215245751588378
room-occupancy - CATCH: 0.7215245751588378
room-occupancy - DADA: (1628, 5), (1628,),[0 1]
DADA Model initialized on cuda
DADA: Starting stable dual-decoder training...
  Epoch 100/200, Total Loss: 0.078106, Loss_n: 0.048323, Loss_a: 0.773693
  Epoch 200/200, Total Loss: 0.076906, Loss_n: 0.071467, Loss_a: 0.831780
DADA: Training finished.
room-occupancy - DADA: 0.27491775564324394
room-occupancy - DADA: 0.27491775564324394
Results for room-occupancy written to CSV.
Processing dataset: SMAP_G-7
SMAP_G-7 - Sub_IForest: (4014, 25), (4014,),[0 1]
SMAP_G-7 - Sub_IForest: 0.9970302753341259
SMAP_G-7 - Sub_IForest: 0.9970302753341259
SMAP_G-7 - IForest: (4014, 25), (4014,),[0 1]
SMAP_G-7 - IForest: 0.9776058148898555
SMAP_G-7 - IForest: 0.9776058148898555
SMAP_G-7 - Sub_LOF: (4014, 25), (4014,),[0 1]
SMAP_G-7 - Sub_LOF: 0.036576921254746354
SMAP_G-7 - Sub_LOF: 0.036576921254746354
SMAP_G-7 - LOF: (4014, 25), (4014,),[0 1]
SMAP_G-7 - LOF: 0.038422820104013385
SMAP_G-7 - LOF: 0.038422820104013385
SMAP_G-7 - Sub_PCA: (4014, 25), (4014,),[0 1]
SMAP_G-7 - Sub_PCA: 0.09147891464401306
SMAP_G-7 - Sub_PCA: 0.09147891464401306
SMAP_G-7 - PCA: (4014, 25), (4014,),[0 1]
SMAP_G-7 - PCA: 0.09280852301842893
SMAP_G-7 - PCA: 0.09280852301842893
SMAP_G-7 - HBOS: (4014, 25), (4014,),[0 1]
SMAP_G-7 - HBOS: 0.14930700572876765
SMAP_G-7 - HBOS: 0.14930700572876765
SMAP_G-7 - Sub_HBOS: (4014, 25), (4014,),[0 1]
SMAP_G-7 - Sub_HBOS: 0.5017638528711709
SMAP_G-7 - Sub_HBOS: 0.5017638528711709
SMAP_G-7 - KNN: (4014, 25), (4014,),[0 1]
SMAP_G-7 - KNN: 0.038422820104013385
SMAP_G-7 - KNN: 0.038422820104013385
SMAP_G-7 - Sub_KNN: (4014, 25), (4014,),[0 1]
SMAP_G-7 - Sub_KNN: 0.211502901752659
SMAP_G-7 - Sub_KNN: 0.211502901752659
SMAP_G-7 - KMeansAD: (4014, 25), (4014,),[0 1]
SMAP_G-7 - KMeansAD: 0.8518402980692412
SMAP_G-7 - KMeansAD: 0.8518402980692412
SMAP_G-7 - KMeansAD_U: (4014, 25), (4014,),[0 1]
SMAP_G-7 - KMeansAD_U: 0.9194829445328705
SMAP_G-7 - KMeansAD_U: 0.9194829445328705
SMAP_G-7 - COPOD: (4014, 25), (4014,),[0 1]
SMAP_G-7 - COPOD: 0.22684092957610036
SMAP_G-7 - COPOD: 0.22684092957610036
SMAP_G-7 - CBLOF: (4014, 25), (4014,),[0 1]
SMAP_G-7 - CBLOF: 0.218838781545286
SMAP_G-7 - CBLOF: 0.218838781545286
SMAP_G-7 - COF: (4014, 25), (4014,),[0 1]
SMAP_G-7 - COF: 0.05746395237918145
SMAP_G-7 - COF: 0.05746395237918145
SMAP_G-7 - EIF: (4014, 25), (4014,),[0 1]
SMAP_G-7 - EIF: 0.15758380959758994
SMAP_G-7 - EIF: 0.15758380959758994
SMAP_G-7 - RobustPCA: (4014, 25), (4014,),[0 1]
iteration: 1, error: 0.3844965999323652
iteration: 59, error: 4.712986804435952e-06
SMAP_G-7 - RobustPCA: 0.03055934395569423
SMAP_G-7 - RobustPCA: 0.03055934395569423
SMAP_G-7 - FFT: (4014, 25), (4014,),[0 1]
SMAP_G-7 - FFT: 0.10634383946718158
SMAP_G-7 - FFT: 0.10634383946718158
SMAP_G-7 - NORMA: (4014, 25), (4014,),[0 1]
SMAP_G-7 - NORMA: 0.1918590014147761
SMAP_G-7 - NORMA: 0.1918590014147761
SMAP_G-7 - MovingAverage: (4014, 25), (4014,),[0 1]
SMAP_G-7 - MovingAverage: 0.07018963013391318
SMAP_G-7 - MovingAverage: 0.07018963013391318
SMAP_G-7 - EWMA: (4014, 25), (4014,),[0 1]
SMAP_G-7 - EWMA: 0.15060036029296114
SMAP_G-7 - EWMA: 0.15060036029296114
SMAP_G-7 - SavGol: (4014, 25), (4014,),[0 1]
SMAP_G-7 - SavGol: 0.08092076053446873
SMAP_G-7 - SavGol: 0.08092076053446873
SMAP_G-7 - Kalman: (4014, 25), (4014,),[0 1]
SMAP_G-7 - Kalman: 0.1357675833112978
/home/yyy/anaconda3/envs/tsclean/lib/python3.9/site-packages/statsmodels/tsa/stattools.py:702: RuntimeWarning: invalid value encountered in divide
  acf = avf[: nlags + 1] / avf[0]
/home/yyy/anaconda3/envs/tsclean/lib/python3.9/site-packages/statsmodels/tsa/stattools.py:702: RuntimeWarning: invalid value encountered in divide
  acf = avf[: nlags + 1] / avf[0]
/home/yyy/anaconda3/envs/tsclean/lib/python3.9/site-packages/statsmodels/tsa/stattools.py:702: RuntimeWarning: invalid value encountered in divide
  acf = avf[: nlags + 1] / avf[0]
/home/yyy/anaconda3/envs/tsclean/lib/python3.9/site-packages/statsmodels/tsa/stattools.py:702: RuntimeWarning: invalid value encountered in divide
  acf = avf[: nlags + 1] / avf[0]
/home/yyy/anaconda3/envs/tsclean/lib/python3.9/site-packages/statsmodels/tsa/stattools.py:702: RuntimeWarning: invalid value encountered in divide
  acf = avf[: nlags + 1] / avf[0]
/home/yyy/anaconda3/envs/tsclean/lib/python3.9/site-packages/statsmodels/tsa/stattools.py:702: RuntimeWarning: invalid value encountered in divide
  acf = avf[: nlags + 1] / avf[0]
/home/yyy/anaconda3/envs/tsclean/lib/python3.9/site-packages/statsmodels/tsa/stattools.py:702: RuntimeWarning: invalid value encountered in divide
  acf = avf[: nlags + 1] / avf[0]
/home/yyy/anaconda3/envs/tsclean/lib/python3.9/site-packages/statsmodels/tsa/stattools.py:702: RuntimeWarning: invalid value encountered in divide
  acf = avf[: nlags + 1] / avf[0]
/home/yyy/anaconda3/envs/tsclean/lib/python3.9/site-packages/statsmodels/tsa/stattools.py:702: RuntimeWarning: invalid value encountered in divide
  acf = avf[: nlags + 1] / avf[0]
/home/yyy/anaconda3/envs/tsclean/lib/python3.9/site-packages/statsmodels/tsa/stattools.py:702: RuntimeWarning: invalid value encountered in divide
  acf = avf[: nlags + 1] / avf[0]
/home/yyy/anaconda3/envs/tsclean/lib/python3.9/site-packages/statsmodels/tsa/stattools.py:702: RuntimeWarning: invalid value encountered in divide
  acf = avf[: nlags + 1] / avf[0]
/home/yyy/anaconda3/envs/tsclean/lib/python3.9/site-packages/statsmodels/tsa/stattools.py:702: RuntimeWarning: invalid value encountered in divide
  acf = avf[: nlags + 1] / avf[0]
/home/yyy/anaconda3/envs/tsclean/lib/python3.9/site-packages/statsmodels/tsa/stattools.py:702: RuntimeWarning: invalid value encountered in divide
  acf = avf[: nlags + 1] / avf[0]
/home/yyy/anaconda3/envs/tsclean/lib/python3.9/site-packages/statsmodels/tsa/stattools.py:702: RuntimeWarning: invalid value encountered in divide
  acf = avf[: nlags + 1] / avf[0]
/home/yyy/anaconda3/envs/tsclean/lib/python3.9/site-packages/statsmodels/tsa/stattools.py:702: RuntimeWarning: invalid value encountered in divide
  acf = avf[: nlags + 1] / avf[0]
/home/yyy/anaconda3/envs/tsclean/lib/python3.9/site-packages/sklearn/metrics/_classification.py:1565: UndefinedMetricWarning: Precision is ill-defined and being set to 0.0 due to no predicted samples. Use `zero_division` parameter to control this behavior.
  _warn_prf(average, modifier, f"{metric.capitalize()} is", len(result))
/home/yyy/anaconda3/envs/tsclean/lib/python3.9/site-packages/statsmodels/tsa/stattools.py:702: RuntimeWarning: invalid value encountered in divide
  acf = avf[: nlags + 1] / avf[0]
/home/yyy/anaconda3/envs/tsclean/lib/python3.9/site-packages/statsmodels/tsa/stattools.py:702: RuntimeWarning: invalid value encountered in divide
  acf = avf[: nlags + 1] / avf[0]
/home/yyy/anaconda3/envs/tsclean/lib/python3.9/site-packages/statsmodels/tsa/stattools.py:702: RuntimeWarning: invalid value encountered in divide
  acf = avf[: nlags + 1] / avf[0]
/home/yyy/anaconda3/envs/tsclean/lib/python3.9/site-packages/statsmodels/tsa/stattools.py:702: RuntimeWarning: invalid value encountered in divide
  acf = avf[: nlags + 1] / avf[0]
/home/yyy/anaconda3/envs/tsclean/lib/python3.9/site-packages/statsmodels/tsa/stattools.py:702: RuntimeWarning: invalid value encountered in divide
  acf = avf[: nlags + 1] / avf[0]
/home/yyy/anaconda3/envs/tsclean/lib/python3.9/site-packages/statsmodels/tsa/stattools.py:702: RuntimeWarning: invalid value encountered in divide
  acf = avf[: nlags + 1] / avf[0]
/home/yyy/anaconda3/envs/tsclean/lib/python3.9/site-packages/sklearn/metrics/_classification.py:1565: UndefinedMetricWarning: Precision is ill-defined and being set to 0.0 due to no predicted samples. Use `zero_division` parameter to control this behavior.
  _warn_prf(average, modifier, f"{metric.capitalize()} is", len(result))
/home/yyy/anaconda3/envs/tsclean/lib/python3.9/site-packages/statsmodels/tsa/stattools.py:702: RuntimeWarning: invalid value encountered in divide
  acf = avf[: nlags + 1] / avf[0]
/home/yyy/anaconda3/envs/tsclean/lib/python3.9/site-packages/statsmodels/tsa/stattools.py:702: RuntimeWarning: invalid value encountered in divide
  acf = avf[: nlags + 1] / avf[0]
/home/yyy/anaconda3/envs/tsclean/lib/python3.9/site-packages/statsmodels/tsa/stattools.py:702: RuntimeWarning: invalid value encountered in divide
  acf = avf[: nlags + 1] / avf[0]
/home/yyy/anaconda3/envs/tsclean/lib/python3.9/site-packages/sklearn/metrics/_classification.py:1565: UndefinedMetricWarning: Precision is ill-defined and being set to 0.0 due to no predicted samples. Use `zero_division` parameter to control this behavior.
  _warn_prf(average, modifier, f"{metric.capitalize()} is", len(result))
/home/yyy/anaconda3/envs/tsclean/lib/python3.9/site-packages/statsmodels/tsa/stattools.py:702: RuntimeWarning: invalid value encountered in divide
  acf = avf[: nlags + 1] / avf[0]
/home/yyy/anaconda3/envs/tsclean/lib/python3.9/site-packages/statsmodels/tsa/stattools.py:702: RuntimeWarning: invalid value encountered in divide
  acf = avf[: nlags + 1] / avf[0]
/home/yyy/anaconda3/envs/tsclean/lib/python3.9/site-packages/statsmodels/tsa/stattools.py:702: RuntimeWarning: invalid value encountered in divide
  acf = avf[: nlags + 1] / avf[0]
/home/yyy/anaconda3/envs/tsclean/lib/python3.9/site-packages/sklearn/metrics/_classification.py:1565: UndefinedMetricWarning: Precision is ill-defined and being set to 0.0 due to no predicted samples. Use `zero_division` parameter to control this behavior.
  _warn_prf(average, modifier, f"{metric.capitalize()} is", len(result))
/home/yyy/anaconda3/envs/tsclean/lib/python3.9/site-packages/statsmodels/tsa/stattools.py:702: RuntimeWarning: invalid value encountered in divide
  acf = avf[: nlags + 1] / avf[0]
/home/yyy/anaconda3/envs/tsclean/lib/python3.9/site-packages/sklearn/metrics/_classification.py:1565: UndefinedMetricWarning: Precision is ill-defined and being set to 0.0 due to no predicted samples. Use `zero_division` parameter to control this behavior.
  _warn_prf(average, modifier, f"{metric.capitalize()} is", len(result))
/home/yyy/anaconda3/envs/tsclean/lib/python3.9/site-packages/statsmodels/tsa/stattools.py:702: RuntimeWarning: invalid value encountered in divide
  acf = avf[: nlags + 1] / avf[0]
/home/yyy/anaconda3/envs/tsclean/lib/python3.9/site-packages/statsmodels/tsa/stattools.py:702: RuntimeWarning: invalid value encountered in divide
  acf = avf[: nlags + 1] / avf[0]
/home/yyy/anaconda3/envs/tsclean/lib/python3.9/site-packages/statsmodels/tsa/stattools.py:702: RuntimeWarning: invalid value encountered in divide
  acf = avf[: nlags + 1] / avf[0]
/home/yyy/anaconda3/envs/tsclean/lib/python3.9/site-packages/statsmodels/tsa/stattools.py:702: RuntimeWarning: invalid value encountered in divide
  acf = avf[: nlags + 1] / avf[0]
/home/yyy/anaconda3/envs/tsclean/lib/python3.9/site-packages/statsmodels/tsa/stattools.py:702: RuntimeWarning: invalid value encountered in divide
  acf = avf[: nlags + 1] / avf[0]
/home/yyy/anaconda3/envs/tsclean/lib/python3.9/site-packages/statsmodels/tsa/stattools.py:702: RuntimeWarning: invalid value encountered in divide
  acf = avf[: nlags + 1] / avf[0]
/home/yyy/anaconda3/envs/tsclean/lib/python3.9/site-packages/statsmodels/tsa/stattools.py:702: RuntimeWarning: invalid value encountered in divide
  acf = avf[: nlags + 1] / avf[0]
/home/yyy/anaconda3/envs/tsclean/lib/python3.9/site-packages/sklearn/metrics/_classification.py:1565: UndefinedMetricWarning: Precision is ill-defined and being set to 0.0 due to no predicted samples. Use `zero_division` parameter to control this behavior.
  _warn_prf(average, modifier, f"{metric.capitalize()} is", len(result))
/home/yyy/anaconda3/envs/tsclean/lib/python3.9/site-packages/statsmodels/tsa/stattools.py:702: RuntimeWarning: invalid value encountered in divide
  acf = avf[: nlags + 1] / avf[0]
/home/yyy/anaconda3/envs/tsclean/lib/python3.9/site-packages/statsmodels/tsa/stattools.py:702: RuntimeWarning: invalid value encountered in divide
  acf = avf[: nlags + 1] / avf[0]
/home/yyy/anaconda3/envs/tsclean/lib/python3.9/site-packages/statsmodels/tsa/stattools.py:702: RuntimeWarning: invalid value encountered in divide
  acf = avf[: nlags + 1] / avf[0]
/home/yyy/anaconda3/envs/tsclean/lib/python3.9/site-packages/statsmodels/tsa/stattools.py:702: RuntimeWarning: invalid value encountered in divide
  acf = avf[: nlags + 1] / avf[0]
/home/yyy/anaconda3/envs/tsclean/lib/python3.9/site-packages/statsmodels/tsa/stattools.py:702: RuntimeWarning: invalid value encountered in divide
  acf = avf[: nlags + 1] / avf[0]
/home/yyy/anaconda3/envs/tsclean/lib/python3.9/site-packages/statsmodels/tsa/stattools.py:702: RuntimeWarning: invalid value encountered in divide
  acf = avf[: nlags + 1] / avf[0]
/home/yyy/anaconda3/envs/tsclean/lib/python3.9/site-packages/statsmodels/tsa/stattools.py:702: RuntimeWarning: invalid value encountered in divide
  acf = avf[: nlags + 1] / avf[0]
/home/yyy/anaconda3/envs/tsclean/lib/python3.9/site-packages/statsmodels/tsa/stattools.py:702: RuntimeWarning: invalid value encountered in divide
  acf = avf[: nlags + 1] / avf[0]
/home/yyy/anaconda3/envs/tsclean/lib/python3.9/site-packages/statsmodels/tsa/stattools.py:702: RuntimeWarning: invalid value encountered in divide
  acf = avf[: nlags + 1] / avf[0]
/home/yyy/anaconda3/envs/tsclean/lib/python3.9/site-packages/statsmodels/tsa/stattools.py:702: RuntimeWarning: invalid value encountered in divide
  acf = avf[: nlags + 1] / avf[0]
/home/yyy/anaconda3/envs/tsclean/lib/python3.9/site-packages/sklearn/metrics/_classification.py:1565: UndefinedMetricWarning: Precision is ill-defined and being set to 0.0 due to no predicted samples. Use `zero_division` parameter to control this behavior.
  _warn_prf(average, modifier, f"{metric.capitalize()} is", len(result))
/home/yyy/anaconda3/envs/tsclean/lib/python3.9/site-packages/statsmodels/tsa/stattools.py:702: RuntimeWarning: invalid value encountered in divide
  acf = avf[: nlags + 1] / avf[0]
/home/yyy/anaconda3/envs/tsclean/lib/python3.9/site-packages/statsmodels/tsa/stattools.py:702: RuntimeWarning: invalid value encountered in divide
  acf = avf[: nlags + 1] / avf[0]
/home/yyy/anaconda3/envs/tsclean/lib/python3.9/site-packages/statsmodels/tsa/stattools.py:702: RuntimeWarning: invalid value encountered in divide
  acf = avf[: nlags + 1] / avf[0]
/home/yyy/anaconda3/envs/tsclean/lib/python3.9/site-packages/statsmodels/tsa/stattools.py:702: RuntimeWarning: invalid value encountered in divide
  acf = avf[: nlags + 1] / avf[0]
SMAP_G-7 - Kalman: 0.1357675833112978
SMAP_G-7 - LOESS: (4014, 25), (4014,),[0 1]
SMAP_G-7 - LOESS: 0.28419590647562537
SMAP_G-7 - LOESS: 0.28419590647562537
SMAP_G-7 - HoltWinters: (4014, 25), (4014,),[0 1]
SMAP_G-7 - HoltWinters: 0.15417677270657526
SMAP_G-7 - HoltWinters: 0.15417677270657526
SMAP_G-7 - RollingMedian: (4014, 25), (4014,),[0 1]
SMAP_G-7 - RollingMedian: 0.038422820104013385
SMAP_G-7 - RollingMedian: 0.038422820104013385
SMAP_G-7 - ZScore: (4014, 25), (4014,),[0 1]
SMAP_G-7 - ZScore: 0.15177392549581878
SMAP_G-7 - ZScore: 0.15177392549581878
SMAP_G-7 - MAD: (4014, 25), (4014,),[0 1]
SMAP_G-7 - MAD: 0.2191469994368764
SMAP_G-7 - MAD: 0.2191469994368764
SMAP_G-7 - IQR: (4014, 25), (4014,),[0 1]
SMAP_G-7 - IQR: 0.09691073866661738
SMAP_G-7 - IQR: 0.09691073866661738
SMAP_G-7 - Mahalanobis: (4014, 25), (4014,),[0 1]
SMAP_G-7 - Mahalanobis: 0.1469071570156352
SMAP_G-7 - Mahalanobis: 0.1469071570156352
SMAP_G-7 - HotellingT2: (4014, 25), (4014,),[0 1]
SMAP_G-7 - HotellingT2: 0.1469071570156352
SMAP_G-7 - HotellingT2: 0.1469071570156352
SMAP_G-7 - PCAStat: (4014, 25), (4014,),[0 1]
SMAP_G-7 - PCAStat: 0.09056203634499292
SMAP_G-7 - PCAStat: 0.09056203634499292
SMAP_G-7 - KDE: (4014, 25), (4014,),[0 1]
SMAP_G-7 - KDE: 0.09298119136670753
SMAP_G-7 - KDE: 0.09298119136670753
SMAP_G-7 - GMM: (4014, 25), (4014,),[0 1]
SMAP_G-7 - GMM: 0.032097978869927456
SMAP_G-7 - GMM: 0.032097978869927456
SMAP_G-7 - SARAD: (4014, 25), (4014,),[0 1]
SARAD Model initialized on cuda
SARAD training finished. Final loss: 0.000432
SMAP_G-7 - SARAD: 0.04364491326752787
SMAP_G-7 - SARAD: 0.04364491326752787
SMAP_G-7 - SensitiveHUE: (4014, 25), (4014,),[0 1]
SensitiveHUE Model initialized on cuda
Epoch 100/200, Avg NLL Loss: -5.6307
Epoch 200/200, Avg NLL Loss: -6.4979
SensitiveHUE training finished.
SMAP_G-7 - SensitiveHUE: 0.13897842105603062
SMAP_G-7 - SensitiveHUE: 0.13897842105603062
SMAP_G-7 - SensorSCAN: (4014, 25), (4014,),[0 1]
SensorSCAN Model initialized on cuda
Stage 1: Autoencoder Pretraining...
  AE Epoch 100/200, Loss: 0.003469
  AE Epoch 200/200, Loss: 0.003543
Stage 2: SCAN Clustering...
  SCAN Epoch 100/200, Loss: 0.000198
  SCAN Epoch 200/200, Loss: 0.001197
SensorSCAN training finished.
SMAP_G-7 - SensorSCAN: 0.08073990231576013
SMAP_G-7 - SensorSCAN: 0.08073990231576013
SMAP_G-7 - CATCH: (4014, 25), (4014,),[0 1]
CATCH Model initialized on cuda
CATCH training finished. Final loss: 12.873677
SMAP_G-7 - CATCH: 0.022147796699281404
SMAP_G-7 - CATCH: 0.022147796699281404
SMAP_G-7 - DADA: (4014, 25), (4014,),[0 1]
DADA Model initialized on cuda
DADA: Starting stable dual-decoder training...
  Epoch 100/200, Total Loss: 0.346900, Loss_n: 0.638831, Loss_a: 1.454024
  Epoch 200/200, Total Loss: 0.344091, Loss_n: 0.411878, Loss_a: 0.884797
DADA: Training finished.
SMAP_G-7 - DADA: 0.19244935627466866
SMAP_G-7 - DADA: 0.19244935627466866
Results for SMAP_G-7 written to CSV.
Processing dataset: SMD_machine-1-2
SMD_machine-1-2 - Sub_IForest: (3286, 38), (3286,),[0 1]
SMD_machine-1-2 - Sub_IForest: 0.49228433349902007
SMD_machine-1-2 - Sub_IForest: 0.49228433349902007
SMD_machine-1-2 - IForest: (3286, 38), (3286,),[0 1]
SMD_machine-1-2 - IForest: 0.4540160250451567
SMD_machine-1-2 - IForest: 0.4540160250451567
SMD_machine-1-2 - Sub_LOF: (3286, 38), (3286,),[0 1]
SMD_machine-1-2 - Sub_LOF: 0.37397813183559653
SMD_machine-1-2 - Sub_LOF: 0.37397813183559653
SMD_machine-1-2 - LOF: (3286, 38), (3286,),[0 1]
SMD_machine-1-2 - LOF: 0.2123742564423727
SMD_machine-1-2 - LOF: 0.2123742564423727
SMD_machine-1-2 - Sub_PCA: (3286, 38), (3286,),[0 1]
SMD_machine-1-2 - Sub_PCA: 0.9085891607395273
SMD_machine-1-2 - Sub_PCA: 0.9085891607395273
SMD_machine-1-2 - PCA: (3286, 38), (3286,),[0 1]
SMD_machine-1-2 - PCA: 0.9107062372101352
SMD_machine-1-2 - PCA: 0.9107062372101352
SMD_machine-1-2 - HBOS: (3286, 38), (3286,),[0 1]
SMD_machine-1-2 - HBOS: 0.39236406123888734
SMD_machine-1-2 - HBOS: 0.39236406123888734
SMD_machine-1-2 - Sub_HBOS: (3286, 38), (3286,),[0 1]
SMD_machine-1-2 - Sub_HBOS: 0.5060156295649277
SMD_machine-1-2 - Sub_HBOS: 0.5060156295649277
SMD_machine-1-2 - KNN: (3286, 38), (3286,),[0 1]
SMD_machine-1-2 - KNN: 0.42161944451726324
SMD_machine-1-2 - KNN: 0.42161944451726324
SMD_machine-1-2 - Sub_KNN: (3286, 38), (3286,),[0 1]
SMD_machine-1-2 - Sub_KNN: 0.5397622422129478
SMD_machine-1-2 - Sub_KNN: 0.5397622422129478
SMD_machine-1-2 - KMeansAD: (3286, 38), (3286,),[0 1]
SMD_machine-1-2 - KMeansAD: 0.4305767213975903
SMD_machine-1-2 - KMeansAD: 0.4305767213975903
SMD_machine-1-2 - KMeansAD_U: (3286, 38), (3286,),[0 1]
SMD_machine-1-2 - KMeansAD_U: 0.43218939833056763
SMD_machine-1-2 - KMeansAD_U: 0.43218939833056763
SMD_machine-1-2 - COPOD: (3286, 38), (3286,),[0 1]
SMD_machine-1-2 - COPOD: 0.34633950266816665
SMD_machine-1-2 - COPOD: 0.34633950266816665
SMD_machine-1-2 - CBLOF: (3286, 38), (3286,),[0 1]
SMD_machine-1-2 - CBLOF: 0.4747712229042229
SMD_machine-1-2 - CBLOF: 0.4747712229042229
SMD_machine-1-2 - COF: (3286, 38), (3286,),[0 1]
SMD_machine-1-2 - COF: 0.20085975269324627
SMD_machine-1-2 - COF: 0.20085975269324627
SMD_machine-1-2 - EIF: (3286, 38), (3286,),[0 1]
SMD_machine-1-2 - EIF: 0.4512392780803004
SMD_machine-1-2 - EIF: 0.4512392780803004
SMD_machine-1-2 - RobustPCA: (3286, 38), (3286,),[0 1]
iteration: 1, error: 0.23163079439507672
iteration: 100, error: 0.006799914294980256
iteration: 200, error: 0.0012975005175881356
iteration: 300, error: 0.0008426042797284578
iteration: 400, error: 0.0010031313045644424
iteration: 500, error: 0.0007078531579998505
iteration: 600, error: 0.00034606397104157866
iteration: 700, error: 0.0002871011442918591
iteration: 800, error: 0.0003846740632604415
iteration: 900, error: 0.0001438286987079401
iteration: 1000, error: 0.0001225525180671732
SMD_machine-1-2 - RobustPCA: 0.3193732222476909
SMD_machine-1-2 - RobustPCA: 0.3193732222476909
SMD_machine-1-2 - FFT: (3286, 38), (3286,),[0 1]
SMD_machine-1-2 - FFT: 0.17238100147096622
SMD_machine-1-2 - FFT: 0.17238100147096622
SMD_machine-1-2 - NORMA: (3286, 38), (3286,),[0 1]
SMD_machine-1-2 - NORMA: 0.24346023684963577
SMD_machine-1-2 - NORMA: 0.24346023684963577
SMD_machine-1-2 - MovingAverage: (3286, 38), (3286,),[0 1]
SMD_machine-1-2 - MovingAverage: 0.1773881900477326
SMD_machine-1-2 - MovingAverage: 0.1773881900477326
SMD_machine-1-2 - EWMA: (3286, 38), (3286,),[0 1]
SMD_machine-1-2 - EWMA: 0.18019854183562378
SMD_machine-1-2 - EWMA: 0.18019854183562378
SMD_machine-1-2 - SavGol: (3286, 38), (3286,),[0 1]
SMD_machine-1-2 - SavGol: 0.20041690460646172
SMD_machine-1-2 - SavGol: 0.20041690460646172
SMD_machine-1-2 - Kalman: (3286, 38), (3286,),[0 1]
SMD_machine-1-2 - Kalman: 0.17092922273938066
SMD_machine-1-2 - Kalman: 0.17092922273938066
SMD_machine-1-2 - LOESS: (3286, 38), (3286,),[0 1]
SMD_machine-1-2 - LOESS: 0.2840348026669872
SMD_machine-1-2 - LOESS: 0.2840348026669872
SMD_machine-1-2 - HoltWinters: (3286, 38), (3286,),[0 1]
SMD_machine-1-2 - HoltWinters: 0.187139121525231
SMD_machine-1-2 - HoltWinters: 0.187139121525231
SMD_machine-1-2 - RollingMedian: (3286, 38), (3286,),[0 1]
SMD_machine-1-2 - RollingMedian: 0.1612760413759248
SMD_machine-1-2 - RollingMedian: 0.1612760413759248
SMD_machine-1-2 - ZScore: (3286, 38), (3286,),[0 1]
SMD_machine-1-2 - ZScore: 0.3834398467709428
SMD_machine-1-2 - ZScore: 0.3834398467709428
SMD_machine-1-2 - MAD: (3286, 38), (3286,),[0 1]
SMD_machine-1-2 - MAD: 0.2771500858410626
SMD_machine-1-2 - MAD: 0.2771500858410626
SMD_machine-1-2 - IQR: (3286, 38), (3286,),[0 1]
SMD_machine-1-2 - IQR: 0.1826631764419146
SMD_machine-1-2 - IQR: 0.1826631764419146
SMD_machine-1-2 - Mahalanobis: (3286, 38), (3286,),[0 1]
SMD_machine-1-2 - Mahalanobis: 0.37090642662310536
SMD_machine-1-2 - Mahalanobis: 0.37090642662310536
SMD_machine-1-2 - HotellingT2: (3286, 38), (3286,),[0 1]
SMD_machine-1-2 - HotellingT2: 0.37090642662310536
SMD_machine-1-2 - HotellingT2: 0.37090642662310536
SMD_machine-1-2 - PCAStat: (3286, 38), (3286,),[0 1]
SMD_machine-1-2 - PCAStat: 0.35118260893197467
SMD_machine-1-2 - PCAStat: 0.35118260893197467
SMD_machine-1-2 - KDE: (3286, 38), (3286,),[0 1]
SMD_machine-1-2 - KDE: 0.5319423661507241
/home/yyy/anaconda3/envs/tsclean/lib/python3.9/site-packages/statsmodels/tsa/stattools.py:702: RuntimeWarning: invalid value encountered in divide
  acf = avf[: nlags + 1] / avf[0]
/home/yyy/anaconda3/envs/tsclean/lib/python3.9/site-packages/statsmodels/tsa/stattools.py:702: RuntimeWarning: invalid value encountered in divide
  acf = avf[: nlags + 1] / avf[0]
/home/yyy/anaconda3/envs/tsclean/lib/python3.9/site-packages/statsmodels/tsa/stattools.py:702: RuntimeWarning: invalid value encountered in divide
  acf = avf[: nlags + 1] / avf[0]
/home/yyy/anaconda3/envs/tsclean/lib/python3.9/site-packages/statsmodels/tsa/stattools.py:702: RuntimeWarning: invalid value encountered in divide
  acf = avf[: nlags + 1] / avf[0]
/home/yyy/anaconda3/envs/tsclean/lib/python3.9/site-packages/statsmodels/tsa/stattools.py:702: RuntimeWarning: invalid value encountered in divide
  acf = avf[: nlags + 1] / avf[0]
/home/yyy/anaconda3/envs/tsclean/lib/python3.9/site-packages/sklearn/metrics/_classification.py:1565: UndefinedMetricWarning: Precision is ill-defined and being set to 0.0 due to no predicted samples. Use `zero_division` parameter to control this behavior.
  _warn_prf(average, modifier, f"{metric.capitalize()} is", len(result))
/home/yyy/anaconda3/envs/tsclean/lib/python3.9/site-packages/statsmodels/tsa/stattools.py:702: RuntimeWarning: invalid value encountered in divide
  acf = avf[: nlags + 1] / avf[0]
/home/yyy/anaconda3/envs/tsclean/lib/python3.9/site-packages/sklearn/metrics/_classification.py:1565: UndefinedMetricWarning: Precision is ill-defined and being set to 0.0 due to no predicted samples. Use `zero_division` parameter to control this behavior.
  _warn_prf(average, modifier, f"{metric.capitalize()} is", len(result))
/home/yyy/anaconda3/envs/tsclean/lib/python3.9/site-packages/sklearn/metrics/_classification.py:1565: UndefinedMetricWarning: Precision is ill-defined and being set to 0.0 due to no predicted samples. Use `zero_division` parameter to control this behavior.
  _warn_prf(average, modifier, f"{metric.capitalize()} is", len(result))
/home/yyy/anaconda3/envs/tsclean/lib/python3.9/site-packages/sklearn/metrics/_classification.py:1565: UndefinedMetricWarning: Precision is ill-defined and being set to 0.0 due to no predicted samples. Use `zero_division` parameter to control this behavior.
  _warn_prf(average, modifier, f"{metric.capitalize()} is", len(result))
/home/yyy/anaconda3/envs/tsclean/lib/python3.9/site-packages/sklearn/metrics/_classification.py:1565: UndefinedMetricWarning: Precision is ill-defined and being set to 0.0 due to no predicted samples. Use `zero_division` parameter to control this behavior.
  _warn_prf(average, modifier, f"{metric.capitalize()} is", len(result))
/home/yyy/anaconda3/envs/tsclean/lib/python3.9/site-packages/sklearn/metrics/_classification.py:1565: UndefinedMetricWarning: Precision is ill-defined and being set to 0.0 due to no predicted samples. Use `zero_division` parameter to control this behavior.
  _warn_prf(average, modifier, f"{metric.capitalize()} is", len(result))
/home/yyy/anaconda3/envs/tsclean/lib/python3.9/site-packages/sklearn/metrics/_classification.py:1565: UndefinedMetricWarning: Precision is ill-defined and being set to 0.0 due to no predicted samples. Use `zero_division` parameter to control this behavior.
  _warn_prf(average, modifier, f"{metric.capitalize()} is", len(result))
/home/yyy/anaconda3/envs/tsclean/lib/python3.9/site-packages/statsmodels/tsa/stattools.py:702: RuntimeWarning: invalid value encountered in divide
  acf = avf[: nlags + 1] / avf[0]
/home/yyy/anaconda3/envs/tsclean/lib/python3.9/site-packages/statsmodels/tsa/stattools.py:702: RuntimeWarning: invalid value encountered in divide
  acf = avf[: nlags + 1] / avf[0]
/home/yyy/anaconda3/envs/tsclean/lib/python3.9/site-packages/statsmodels/tsa/stattools.py:702: RuntimeWarning: invalid value encountered in divide
  acf = avf[: nlags + 1] / avf[0]
SMD_machine-1-2 - KDE: 0.5319423661507241
SMD_machine-1-2 - GMM: (3286, 38), (3286,),[0 1]
SMD_machine-1-2 - GMM: 0.38107678906403053
SMD_machine-1-2 - GMM: 0.38107678906403053
SMD_machine-1-2 - SARAD: (3286, 38), (3286,),[0 1]
SARAD Model initialized on cuda
SARAD training finished. Final loss: 0.009784
SMD_machine-1-2 - SARAD: 0.14473690957520224
SMD_machine-1-2 - SARAD: 0.14473690957520224
SMD_machine-1-2 - SensitiveHUE: (3286, 38), (3286,),[0 1]
SensitiveHUE Model initialized on cuda
Epoch 100/200, Avg NLL Loss: -5.4678
Epoch 200/200, Avg NLL Loss: -6.3447
SensitiveHUE training finished.
SMD_machine-1-2 - SensitiveHUE: 0.4776423648609816
SMD_machine-1-2 - SensitiveHUE: 0.4776423648609816
SMD_machine-1-2 - SensorSCAN: (3286, 38), (3286,),[0 1]
SensorSCAN Model initialized on cuda
Stage 1: Autoencoder Pretraining...
  AE Epoch 100/200, Loss: 0.072809
  AE Epoch 200/200, Loss: 0.059882
Stage 2: SCAN Clustering...
  SCAN Epoch 100/200, Loss: 0.002880
  SCAN Epoch 200/200, Loss: 0.002624
SensorSCAN training finished.
SMD_machine-1-2 - SensorSCAN: 0.1906969834259328
SMD_machine-1-2 - SensorSCAN: 0.1906969834259328
SMD_machine-1-2 - CATCH: (3286, 38), (3286,),[0 1]
CATCH Model initialized on cuda
CATCH training finished. Final loss: 12.804942
SMD_machine-1-2 - CATCH: 0.3226425543771271
SMD_machine-1-2 - CATCH: 0.3226425543771271
SMD_machine-1-2 - DADA: (3286, 38), (3286,),[0 1]
DADA Model initialized on cuda
DADA: Starting stable dual-decoder training...
  Epoch 100/200, Total Loss: 0.565363, Loss_n: 0.669361, Loss_a: 0.957687
  Epoch 200/200, Total Loss: 0.556671, Loss_n: 0.643967, Loss_a: 0.872610
DADA: Training finished.
SMD_machine-1-2 - DADA: 0.1495830593419171
SMD_machine-1-2 - DADA: 0.1495830593419171
Results for SMD_machine-1-2 written to CSV.
Processing dataset: SVDB_892
SVDB_892 - Sub_IForest: (10000, 2), (10000,),[0 1]
SVDB_892 - Sub_IForest: 0.8088179115701819
SVDB_892 - Sub_IForest: 0.8088179115701819
SVDB_892 - IForest: (10000, 2), (10000,),[0 1]
SVDB_892 - IForest: 0.8462349458942486
SVDB_892 - IForest: 0.8462349458942486
SVDB_892 - Sub_LOF: (10000, 2), (10000,),[0 1]
SVDB_892 - Sub_LOF: 0.672467494395537
SVDB_892 - Sub_LOF: 0.672467494395537
SVDB_892 - LOF: (10000, 2), (10000,),[0 1]
SVDB_892 - LOF: 0.7151638354466816
SVDB_892 - LOF: 0.7151638354466816
SVDB_892 - Sub_PCA: (10000, 2), (10000,),[0 1]
SVDB_892 - Sub_PCA: 0.7841889479403361
SVDB_892 - Sub_PCA: 0.7841889479403361
SVDB_892 - PCA: (10000, 2), (10000,),[0 1]
SVDB_892 - PCA: 0.8426568756985562
SVDB_892 - PCA: 0.8426568756985562
SVDB_892 - HBOS: (10000, 2), (10000,),[0 1]
SVDB_892 - HBOS: 0.715918703016367
SVDB_892 - HBOS: 0.715918703016367
SVDB_892 - Sub_HBOS: (10000, 2), (10000,),[0 1]
SVDB_892 - Sub_HBOS: 0.8274450834889301
SVDB_892 - Sub_HBOS: 0.8274450834889301
SVDB_892 - KNN: (10000, 2), (10000,),[0 1]
SVDB_892 - KNN: 0.7154976415390258
SVDB_892 - KNN: 0.7154976415390258
SVDB_892 - Sub_KNN: (10000, 2), (10000,),[0 1]
SVDB_892 - Sub_KNN: 0.6025534699806742
SVDB_892 - Sub_KNN: 0.6025534699806742
SVDB_892 - KMeansAD: (10000, 2), (10000,),[0 1]
SVDB_892 - KMeansAD: 0.6859550354300417
SVDB_892 - KMeansAD: 0.6859550354300417
SVDB_892 - KMeansAD_U: (10000, 2), (10000,),[0 1]
SVDB_892 - KMeansAD_U: 0.6252003403520178
SVDB_892 - KMeansAD_U: 0.6252003403520178
SVDB_892 - COPOD: (10000, 2), (10000,),[0 1]
SVDB_892 - COPOD: 0.7240890361420501
SVDB_892 - COPOD: 0.7240890361420501
SVDB_892 - CBLOF: (10000, 2), (10000,),[0 1]
SVDB_892 - CBLOF: 0.7047782081942932
SVDB_892 - CBLOF: 0.7047782081942932
SVDB_892 - COF: (10000, 2), (10000,),[0 1]
SVDB_892 - COF: 0.7210200188068064
SVDB_892 - COF: 0.7210200188068064
SVDB_892 - EIF: (10000, 2), (10000,),[0 1]
SVDB_892 - EIF: 0.7246043936188463
SVDB_892 - EIF: 0.7246043936188463
SVDB_892 - RobustPCA: (10000, 2), (10000,),[0 1]
iteration: 1, error: 0.586674732756955
iteration: 100, error: 0.005497499149529864
iteration: 200, error: 0.008590513899801236
iteration: 300, error: 0.005863108649304429
iteration: 400, error: 0.0007787932626083507
iteration: 500, error: 0.0008869169736776354
iteration: 600, error: 1.8752170063067408e-05
iteration: 664, error: 7.094979344339477e-06
SVDB_892 - RobustPCA: 0.7505405173553541
SVDB_892 - RobustPCA: 0.7505405173553541
SVDB_892 - FFT: (10000, 2), (10000,),[0 1]
SVDB_892 - FFT: 0.7030955140333066
SVDB_892 - FFT: 0.7030955140333066
SVDB_892 - NORMA: (10000, 2), (10000,),[0 1]
SVDB_892 - NORMA: 0.6569951093251631
SVDB_892 - NORMA: 0.6569951093251631
SVDB_892 - MovingAverage: (10000, 2), (10000,),[0 1]
SVDB_892 - MovingAverage: 0.716774156737982
SVDB_892 - MovingAverage: 0.716774156737982
SVDB_892 - EWMA: (10000, 2), (10000,),[0 1]
SVDB_892 - EWMA: 0.741983082064866
SVDB_892 - EWMA: 0.741983082064866
SVDB_892 - SavGol: (10000, 2), (10000,),[0 1]
SVDB_892 - SavGol: 0.7156126697099064
SVDB_892 - SavGol: 0.7156126697099064
SVDB_892 - Kalman: (10000, 2), (10000,),[0 1]
SVDB_892 - Kalman: 0.7327801286977869
SVDB_892 - Kalman: 0.7327801286977869
SVDB_892 - LOESS: (10000, 2), (10000,),[0 1]
SVDB_892 - LOESS: 0.7612756432267023
SVDB_892 - LOESS: 0.7612756432267023
SVDB_892 - HoltWinters: (10000, 2), (10000,),[0 1]
SVDB_892 - HoltWinters: 0.751467651794672
SVDB_892 - HoltWinters: 0.751467651794672
SVDB_892 - RollingMedian: (10000, 2), (10000,),[0 1]
SVDB_892 - RollingMedian: 0.7058223112265999
SVDB_892 - RollingMedian: 0.7058223112265999
SVDB_892 - ZScore: (10000, 2), (10000,),[0 1]
SVDB_892 - ZScore: 0.7664443034975635
SVDB_892 - ZScore: 0.7664443034975635
SVDB_892 - MAD: (10000, 2), (10000,),[0 1]
SVDB_892 - MAD: 0.7628711023324376
SVDB_892 - MAD: 0.7628711023324376
SVDB_892 - IQR: (10000, 2), (10000,),[0 1]
SVDB_892 - IQR: 0.7354338679310366
SVDB_892 - IQR: 0.7354338679310366
SVDB_892 - Mahalanobis: (10000, 2), (10000,),[0 1]
SVDB_892 - Mahalanobis: 0.7609118184888126
SVDB_892 - Mahalanobis: 0.7609118184888126
SVDB_892 - HotellingT2: (10000, 2), (10000,),[0 1]
SVDB_892 - HotellingT2: 0.7609118184888126
SVDB_892 - HotellingT2: 0.7609118184888126
SVDB_892 - PCAStat: (10000, 2), (10000,),[0 1]
SVDB_892 - PCAStat: 0.7549508298491349
SVDB_892 - PCAStat: 0.7549508298491349
SVDB_892 - KDE: (10000, 2), (10000,),[0 1]
SVDB_892 - KDE: 0.7664145233162524
SVDB_892 - KDE: 0.7664145233162524
SVDB_892 - GMM: (10000, 2), (10000,),[0 1]
SVDB_892 - GMM: 0.7707487859980141
SVDB_892 - GMM: 0.7707487859980141
SVDB_892 - SARAD: (10000, 2), (10000,),[0 1]
SARAD Model initialized on cuda
SARAD training finished. Final loss: 0.004643
SVDB_892 - SARAD: 0.7377600978796878
SVDB_892 - SARAD: 0.7377600978796878
SVDB_892 - SensitiveHUE: (10000, 2), (10000,),[0 1]
SensitiveHUE Model initialized on cuda
Epoch 100/200, Avg NLL Loss: -6.1858
Epoch 200/200, Avg NLL Loss: -6.3054
SensitiveHUE training finished.
SVDB_892 - SensitiveHUE: 0.6745022598158245
SVDB_892 - SensitiveHUE: 0.6745022598158245
SVDB_892 - SensorSCAN: (10000, 2), (10000,),[0 1]
SensorSCAN Model initialized on cuda
Stage 1: Autoencoder Pretraining...
  AE Epoch 100/200, Loss: 0.002486
  AE Epoch 200/200, Loss: 0.001578
Stage 2: SCAN Clustering...
  SCAN Epoch 100/200, Loss: 0.003132
  SCAN Epoch 200/200, Loss: 0.002047
SensorSCAN training finished.
SVDB_892 - SensorSCAN: 0.7199519059606924
SVDB_892 - SensorSCAN: 0.7199519059606924
SVDB_892 - CATCH: (10000, 2), (10000,),[0 1]
CATCH Model initialized on cuda
CATCH training finished. Final loss: 2.455577
SVDB_892 - CATCH: 0.6939589060070506
SVDB_892 - CATCH: 0.6939589060070506
SVDB_892 - DADA: (10000, 2), (10000,),[0 1]
DADA Model initialized on cuda
DADA: Starting stable dual-decoder training...
  Epoch 100/200, Total Loss: 0.407157, Loss_n: 0.366375, Loss_a: 0.954112
  Epoch 200/200, Total Loss: 0.394951, Loss_n: 0.320136, Loss_a: 0.883656
DADA: Training finished.
SVDB_892 - DADA: 0.6901123776366538
SVDB_892 - DADA: 0.6901123776366538
Results for SVDB_892 written to CSV.
Processing dataset: swan_sf
swan_sf - Sub_IForest: (10000, 38), (10000,),[0 1]
swan_sf - Sub_IForest: 0.9204369600383473
swan_sf - Sub_IForest: 0.9204369600383473
swan_sf - IForest: (10000, 38), (10000,),[0 1]
swan_sf - IForest: 0.9218356928522006
swan_sf - IForest: 0.9218356928522006
swan_sf - Sub_LOF: (10000, 38), (10000,),[0 1]
/home/yyy/anaconda3/envs/tsclean/lib/python3.9/site-packages/statsmodels/tsa/stattools.py:702: RuntimeWarning: invalid value encountered in divide
  acf = avf[: nlags + 1] / avf[0]
/home/yyy/anaconda3/envs/tsclean/lib/python3.9/site-packages/statsmodels/tsa/stattools.py:702: RuntimeWarning: invalid value encountered in divide
  acf = avf[: nlags + 1] / avf[0]
/home/yyy/anaconda3/envs/tsclean/lib/python3.9/site-packages/statsmodels/tsa/stattools.py:702: RuntimeWarning: invalid value encountered in divide
  acf = avf[: nlags + 1] / avf[0]
/home/yyy/anaconda3/envs/tsclean/lib/python3.9/site-packages/statsmodels/tsa/stattools.py:702: RuntimeWarning: invalid value encountered in divide
  acf = avf[: nlags + 1] / avf[0]
/home/yyy/anaconda3/envs/tsclean/lib/python3.9/site-packages/statsmodels/tsa/stattools.py:702: RuntimeWarning: invalid value encountered in divide
  acf = avf[: nlags + 1] / avf[0]
/home/yyy/anaconda3/envs/tsclean/lib/python3.9/site-packages/statsmodels/tsa/stattools.py:702: RuntimeWarning: invalid value encountered in divide
  acf = avf[: nlags + 1] / avf[0]
/home/yyy/anaconda3/envs/tsclean/lib/python3.9/site-packages/statsmodels/tsa/stattools.py:702: RuntimeWarning: invalid value encountered in divide
  acf = avf[: nlags + 1] / avf[0]
/home/yyy/anaconda3/envs/tsclean/lib/python3.9/site-packages/sklearn/metrics/_classification.py:1565: UndefinedMetricWarning: Precision is ill-defined and being set to 0.0 due to no predicted samples. Use `zero_division` parameter to control this behavior.
  _warn_prf(average, modifier, f"{metric.capitalize()} is", len(result))
/home/yyy/anaconda3/envs/tsclean/lib/python3.9/site-packages/statsmodels/tsa/stattools.py:702: RuntimeWarning: invalid value encountered in divide
  acf = avf[: nlags + 1] / avf[0]
/home/yyy/anaconda3/envs/tsclean/lib/python3.9/site-packages/statsmodels/tsa/stattools.py:702: RuntimeWarning: invalid value encountered in divide
  acf = avf[: nlags + 1] / avf[0]
/home/yyy/anaconda3/envs/tsclean/lib/python3.9/site-packages/sklearn/metrics/_classification.py:1565: UndefinedMetricWarning: Precision is ill-defined and being set to 0.0 due to no predicted samples. Use `zero_division` parameter to control this behavior.
  _warn_prf(average, modifier, f"{metric.capitalize()} is", len(result))
/home/yyy/anaconda3/envs/tsclean/lib/python3.9/site-packages/statsmodels/tsa/stattools.py:702: RuntimeWarning: invalid value encountered in divide
  acf = avf[: nlags + 1] / avf[0]
/home/yyy/anaconda3/envs/tsclean/lib/python3.9/site-packages/statsmodels/tsa/stattools.py:702: RuntimeWarning: invalid value encountered in divide
  acf = avf[: nlags + 1] / avf[0]
/home/yyy/anaconda3/envs/tsclean/lib/python3.9/site-packages/statsmodels/tsa/stattools.py:702: RuntimeWarning: invalid value encountered in divide
  acf = avf[: nlags + 1] / avf[0]
/home/yyy/anaconda3/envs/tsclean/lib/python3.9/site-packages/statsmodels/tsa/stattools.py:702: RuntimeWarning: invalid value encountered in divide
  acf = avf[: nlags + 1] / avf[0]
/home/yyy/anaconda3/envs/tsclean/lib/python3.9/site-packages/statsmodels/tsa/stattools.py:702: RuntimeWarning: invalid value encountered in divide
  acf = avf[: nlags + 1] / avf[0]
/home/yyy/anaconda3/envs/tsclean/lib/python3.9/site-packages/statsmodels/tsa/stattools.py:702: RuntimeWarning: invalid value encountered in divide
  acf = avf[: nlags + 1] / avf[0]
/home/yyy/anaconda3/envs/tsclean/lib/python3.9/site-packages/statsmodels/tsa/stattools.py:702: RuntimeWarning: invalid value encountered in divide
  acf = avf[: nlags + 1] / avf[0]
/home/yyy/anaconda3/envs/tsclean/lib/python3.9/site-packages/statsmodels/tsa/stattools.py:702: RuntimeWarning: invalid value encountered in divide
  acf = avf[: nlags + 1] / avf[0]
/home/yyy/anaconda3/envs/tsclean/lib/python3.9/site-packages/statsmodels/tsa/stattools.py:702: RuntimeWarning: invalid value encountered in divide
  acf = avf[: nlags + 1] / avf[0]
/home/yyy/anaconda3/envs/tsclean/lib/python3.9/site-packages/statsmodels/tsa/stattools.py:702: RuntimeWarning: invalid value encountered in divide
  acf = avf[: nlags + 1] / avf[0]
/home/yyy/anaconda3/envs/tsclean/lib/python3.9/site-packages/statsmodels/tsa/stattools.py:702: RuntimeWarning: invalid value encountered in divide
  acf = avf[: nlags + 1] / avf[0]
/home/yyy/anaconda3/envs/tsclean/lib/python3.9/site-packages/statsmodels/tsa/stattools.py:702: RuntimeWarning: invalid value encountered in divide
  acf = avf[: nlags + 1] / avf[0]
/home/yyy/anaconda3/envs/tsclean/lib/python3.9/site-packages/statsmodels/tsa/stattools.py:702: RuntimeWarning: invalid value encountered in divide
  acf = avf[: nlags + 1] / avf[0]
/home/yyy/anaconda3/envs/tsclean/lib/python3.9/site-packages/statsmodels/tsa/stattools.py:702: RuntimeWarning: invalid value encountered in divide
  acf = avf[: nlags + 1] / avf[0]
/home/yyy/anaconda3/envs/tsclean/lib/python3.9/site-packages/statsmodels/tsa/stattools.py:702: RuntimeWarning: invalid value encountered in divide
  acf = avf[: nlags + 1] / avf[0]
/home/yyy/anaconda3/envs/tsclean/lib/python3.9/site-packages/statsmodels/tsa/stattools.py:702: RuntimeWarning: invalid value encountered in divide
  acf = avf[: nlags + 1] / avf[0]
/home/yyy/anaconda3/envs/tsclean/lib/python3.9/site-packages/statsmodels/tsa/stattools.py:702: RuntimeWarning: invalid value encountered in divide
  acf = avf[: nlags + 1] / avf[0]
/home/yyy/anaconda3/envs/tsclean/lib/python3.9/site-packages/sklearn/metrics/_classification.py:1565: UndefinedMetricWarning: Precision is ill-defined and being set to 0.0 due to no predicted samples. Use `zero_division` parameter to control this behavior.
  _warn_prf(average, modifier, f"{metric.capitalize()} is", len(result))
/home/yyy/anaconda3/envs/tsclean/lib/python3.9/site-packages/statsmodels/tsa/stattools.py:702: RuntimeWarning: invalid value encountered in divide
  acf = avf[: nlags + 1] / avf[0]
/home/yyy/anaconda3/envs/tsclean/lib/python3.9/site-packages/statsmodels/tsa/stattools.py:702: RuntimeWarning: invalid value encountered in divide
  acf = avf[: nlags + 1] / avf[0]
/home/yyy/anaconda3/envs/tsclean/lib/python3.9/site-packages/statsmodels/tsa/stattools.py:702: RuntimeWarning: invalid value encountered in divide
  acf = avf[: nlags + 1] / avf[0]
/home/yyy/anaconda3/envs/tsclean/lib/python3.9/site-packages/statsmodels/tsa/stattools.py:702: RuntimeWarning: invalid value encountered in divide
  acf = avf[: nlags + 1] / avf[0]
/home/yyy/anaconda3/envs/tsclean/lib/python3.9/site-packages/sklearn/metrics/_classification.py:1565: UndefinedMetricWarning: Precision is ill-defined and being set to 0.0 due to no predicted samples. Use `zero_division` parameter to control this behavior.
  _warn_prf(average, modifier, f"{metric.capitalize()} is", len(result))
/home/yyy/anaconda3/envs/tsclean/lib/python3.9/site-packages/statsmodels/tsa/stattools.py:702: RuntimeWarning: invalid value encountered in divide
  acf = avf[: nlags + 1] / avf[0]
/home/yyy/anaconda3/envs/tsclean/lib/python3.9/site-packages/statsmodels/tsa/stattools.py:702: RuntimeWarning: invalid value encountered in divide
  acf = avf[: nlags + 1] / avf[0]
/home/yyy/anaconda3/envs/tsclean/lib/python3.9/site-packages/statsmodels/tsa/stattools.py:702: RuntimeWarning: invalid value encountered in divide
  acf = avf[: nlags + 1] / avf[0]
/home/yyy/anaconda3/envs/tsclean/lib/python3.9/site-packages/statsmodels/tsa/stattools.py:702: RuntimeWarning: invalid value encountered in divide
  acf = avf[: nlags + 1] / avf[0]
/home/yyy/anaconda3/envs/tsclean/lib/python3.9/site-packages/statsmodels/tsa/stattools.py:702: RuntimeWarning: invalid value encountered in divide
  acf = avf[: nlags + 1] / avf[0]
/home/yyy/anaconda3/envs/tsclean/lib/python3.9/site-packages/sklearn/metrics/_classification.py:1565: UndefinedMetricWarning: Precision is ill-defined and being set to 0.0 due to no predicted samples. Use `zero_division` parameter to control this behavior.
  _warn_prf(average, modifier, f"{metric.capitalize()} is", len(result))
/home/yyy/anaconda3/envs/tsclean/lib/python3.9/site-packages/statsmodels/tsa/stattools.py:702: RuntimeWarning: invalid value encountered in divide
  acf = avf[: nlags + 1] / avf[0]
/home/yyy/anaconda3/envs/tsclean/lib/python3.9/site-packages/sklearn/metrics/_classification.py:1565: UndefinedMetricWarning: Precision is ill-defined and being set to 0.0 due to no predicted samples. Use `zero_division` parameter to control this behavior.
  _warn_prf(average, modifier, f"{metric.capitalize()} is", len(result))
swan_sf - Sub_LOF: 0.9344633908548227
swan_sf - Sub_LOF: 0.9344633908548227
swan_sf - LOF: (10000, 38), (10000,),[0 1]
swan_sf - LOF: 0.9281985947910809
swan_sf - LOF: 0.9281985947910809
swan_sf - Sub_PCA: (10000, 38), (10000,),[0 1]
swan_sf - Sub_PCA: 0.9518663911580098
swan_sf - Sub_PCA: 0.9518663911580098
swan_sf - PCA: (10000, 38), (10000,),[0 1]
swan_sf - PCA: 0.9516098556358968
swan_sf - PCA: 0.9516098556358968
swan_sf - HBOS: (10000, 38), (10000,),[0 1]
swan_sf - HBOS: 0.9490337374168403
swan_sf - HBOS: 0.9490337374168403
swan_sf - Sub_HBOS: (10000, 38), (10000,),[0 1]
swan_sf - Sub_HBOS: 0.8597705044587134
swan_sf - Sub_HBOS: 0.8597705044587134
swan_sf - KNN: (10000, 38), (10000,),[0 1]
swan_sf - KNN: 0.9377135555591757
swan_sf - KNN: 0.9377135555591757
swan_sf - Sub_KNN: (10000, 38), (10000,),[0 1]
swan_sf - Sub_KNN: 0.9006983666466298
swan_sf - Sub_KNN: 0.9006983666466298
swan_sf - KMeansAD: (10000, 38), (10000,),[0 1]
swan_sf - KMeansAD: 0.9404057082213639
swan_sf - KMeansAD: 0.9404057082213639
swan_sf - KMeansAD_U: (10000, 38), (10000,),[0 1]
swan_sf - KMeansAD_U: 0.9166789994394581
swan_sf - KMeansAD_U: 0.9166789994394581
swan_sf - COPOD: (10000, 38), (10000,),[0 1]
swan_sf - COPOD: 0.9382297377389751
swan_sf - COPOD: 0.9382297377389751
swan_sf - CBLOF: (10000, 38), (10000,),[0 1]
swan_sf - CBLOF: 0.905537890710311
swan_sf - CBLOF: 0.905537890710311
swan_sf - COF: (10000, 38), (10000,),[0 1]
swan_sf - COF: 0.923085690762183
swan_sf - COF: 0.923085690762183
swan_sf - EIF: (10000, 38), (10000,),[0 1]
swan_sf - EIF: 0.9499640573057477
swan_sf - EIF: 0.9499640573057477
swan_sf - RobustPCA: (10000, 38), (10000,),[0 1]
iteration: 1, error: 2.8467718413361013e+23
iteration: 100, error: 4.894910329683102e+21
iteration: 200, error: 3.292591092987013e+21
iteration: 300, error: 3.6554046913739285e+21
iteration: 400, error: 2.7241327087149237e+21
iteration: 500, error: 3.7617790854616176e+21
iteration: 600, error: 3.2671989063880535e+21
iteration: 700, error: 1.4067921285025568e+21
iteration: 800, error: 1.0273268672627195e+21
iteration: 900, error: 1.1492028104598533e+21
iteration: 1000, error: 8.681964166154762e+20
swan_sf - RobustPCA: 0.9868654454480921
swan_sf - RobustPCA: 0.9868654454480921
swan_sf - FFT: (10000, 38), (10000,),[0 1]
swan_sf - FFT: 0.9799829856836983
swan_sf - FFT: 0.9799829856836983
swan_sf - NORMA: (10000, 38), (10000,),[0 1]
swan_sf - NORMA: 0.9178502099210056
swan_sf - NORMA: 0.9178502099210056
swan_sf - MovingAverage: (10000, 38), (10000,),[0 1]
swan_sf - MovingAverage: 0.9805100868516133
swan_sf - MovingAverage: 0.9805100868516133
swan_sf - EWMA: (10000, 38), (10000,),[0 1]
swan_sf - EWMA: 0.9802687293742619
swan_sf - EWMA: 0.9802687293742619
swan_sf - SavGol: (10000, 38), (10000,),[0 1]
swan_sf - SavGol: 0.9800957987908945
swan_sf - SavGol: 0.9800957987908945
swan_sf - Kalman: (10000, 38), (10000,),[0 1]
swan_sf - Kalman: 0.9802768663940884
swan_sf - Kalman: 0.9802768663940884
swan_sf - LOESS: (10000, 38), (10000,),[0 1]
swan_sf - LOESS: 0.9871003140947803
swan_sf - LOESS: 0.9871003140947803
swan_sf - HoltWinters: (10000, 38), (10000,),[0 1]
swan_sf - HoltWinters: 0.9796637974238904
swan_sf - HoltWinters: 0.9796637974238904
swan_sf - RollingMedian: (10000, 38), (10000,),[0 1]
swan_sf - RollingMedian: 0.9811473415526046
swan_sf - RollingMedian: 0.9811473415526046
swan_sf - ZScore: (10000, 38), (10000,),[0 1]
swan_sf - ZScore: 0.9179039884970311
swan_sf - ZScore: 0.9179039884970311
swan_sf - MAD: (10000, 38), (10000,),[0 1]
swan_sf - MAD: 0.9283921631257827
swan_sf - MAD: 0.9283921631257827
swan_sf - IQR: (10000, 38), (10000,),[0 1]
swan_sf - IQR: 0.8939327819899988
swan_sf - IQR: 0.8939327819899988
swan_sf - Mahalanobis: (10000, 38), (10000,),[0 1]
swan_sf - Mahalanobis: 0.9896580809309936
swan_sf - Mahalanobis: 0.9896580809309936
swan_sf - HotellingT2: (10000, 38), (10000,),[0 1]
swan_sf - HotellingT2: 0.9896580809309936
swan_sf - HotellingT2: 0.9896580809309936
swan_sf - PCAStat: (10000, 38), (10000,),[0 1]
swan_sf - PCAStat: 0.9894689045214163
swan_sf - PCAStat: 0.9894689045214163
swan_sf - KDE: (10000, 38), (10000,),[0 1]
swan_sf - KDE: 0.9319280078166274
swan_sf - KDE: 0.9319280078166274
swan_sf - GMM: (10000, 38), (10000,),[0 1]
swan_sf - GMM: 0.9124716949916563
swan_sf - GMM: 0.9124716949916563
swan_sf - SARAD: (10000, 38), (10000,),[0 1]
SARAD Model initialized on cuda
SARAD training finished. Final loss: 0.009882
swan_sf - SARAD: 0.8873565313313139
swan_sf - SARAD: 0.8873565313313139
swan_sf - SensitiveHUE: (10000, 38), (10000,),[0 1]
SensitiveHUE Model initialized on cuda
Epoch 100/200, Avg NLL Loss: nan
Epoch 200/200, Avg NLL Loss: nan
SensitiveHUE training finished.
[Error] swan_sf with SensitiveHUE: Expected parameter loc (Tensor of shape (9873, 128, 38)) of distribution Normal(loc: torch.Size([9873, 128, 38]), scale: torch.Size([9873, 128, 38])) to satisfy the constraint Real(), but found invalid values:
tensor([[[nan, nan, nan,  ..., nan, nan, nan],
         [nan, nan, nan,  ..., nan, nan, nan],
         [nan, nan, nan,  ..., nan, nan, nan],
         ...,
         [nan, nan, nan,  ..., nan, nan, nan],
         [nan, nan, nan,  ..., nan, nan, nan],
         [nan, nan, nan,  ..., nan, nan, nan]],

        [[nan, nan, nan,  ..., nan, nan, nan],
         [nan, nan, nan,  ..., nan, nan, nan],
         [nan, nan, nan,  ..., nan, nan, nan],
         ...,
         [nan, nan, nan,  ..., nan, nan, nan],
         [nan, nan, nan,  ..., nan, nan, nan],
         [nan, nan, nan,  ..., nan, nan, nan]],

        [[nan, nan, nan,  ..., nan, nan, nan],
         [nan, nan, nan,  ..., nan, nan, nan],
         [nan, nan, nan,  ..., nan, nan, nan],
         ...,
         [nan, nan, nan,  ..., nan, nan, nan],
         [nan, nan, nan,  ..., nan, nan, nan],
         [nan, nan, nan,  ..., nan, nan, nan]],

        ...,

        [[nan, nan, nan,  ..., nan, nan, nan],
         [nan, nan, nan,  ..., nan, nan, nan],
         [nan, nan, nan,  ..., nan, nan, nan],
         ...,
         [nan, nan, nan,  ..., nan, nan, nan],
         [nan, nan, nan,  ..., nan, nan, nan],
         [nan, nan, nan,  ..., nan, nan, nan]],

        [[nan, nan, nan,  ..., nan, nan, nan],
         [nan, nan, nan,  ..., nan, nan, nan],
         [nan, nan, nan,  ..., nan, nan, nan],
         ...,
         [nan, nan, nan,  ..., nan, nan, nan],
         [nan, nan, nan,  ..., nan, nan, nan],
         [nan, nan, nan,  ..., nan, nan, nan]],

        [[nan, nan, nan,  ..., nan, nan, nan],
         [nan, nan, nan,  ..., nan, nan, nan],
         [nan, nan, nan,  ..., nan, nan, nan],
         ...,
         [nan, nan, nan,  ..., nan, nan, nan],
         [nan, nan, nan,  ..., nan, nan, nan],
         [nan, nan, nan,  ..., nan, nan, nan]]], device='cuda:0')
swan_sf - SensorSCAN: (10000, 38), (10000,),[0 1]
SensorSCAN Model initialized on cuda
Stage 1: Autoencoder Pretraining...
  AE Epoch 100/200, Loss: 0.155458
  AE Epoch 200/200, Loss: 0.144735
Stage 2: SCAN Clustering...
  SCAN Epoch 100/200, Loss: 0.002387
  SCAN Epoch 200/200, Loss: 0.001266
SensorSCAN training finished.
swan_sf - SensorSCAN: 0.7418892186670091
swan_sf - SensorSCAN: 0.7418892186670091
swan_sf - CATCH: (10000, 38), (10000,),[0 1]
CATCH Model initialized on cuda
CATCH training finished. Final loss: nan
swan_sf - CATCH: 0.8969876484564072
swan_sf - CATCH: 0.8969876484564072
swan_sf - DADA: (10000, 38), (10000,),[0 1]
DADA Model initialized on cuda
DADA: Starting stable dual-decoder training...
  Epoch 100/200, Total Loss: 0.774799, Loss_n: 0.739433, Loss_a: 0.909035
  Epoch 200/200, Total Loss: 0.747839, Loss_n: 0.631291, Loss_a: 0.821285
DADA: Training finished.
swan_sf - DADA: 0.9333127175677192
swan_sf - DADA: 0.9333127175677192
Results for swan_sf written to CSV.
✅ All results saved to: /home/yyy/TSC/TSClean/AutoClean/Error_Detection/results_val/performance_matrix.csv
