1467331200.000000,5.827000,2.009000,1.599000,0.462000,4.203000,1.340000,30.531000
1467334800.000000,5.693000,2.076000,1.492000,0.426000,4.142000,1.371000,27.787001
1467338400.000000,5.157000,1.741000,1.279000,0.355000,3.777000,1.218000,27.810671
1467342000.000000,5.090000,1.942000,1.277976,0.391000,3.807000,1.279000,25.044001
1467345600.000000,5.358000,1.941379,1.492000,0.462000,3.868000,1.277278,21.948000
1467349200.000000,5.626000,2.143000,1.528000,0.533000,4.051000,1.371000,21.174000
1467352800.000000,7.167000,2.947000,2.132000,0.782000,5.026000,1.858000,22.792000
1467356400.000000,7.435000,3.282000,2.310000,1.031000,5.087000,2.224000,23.143999
1467360000.000000,5.559000,3.014000,2.452000,1.173000,2.955000,1.432000,21.667000
1467363600.000000,4.555000,2.545000,1.919000,0.817000,2.680000,1.371000,17.445999
1467367200.000000,4.957000,2.546760,1.990000,0.853000,2.955000,1.492000,19.979000
1467370800.000000,5.760000,2.545000,2.203000,0.854035,3.442000,1.492787,20.118999
1467374400.000000,4.689000,2.546900,1.812000,0.853000,2.833000,1.523000,19.205000
1467378000.000000,4.692217,2.679000,1.777000,1.244000,3.107000,1.614000,18.572001
1467381600.000000,5.090000,2.947000,2.452000,1.350000,2.559000,1.432000,19.556000
1467385200.000000,5.090305,3.148000,2.487000,1.350428,2.589000,1.523000,17.305000
1467388800.000000,4.220000,2.411000,1.706000,0.782000,2.619000,1.492000,19.486000
1467392400.000000,4.756000,2.344000,1.635000,0.711000,3.076000,1.490970,19.134001
1467396000.000000,5.626000,2.880000,2.523000,1.208000,3.072914,1.492000,20.681999
1467399600.000000,5.492000,3.014000,2.452000,1.210263,3.015000,1.553000,18.712000
1467403200.000000,5.358000,3.014104,2.451577,1.208000,2.863000,1.523000,17.868000
1467406800.000000,5.090000,2.947000,2.381000,1.208549,2.680000,1.521879,18.009001
1467410400.000000,4.823000,2.953592,2.203000,1.173000,2.619000,1.523000,17.989550
1467414000.000000,4.622000,2.880000,2.132000,1.137000,2.467000,1.492000,19.768000
1467417600.000000,5.224000,3.081000,2.701000,1.315000,2.437000,1.523000,21.104000
1467421200.000000,5.157000,3.014000,2.878000,1.350000,2.345000,1.432000,19.697001
1467424800.000000,5.155907,3.148000,2.880059,1.492000,2.284000,1.430162,20.049000
1467428400.000000,5.157000,3.081000,2.914000,1.491477,2.193000,1.401000,20.752001
1467719004.363062,4.555000,3.079322,2.452000,1.492000,2.195043,1.401865,21.385000
1467331200.000000,5.425000,3.282000,3.092000,1.706000,2.437000,1.462000,22.230000
1467331200.000000,5.492000,3.281026,2.523000,1.492000,2.985000,1.460351,20.260000
1467331200.000000,5.626000,3.215000,2.487000,1.492146,3.076000,1.523000,21.104000
1467935753.756823,5.559000,3.282000,2.594000,1.670000,2.924000,1.525117,20.612000
1467331200.000000,5.224000,3.215000,2.559000,1.564000,2.680000,1.462000,18.361000
1467331200.000000,9.913000,4.957000,6.645000,3.305000,3.046000,1.553000,20.962999
1467752077.142580,11.788000,5.425000,8.173000,2.523000,3.686000,1.675000,19.416000
1467453983.356586,9.645000,4.957000,6.752000,2.132000,3.107000,1.828000,20.823000
1467464400.000000,10.382000,5.760000,7.462000,2.559000,2.985000,1.767000,20.190001
1467468000.000000,8.774000,4.689000,6.112000,2.025000,2.894000,1.919000,21.315001
1467471600.000000,10.449000,5.157000,6.965000,2.452000,2.772000,1.736000,22.018999
1467475200.000000,9.846000,4.823000,7.036000,2.665000,2.894000,1.767000,20.681999
1467478800.000000,9.913000,4.821967,6.894000,2.416000,3.229000,1.736000,25.466000
1467482400.000000,10.650000,4.689000,6.929000,2.452000,3.381000,1.797000,25.888000
1467486000.000000,10.114000,4.354000,6.645000,1.812000,3.107000,1.736000,27.857000
1467489600.000000,9.980000,4.153000,6.574000,1.954000,3.411000,1.767000,27.295000
1467493200.000000,9.310000,4.220000,6.005000,2.132000,3.229000,1.858000,22.230000
1467496800.000000,9.444000,4.622000,6.965000,2.168000,2.955000,1.858394,21.948000
1467500400.000000,9.438024,4.287000,6.823000,2.559000,2.589000,1.736000,27.295000
1467504000.000000,10.382000,5.425000,7.604000,2.310000,2.955000,1.675000,29.334999
1467507600.000000,9.779000,5.224000,6.716000,2.843000,2.650000,1.676652,26.028000
1467511200.000000,10.382000,4.689000,7.320000,2.203000,2.985000,1.858000,24.340000
1467514800.000000,9.779000,4.153000,6.823000,1.990000,2.528000,1.675000,26.450001
1467518400.000000,10.717000,4.756000,7.356000,2.807000,2.650000,1.797000,25.958000
1467522000.000000,10.315000,4.689000,7.391000,2.452000,2.924000,1.858000,24.059000
1467525600.000000,12.592000,5.224000,8.671000,2.203000,3.716000,1.949000,25.325001
1467529200.000000,11.119000,4.622000,7.889000,2.843000,3.625000,1.919000,23.636999
1467532800.000000,10.650000,4.421000,7.036000,2.025000,3.594000,1.920264,26.379999
1467536400.000000,10.047000,4.220000,6.432000,1.670000,3.686000,1.949000,27.365000
1467540000.000000,11.721000,5.090000,7.889000,2.559000,3.564000,1.858000,28.068001
1467543600.000000,12.123000,5.358000,8.066000,2.487000,4.082000,1.919000,29.475000
1467547200.000000,9.980000,5.023000,6.858000,2.559000,3.290000,1.858000,26.802000
1467550800.000000,9.243000,4.957000,6.290000,2.630000,3.137000,1.888000,29.968000
1467554400.000000,10.181000,5.425000,7.178000,3.020000,3.076000,1.887679,30.389999
1467558000.000000,9.645000,5.426808,7.107000,2.665000,3.015000,1.828000,31.164000
1467561600.000000,9.779000,4.890000,6.503000,2.985000,3.076000,2.010000,29.757000
1467565200.000000,11.119000,2.394692,7.320000,2.914000,3.807000,1.980000,23.528687
1467568800.000000,11.052000,2.194692,7.391000,2.523000,3.686000,1.977261,23.177685
1467572400.000000,10.784000,2.127692,7.214000,2.487000,3.594000,1.888000,19.800686
1467576000.000000,11.186000,2.128482,7.178000,2.345000,3.960000,1.919000,16.882999
1467579600.000000,10.449000,2.127692,6.610000,2.310000,3.807000,2.041000,16.875469
1467583200.000000,9.578000,2.997693,6.787000,3.127000,3.259000,1.888000,16.882999
1467586800.000000,9.310000,2.994362,6.610000,3.056000,3.168000,1.886661,16.884086
1467590400.000000,9.913000,3.131692,6.254000,2.630000,3.015000,1.858000,16.882999
1467594000.000000,8.975000,2.655077,6.290000,2.665000,2.863000,1.828000,18.235737
1467597600.000000,8.640000,2.981461,6.148000,2.594000,2.924000,1.828557,22.016791
1467601200.000000,9.176000,4.110846,5.579000,2.381000,2.863000,1.858000,23.547842
1467604800.000000,9.109000,3.902231,5.650000,2.523000,2.772000,1.797000,21.700895
1467608400.000000,9.846000,5.098615,5.970000,2.949000,3.107000,1.888000,22.387947
1467612000.000000,11.588000,5.425000,7.391000,2.807000,3.807000,1.980000,23.073999
1467615600.000000,11.788000,6.095000,7.214000,2.985000,3.899000,2.041000,22.511000
1467619200.000000,10.583000,5.961000,7.143000,2.914000,3.655000,2.071000,21.667000
1467622800.000000,11.588000,6.296000,7.569000,3.056000,3.472000,2.010000,25.395000
1467626400.000000,11.922000,6.229000,7.711000,3.055944,3.746000,1.949000,25.184000
1467630000.000000,12.324000,5.559000,8.422000,3.234000,4.203000,1.980000,29.546000
1467633600.000000,10.382000,5.894000,6.858000,2.630000,3.564000,1.949000,29.475000
1467637200.000000,10.047000,5.425000,6.752000,3.020000,3.320000,1.946806,29.264000
1467640800.000000,10.516000,6.028000,7.107000,3.376000,3.137000,1.919000,30.952999
1467644400.000000,10.717000,6.095000,6.787000,3.020000,3.168000,2.010000,31.726000
1467648000.000000,9.980000,5.023000,6.503000,2.559000,3.442000,2.041000,33.132999
1467651600.000000,11.320000,5.090000,7.356000,2.452000,3.868000,2.042911,28.983000
1467655200.000000,11.387000,4.957000,7.352082,2.451633,4.295000,2.193000,28.968912
1467658800.000000,9.377000,3.885000,6.894000,2.239000,2.467000,1.188000,31.726000
1467662400.000000,10.114000,4.086000,7.143000,2.240663,2.955000,1.462000,25.184000
1467666000.000000,10.382000,4.823000,6.894000,2.310000,3.503000,2.010000,30.531000
1467669600.000000,9.645000,4.890000,6.610000,1.919000,3.259000,1.919000,27.646000
1467673200.000000,12.726000,6.497000,9.346000,3.482000,3.168000,1.980000,25.466000
1467676800.000000,11.989000,5.626000,8.777000,2.949000,3.198000,1.978609,25.958000
1467680400.000000,12.525000,6.296000,8.955000,3.163000,3.137000,2.010000,26.001080
1467684000.000000,12.324000,6.294152,8.813000,3.376000,2.985000,1.919000,26.028000
1467687600.000000,10.717000,5.425000,8.066000,2.878000,2.833000,1.858000,28.913000
1467691200.000000,11.320000,5.626000,7.676000,2.630000,3.046000,1.888000,30.459999
1467694800.000000,10.851000,4.689000,6.823000,1.883000,3.320000,2.041000,31.375000
1467698400.000000,13.329000,5.425000,8.884000,2.736000,4.082000,1.949000,32.782001
1467702000.000000,11.454000,5.224000,7.853000,2.772000,3.655000,2.010000,31.726000
1467705600.000000,11.052000,5.961000,7.462000,3.127000,3.564000,2.102000,30.320000
1467709200.000000,10.985000,6.028000,7.533000,2.701000,3.411000,2.041000,30.459999
1467712800.000000,12.793000,5.961000,8.564000,3.447000,3.838000,2.163000,32.922001
1467716400.000000,13.396000,6.430000,8.742000,3.482000,4.599000,2.254000,31.093000
1467720000.000000,11.253000,5.425000,7.676000,2.736000,3.594000,2.010000,25.677000
1467723600.000000,9.913000,4.555000,6.681000,2.310000,3.320000,1.919000,27.153999
1467727200.000000,10.181000,5.358000,7.320000,2.487000,3.320395,2.071000,28.771999
1467730800.000000,10.851000,5.224000,7.249000,2.416000,3.320000,1.949000,30.601000
1467734400.000000,10.047000,5.023000,6.894000,2.736000,3.168000,2.254000,32.007999
1467738000.000000,11.922000,5.425000,7.924000,2.878000,4.386000,2.102000,33.132999
1467741600.000000,11.454000,4.957000,7.462000,2.345000,3.990000,2.041000,31.514999
1467745200.000000,10.851000,4.689000,7.071000,2.344872,3.807000,1.949000,31.023001
1467748800.000000,11.186000,4.622000,7.285000,2.203000,3.899000,1.888000,31.445000
1467752400.000000,10.650000,4.689000,6.894000,2.168000,3.807000,2.010000,31.726000
1467756000.000000,9.980000,4.354000,6.645000,1.919000,3.564000,1.980000,30.952999
1469639880.000000,11.855000,5.760000,7.818000,2.701000,3.259000,1.949000,30.459999
1467763200.000000,10.382000,5.090000,6.467000,2.843000,3.015000,1.828000,28.913000
1467766800.000000,10.717000,5.425000,7.498000,2.310000,2.833000,1.919000,30.389999
1467770400.000000,10.851000,5.358000,7.818000,2.878000,2.829349,1.858000,31.514999
1467774000.000000,9.779000,5.157000,5.970000,2.345000,3.168000,2.132000,31.233999
1467777600.000000,9.377000,4.488000,6.254000,2.274000,3.015000,2.041000,30.531000
1467781200.000000,11.387000,5.559000,7.853000,2.843000,3.259000,2.345000,30.108999
1467784800.000000,11.855000,4.488000,8.209000,2.097000,3.868000,1.858000,30.320000
1467788400.000000,12.525000,6.162000,9.132000,3.625000,3.533000,1.888000,29.615999
1467792000.000000,12.726000,6.363000,9.346000,3.376000,3.716000,1.980000,30.531000
1467795600.000000,11.119000,4.756000,7.178000,2.132000,3.350000,1.978346,32.993000
1467799200.000000,11.788000,4.890000,8.031000,2.452000,3.564000,1.858000,30.249001
1467802800.000000,13.128000,4.957000,8.671000,2.772000,3.990000,1.919000,30.225808
1467806400.000000,10.583000,4.756000,7.000000,2.061000,2.955000,1.645000,30.671000
1467810000.000000,10.315000,5.291000,7.498000,2.345000,3.046000,1.706000,31.586000
1467813600.000000,9.444000,5.023000,6.965000,2.203000,2.650000,1.645000,31.938000
1467817200.000000,10.449000,4.220000,7.000000,2.381000,2.711000,1.584000,28.983000
1467820800.000000,9.846000,4.086000,7.071000,1.919000,2.713439,1.553000,27.716999
1467824400.000000,10.985000,4.756000,7.640000,2.630000,3.290000,1.645000,30.671000
1467828000.000000,10.441599,4.287000,7.320000,2.097000,3.038248,1.645051,24.340000
1467831600.000000,9.465556,3.550000,6.005000,1.564000,3.073955,1.614000,29.686001
1467835200.000000,7.442124,4.153000,6.254000,1.457000,3.108668,1.736000,30.249001
1467838800.000000,9.492612,2.880000,5.437000,0.746000,3.551902,1.828000,29.968000
1467842400.000000,12.903640,3.349000,7.107000,1.279000,2.845707,1.645000,29.546000
1467846000.000000,11.030489,4.689000,10.234000,2.381000,3.282814,1.675000,28.490999
1467849600.000000,11.572785,5.157000,9.204000,2.310000,3.027130,1.614000,28.561001
1467853200.000000,15.877867,6.229000,11.194000,3.447000,2.801554,1.553000,28.771999
1467856800.000000,12.369338,6.216668,10.909000,3.696000,2.514444,1.523000,27.716999
1467860400.000000,10.842280,6.363000,11.122000,3.873000,3.136982,1.675000,28.139000
1467864000.000000,12.781434,5.090000,9.204000,2.772000,3.006747,1.828000,27.365000
1467867600.000000,10.672609,5.626000,10.661000,2.985000,3.012319,1.767000,26.732000
1467871200.000000,17.986000,5.760000,11.229000,2.949000,2.838439,1.645000,26.379999
1467874800.000000,14.267000,5.961000,10.803000,3.198000,3.381000,1.797000,25.395000
1467878400.000000,12.525000,5.090000,9.310000,3.056000,3.076000,1.796288,27.927999
1467882000.000000,12.324000,5.559000,8.671000,2.843000,3.015000,1.675000,28.983000
1467885600.000000,13.262000,6.095000,9.808000,2.846081,3.442000,1.767000,29.757000
1467889200.000000,12.324000,4.957000,8.244000,2.559000,3.990000,1.736000,30.601000
1467892800.000000,9.645000,3.617000,6.787000,1.599000,3.046000,1.523000,32.640999
1467896400.000000,10.516000,4.555000,7.391000,2.132000,2.802000,1.553000,35.384998
1467900000.000000,9.377000,3.818000,6.574000,1.564000,2.650000,1.552189,37.284000
1467903600.000000,9.109000,3.684000,6.610000,1.599000,2.589000,2.132000,38.480000
1467907200.000000,9.243000,3.416000,6.538000,1.706000,2.985000,1.553000,36.791000
1467910800.000000,10.449000,4.220000,7.320000,2.097000,3.229000,1.523000,34.118000
1467914400.000000,11.052000,4.287000,7.604000,1.990000,3.472000,1.675000,33.837002
1467918000.000000,10.114000,4.086000,6.858000,1.954000,3.259000,1.645000,33.273998
1467921600.000000,11.119000,4.153000,7.427000,1.919000,3.746000,1.675000,32.922001
1467925200.000000,10.449000,3.282000,7.107000,1.279000,3.594000,1.706000,33.625999
1467928800.000000,10.516000,3.885000,7.356000,1.599000,3.168000,1.675000,32.640999
1467932400.000000,11.855000,5.358000,8.884000,3.198000,3.076000,1.553000,31.586000
1467936000.000000,11.846146,4.756000,8.886243,2.985000,2.955000,1.523000,31.093000
1467939600.000000,10.382000,4.753518,7.995000,2.630000,2.498000,1.340000,30.742001
1467939600.000000,10.384795,4.756000,8.003089,2.632688,2.498597,1.343073,30.752560
1467939600.000000,10.382000,4.759389,7.995000,2.630000,2.498000,1.340000,30.742001
1467939600.000000,10.367758,4.756000,7.994499,2.627615,2.495832,1.339104,30.708329
1467939600.000000,10.382000,4.759588,7.995000,2.630000,2.498000,1.340000,30.742001
1467939600.000000,10.398752,4.756000,8.002858,2.626822,2.495669,1.340305,30.711827
1467939600.000000,10.382000,4.752714,7.995000,2.630000,2.498000,1.340000,30.742001
1467939600.000000,10.389930,4.756000,7.995809,2.631065,2.498208,1.340829,30.730275
1467939600.000000,10.382000,4.751217,7.995000,2.630000,2.498000,1.340000,30.742001
1467939600.000000,10.385254,4.756000,7.993178,2.628688,2.495620,1.341380,30.740178
1467939600.000000,10.382000,4.759766,7.995000,2.630000,2.498000,1.340000,30.742001
1467939600.000000,10.364978,4.756000,7.988649,2.629250,2.502063,1.342251,30.722824
1467939600.000000,10.382000,4.760920,7.995000,2.630000,2.498000,1.340000,30.742001
1467939600.000000,10.379380,4.756000,7.991084,2.629323,2.491853,1.338596,30.729923
1467990000.000000,10.181000,4.220000,6.574000,1.741000,3.015000,1.645000,34.750999
1467993600.000000,9.444000,3.550000,6.610000,1.279000,2.924000,1.614000,34.400002
1467997200.000000,10.315000,4.086000,7.178000,2.097000,3.229000,1.645000,34.328999
1468000800.000000,10.717000,3.885000,7.107000,1.741000,3.564000,1.675000,33.625999
1468004400.000000,10.181000,3.617000,6.467000,1.421000,3.594000,1.678539,33.556000
1468008000.000000,11.855000,4.086000,7.640000,1.564000,4.264000,1.858000,32.782001
1468011600.000000,12.726000,4.354000,8.244000,2.132000,4.295000,1.767000,32.148998
1468015200.000000,14.066000,5.358000,9.666000,2.239000,3.777000,1.706000,31.233999
1468018800.000000,18.152000,8.841000,12.402000,4.193000,5.818000,3.046000,30.531000
1468022400.000000,14.602000,5.961000,11.300000,3.340000,3.259000,1.767000,30.952999
1468026000.000000,14.535000,6.162000,11.691000,3.909000,3.046000,1.645000,30.320000
1468029600.000000,14.401000,6.296000,11.727000,3.944000,2.802000,1.614000,29.405001
1468033200.000000,13.999000,6.497000,10.945000,3.198000,2.711000,1.675000,28.702000
1468036800.000000,14.066000,6.296000,11.300000,3.482000,2.833000,2.010000,28.771999
1468040400.000000,14.267000,5.425000,10.838000,3.020000,3.320000,1.767000,28.913000
1468044000.000000,14.602000,5.693000,10.874000,3.056000,3.290000,1.736000,28.278999
1468047600.000000,9.109000,2.612000,6.396000,1.066000,2.741000,1.523000,28.631001
1468051200.000000,11.454000,3.416000,8.280000,1.102000,3.137000,1.767000,28.771999
1468054800.000000,9.779000,3.550000,6.005000,1.706000,3.290000,1.645000,29.968000
1468058400.000000,10.851000,4.220000,6.574000,1.244000,3.472000,1.797000,29.757000
1468062000.000000,10.516000,3.483000,6.610000,1.350000,3.868000,1.736000,30.320000
1468065600.000000,9.779000,3.617000,5.899000,0.853000,3.229000,1.706000,31.445000
1468069200.000000,10.248000,3.751000,6.610000,1.244000,3.046000,1.553000,30.742001
1468072800.000000,9.645000,4.019000,6.823000,1.564000,3.046368,1.552102,31.656000
1468076400.000000,9.578000,3.818000,6.361000,1.492000,3.076000,1.614000,32.289001
1468080000.000000,11.989000,4.153000,6.432000,1.528000,5.604000,2.193000,32.852001
1468083600.000000,4.929950,1.055692,6.645000,1.208000,3.868000,1.888000,32.077999
1468087200.000000,4.259950,0.653692,6.254000,1.206778,3.686000,2.041000,31.867001
1468090800.000000,3.589950,0.385692,5.970000,1.102000,3.411000,1.645000,31.375000
1468094400.000000,5.465949,0.720692,7.427000,1.812000,4.051000,1.675000,30.882000
1468098000.000000,7.675950,1.993692,9.523000,2.701000,3.899000,1.462000,30.920795
1468101600.000000,6.603950,3.064692,8.919000,3.553000,3.503000,1.584000,29.968000
1468105200.000000,9.426300,3.516461,9.594000,2.452000,3.290000,1.553000,29.961762
1468108800.000000,12.343975,4.847846,9.737000,2.736000,5.483000,2.010000,29.475000
1468112400.000000,14.563325,5.634615,10.518000,3.163000,5.208000,2.041000,29.334999
1468116000.000000,15.137000,6.363000,9.630000,3.234000,4.934000,1.919000,29.827000
1468119600.000000,14.401000,5.894000,8.493000,2.985000,4.937483,1.980000,29.124001
1468123200.000000,14.133000,5.157000,8.599000,2.452000,4.965000,1.949000,28.561001
1468126800.000000,13.999000,4.354000,8.706000,2.132000,5.269000,2.041000,28.631001
1468130400.000000,14.937000,5.626000,9.026000,1.919000,5.818000,2.102000,27.787001
1468134000.000000,13.329000,4.555000,7.711000,1.457000,5.574000,2.193000,27.506001
1468137600.000000,10.851000,4.556120,7.320000,2.203000,3.198000,1.767000,28.068001
1468141200.000000,9.846000,4.287000,6.858000,1.812000,3.168000,1.706000,29.615999
1468144800.000000,10.248000,3.952000,6.851440,1.706000,3.381000,1.797000,29.475000
1468148400.000000,11.855000,4.019000,7.604000,1.812000,4.142000,1.736000,29.052999
1468152000.000000,8.573000,3.282000,5.579000,1.137000,2.985000,1.523000,29.475000
1468155600.000000,8.640000,3.081000,5.508000,1.031000,2.711000,1.432000,29.124001
1468159200.000000,8.306000,2.411000,5.188000,0.711000,2.924000,1.523000,29.686001
1468162800.000000,8.774000,3.349000,6.148000,1.350000,2.528000,1.432000,31.023001
1468166400.000000,8.038000,2.545000,5.615000,0.888000,2.467000,1.340000,31.164000
1468170000.000000,9.176000,2.746000,6.290000,1.137000,3.229000,1.432000,30.671000
1468173600.000000,9.444000,3.215000,6.396000,1.421000,3.168000,1.523000,29.968000
1468177200.000000,8.506000,2.880000,5.792000,1.102000,2.711000,1.310000,30.179001
1468180800.000000,10.047000,3.081000,6.858000,1.279000,3.168000,1.311567,29.475000
1468184400.000000,9.712000,2.076000,6.396000,0.604000,3.290000,1.310000,29.405001
1468188000.000000,9.980000,3.081000,7.000000,1.315000,2.863000,1.310407,28.209000
1468191600.000000,9.972340,3.550000,7.214000,1.883000,2.680000,1.279000,29.124001
1468195200.000000,13.597000,5.358000,8.990000,2.701000,4.873000,1.797000,28.561001
1468198800.000000,13.594083,4.890000,8.493000,1.919000,4.569000,1.675000,29.194000
1468202400.000000,12.123000,4.086000,7.071000,1.777000,4.599000,1.676155,28.561001
1468206000.000000,11.989000,3.952000,7.569000,1.599000,4.477000,1.736000,29.264000
1468209600.000000,11.961096,4.220000,7.559410,1.599767,4.356000,1.919000,29.052999
1468213200.000000,12.994000,4.421000,7.853000,1.599000,4.569000,1.675000,28.913000
1468216800.000000,13.798000,4.086000,8.138000,1.766150,5.269000,1.767000,29.827000
1468220400.000000,12.994000,4.153000,8.173000,1.363300,5.208000,1.888000,29.828153
1468224000.000000,9.980000,3.818000,7.249000,0.571451,2.894000,1.432000,29.194000
1468227600.000000,10.114000,3.885000,6.645000,0.346601,2.772000,1.371000,30.882000
1468231200.000000,9.846000,3.349000,6.787000,0.157751,2.406000,1.492000,31.233999
1468234800.000000,10.985000,3.617000,7.143000,-0.386099,3.503000,1.371000,32.219002
1468238400.000000,8.372000,2.813000,5.508000,-1.746949,2.680000,1.218000,32.993000
1468242000.000000,8.908000,2.880000,5.792000,0.746000,2.589000,1.188000,33.907001
1468245600.000000,9.042000,3.014000,6.290000,0.995000,2.584099,1.279000,34.750999
1468249200.000000,9.243000,3.215000,6.361000,1.031000,2.680000,1.157000,34.656712
1468252800.000000,8.239000,2.813000,5.721000,1.244000,2.528000,1.249000,34.821999
1468256400.000000,8.975000,2.880000,5.934000,1.246466,3.015000,1.248690,34.891998
1468260000.000000,8.506000,2.344000,5.579000,0.746000,2.894000,1.157000,33.344002
1468263600.000000,7.837000,2.076000,5.224000,0.533000,2.589000,1.127000,31.656000
1468267200.000000,9.176000,1.942000,6.183000,0.604000,2.894000,0.975000,33.485001
1468270800.000000,9.182368,2.009000,6.219000,0.602915,2.955000,0.975163,32.640999
1468274400.000000,8.372000,3.014000,6.290000,1.208000,2.437000,0.944000,32.500000
1468278000.000000,10.918000,3.550000,9.026000,2.310000,2.132000,0.883000,33.063000
1468281600.000000,11.521000,3.554264,9.594000,2.308932,1.980000,0.822000,33.485001
1468285200.000000,11.514615,4.153000,9.608625,2.701000,1.736000,0.670000,33.695999
1468288800.000000,12.123000,7.317308,10.341000,3.482000,1.828000,1.230200,42.316314
1468292400.000000,11.922000,6.848308,10.163000,2.949000,1.797000,1.260200,42.104316
1468296000.000000,11.721000,6.580308,9.523000,2.452000,1.796650,1.260935,41.753315
1468299600.000000,11.119000,6.111308,8.919000,2.416000,2.102000,1.321200,42.104316
1468303200.000000,11.113853,6.580308,8.635000,1.848000,2.559000,1.474200,42.667316
1468306800.000000,9.444000,5.039308,6.894000,1.386000,2.010000,1.169200,41.964313
1468310400.000000,8.707000,5.843308,6.681000,1.599000,2.376000,1.504200,42.949314
1468314000.000000,8.908000,5.173308,6.467000,1.528000,2.406000,1.413200,44.707313
1468317600.000000,10.114000,5.441308,6.965000,1.421000,2.863000,1.626200,45.129314
1468321200.000000,10.851000,3.014000,7.320000,1.777000,3.350000,1.127000,36.088001
1468324800.000000,9.377000,1.875000,6.005000,0.959000,2.894000,1.157000,36.056183
1468328400.000000,9.779000,2.344000,6.254000,0.497000,2.863000,1.097000,36.229000
1468332000.000000,9.511000,2.009000,6.467000,0.959000,2.861371,1.218000,38.409000
1468335600.000000,9.243000,2.813000,6.823000,0.888000,2.619000,1.310000,39.605000
1468339200.000000,8.774000,1.942000,6.112000,0.462000,2.711000,1.127000,40.098000
1468342800.000000,9.645000,2.679000,6.396000,1.137000,3.076000,1.157000,40.520000
1468346400.000000,9.109000,2.143000,5.970000,0.604000,3.107000,1.097000,37.847000
1468350000.000000,8.573000,1.875000,5.508000,0.462000,3.076000,1.066000,37.354000
1468353600.000000,10.851000,2.143000,7.143000,0.533000,3.746000,1.097000,36.018002
1468357200.000000,10.985000,2.144564,7.285000,0.604000,3.745672,1.066000,36.158001
1468360800.000000,12.793000,2.746000,9.808000,1.706000,3.259000,0.914000,36.018002
1468364400.000000,16.007999,5.693000,13.112000,3.482000,2.833000,1.005000,36.229000
1468368000.000000,19.156000,6.229000,13.717000,4.015000,5.026000,1.523000,36.509998
1468371600.000000,16.812000,5.894000,12.189000,3.411000,4.873000,1.462000,36.721001
1468375200.000000,17.615999,5.961000,12.722000,3.589000,4.721000,1.492000,36.580002
1468378800.000000,16.343000,5.760000,11.371000,2.949000,4.477000,1.490912,37.706001
1468382400.000000,18.018000,7.100000,13.468000,3.909000,4.472799,1.523000,37.700219
1468386000.000000,18.152000,7.033000,13.397000,4.087000,4.660000,1.524136,37.636002
1468389600.000000,16.209000,4.823000,10.518000,2.701000,5.056000,1.553000,37.002998
1468393200.000000,13.463000,4.086000,8.066000,1.457000,5.239000,1.828000,38.549999
1468396800.000000,10.315000,3.416000,6.929000,1.315000,2.802000,1.462000,38.057999
1468400400.000000,8.841000,3.148000,6.752000,1.457000,2.041000,1.127000,37.002998
1468404000.000000,10.248000,3.282000,6.610000,1.173000,3.107000,1.310000,36.968154
1468407600.000000,8.573000,2.009000,6.503000,0.853000,2.163000,1.066000,29.827000
1468411200.000000,8.774000,2.143000,5.721000,0.426000,2.650000,1.005000,32.852001
nan,9.511000,2.261828,6.041000,0.425804,2.863000,1.097000,33.089403
nan,8.774000,2.264495,6.036745,0.817000,2.376000,1.005000,32.446838
nan,9.310000,2.117619,6.219000,0.995000,2.924000,1.127000,32.605247
nan,8.306000,2.175649,5.721000,0.924000,2.619000,1.097000,32.682851
nan,8.975000,2.200170,5.970000,0.782000,3.015000,1.279000,32.593982
nan,8.841000,2.233053,5.721000,0.604000,3.107000,1.127000,32.546922
nan,9.042000,2.245450,5.863000,0.603553,3.442000,1.125676,32.498523
nan,11.253000,2.266398,7.178000,0.853000,4.112000,1.188000,32.438121
nan,11.989000,2.284267,8.599000,2.168000,3.929000,1.188415,32.379753
1468447200.000000,12.525000,3.818000,9.630000,1.599000,3.259000,0.975000,34.328999
1468450800.000000,13.597000,4.622000,10.980000,2.843000,3.107000,1.066000,35.384998
1468454400.000000,14.602000,5.358000,11.194000,2.878000,2.863000,1.036000,34.540001
1468458000.000000,13.463000,4.555000,10.874000,2.985000,2.467000,0.883000,32.710999
1468461600.000000,12.257000,3.885000,9.523000,2.132000,2.468885,0.944000,33.907001
1468465200.000000,12.264613,4.689000,10.661000,2.985000,2.254000,0.914000,34.681000
1468468800.000000,11.588000,3.684000,8.848000,1.706000,2.102000,0.883000,35.666000
1468472400.000000,11.922000,3.349000,9.275000,1.990000,2.101443,0.884137,34.470001
1468476000.000000,11.521000,3.684000,9.559000,2.274000,2.528000,0.944000,35.313999
1468479600.000000,8.774000,2.679000,5.863000,1.137000,2.315000,1.066000,33.837002
1468483200.000000,7.971000,3.081000,5.970000,1.599000,2.376000,1.279000,35.876999
1468486800.000000,8.306000,2.411000,5.863000,1.279000,2.376714,1.157000,35.525002
1468490400.000000,9.377000,2.344000,6.503000,1.173000,2.802000,1.249000,36.580002
1468494000.000000,10.047000,3.148000,6.858000,0.782000,3.168000,1.097000,37.354000
1468497600.000000,8.239000,2.076000,5.686000,0.391000,2.589000,1.036000,34.611000
1468501200.000000,8.306000,2.277000,6.005000,0.853000,2.650000,0.975000,33.837002
1468504800.000000,7.904000,2.210000,5.401000,0.782000,2.467000,1.036000,33.203999
1468508400.000000,12.190000,4.689000,10.021000,2.559000,2.254000,0.914000,34.681000
1468512000.000000,7.837000,1.541000,5.295000,0.675000,2.467000,1.279000,36.721001
1468515600.000000,7.904000,1.608000,4.620000,-0.107000,3.168000,1.127000,34.750999
1468519200.000000,6.430000,0.938000,3.980000,-0.284000,2.467000,1.127108,24.903000
1468522800.000000,7.837000,1.340000,5.188000,0.036000,2.711000,1.066000,32.852001
1468526400.000000,8.975000,1.407000,5.686000,0.035981,3.259000,0.975000,33.132999
1468530000.000000,8.306000,0.670000,5.224000,-0.426000,3.107000,0.976009,29.968000
1468533600.000000,8.105000,0.804000,5.437000,-0.320000,2.650000,0.883000,30.389999
1468537200.000000,10.114000,2.545000,7.640000,1.137000,2.589000,0.914000,31.375000
1468540800.000000,13.195000,4.019000,8.422000,2.097000,4.782000,1.462000,31.304001
1468544400.000000,13.329000,4.287000,8.280000,1.954000,4.447000,1.310000,32.640999
1468548000.000000,13.865000,4.354000,8.990000,1.812000,4.264000,1.309928,33.344002
1468551600.000000,11.989000,3.215000,7.711000,1.421000,4.142000,1.340000,33.315870
1468555200.000000,11.855000,3.416000,7.107000,0.782000,4.234000,1.432000,34.611000
1468558800.000000,11.861579,2.679000,7.498000,0.959000,4.386000,1.340000,33.907001
1468562400.000000,11.119000,2.009000,6.361000,0.604000,4.873000,1.462000,34.540001
1468566000.000000,11.989000,2.947000,6.005000,0.782000,4.995000,1.675000,35.384998
1468569600.000000,8.975000,2.344000,6.183000,0.888000,2.559000,1.279000,34.328999
1468573200.000000,9.511000,3.014000,7.036000,1.954000,2.376000,1.097000,31.586000
1468576800.000000,10.114000,3.550000,6.965000,1.564000,2.955000,1.432000,31.375000
1468580400.000000,10.315000,3.617000,7.320000,1.102000,3.290000,1.097000,30.742001
1468584000.000000,8.640000,2.277000,5.721000,0.391000,2.589000,0.975000,31.586000
1468587600.000000,8.908000,2.478000,6.112000,0.817000,2.619000,1.127000,31.375000
1468591200.000000,9.310000,2.545000,6.361000,0.816294,2.528000,1.157000,31.023001
1468594800.000000,8.172000,2.277000,5.792000,1.066000,2.224000,1.097000,25.816999
1468598400.000000,7.837000,2.210000,5.508000,0.782000,2.680000,1.157000,24.903000
1468602000.000000,8.506000,2.206925,5.579000,0.497000,3.229000,1.401000,18.009001
1468605600.000000,7.234000,1.340000,4.620000,0.000000,2.589000,1.097000,22.441000
1468609200.000000,6.966000,1.139000,4.442000,-0.036000,2.467000,0.975000,16.882999
1468612800.000000,7.167000,1.140075,4.762000,0.000000,2.437000,0.853000,22.089001
1468616400.000000,8.372000,2.947000,6.219000,1.208000,2.438571,1.036000,24.198999
1468620000.000000,9.109000,2.210000,7.569000,0.959000,2.010000,0.883000,25.747000
1468623600.000000,8.908000,2.679000,7.640000,1.528000,1.949000,0.880698,26.521000
1468627200.000000,8.506000,2.210000,6.645000,0.782000,1.645000,0.853000,26.943001
1468630800.000000,10.047000,3.081000,8.031000,1.670000,1.736000,0.822000,27.365000
1468634400.000000,10.851000,3.751000,8.742000,1.990000,1.462000,0.761000,28.350000
1468638000.000000,8.908000,2.947000,7.640000,1.599000,1.492000,0.792000,28.068001
1468641600.000000,9.511000,2.009000,7.320000,1.066000,1.371000,0.670000,28.350000
1468645200.000000,9.578000,2.478000,7.853000,0.959000,1.645000,0.669457,27.927999
1468648800.000000,9.645000,2.210000,7.604000,0.782000,2.163000,0.731000,27.716999
1468652400.000000,6.229000,1.875000,4.122000,0.355000,2.132000,1.005000,29.896999
1468656000.000000,6.966000,2.746000,4.939000,0.711000,2.102000,1.066000,30.179001
1468659600.000000,7.301000,1.608000,5.117000,0.320000,2.102128,0.975000,31.445000
1468663200.000000,8.841000,2.277000,6.396000,0.959000,2.589000,1.127000,33.203999
1468666800.000000,9.243000,2.143000,6.432000,0.995000,3.015000,1.157000,33.415001
1468670400.000000,6.430000,1.273000,4.264000,0.284000,2.345000,1.005000,32.710999
1468674000.000000,6.698000,2.277000,4.548000,0.355000,2.254000,1.036000,32.852001
1468677600.000000,7.770000,2.679000,4.939000,1.208000,2.193000,1.097000,33.203999
1468681200.000000,8.105000,2.344000,5.828000,1.066000,2.190998,1.066000,34.048000
1468684800.000000,7.100000,2.143000,5.330000,1.350000,2.132000,1.066853,35.525002
1468688400.000000,7.837000,2.210000,5.366000,0.959000,2.528000,1.036000,34.470001
1468692000.000000,7.301000,1.741000,4.477000,0.355000,2.528495,1.097000,35.596001
1468695600.000000,6.698000,1.206000,4.229000,-0.036000,2.406000,1.005000,33.625999
1468699200.000000,7.837000,1.205797,4.975000,0.000000,2.863000,0.975000,32.148998
1468702800.000000,7.435000,1.273000,4.584000,-0.355000,2.650000,0.974406,32.007999
1468706400.000000,8.105000,2.009000,6.005000,0.959000,2.254000,0.853000,31.726000
1468710000.000000,7.837000,1.808000,5.366000,0.782000,2.071000,0.883000,30.882000
1468713600.000000,10.181000,2.746000,8.599000,1.670000,1.919000,0.853000,31.304001
1468717200.000000,10.047000,2.947000,8.173000,1.599000,1.828000,0.883000,31.233999
1468720800.000000,9.779000,3.081000,7.747000,2.132000,1.736000,0.822000,31.726000
1468724400.000000,8.439000,2.277000,6.787000,1.208000,1.584000,0.761000,31.233999
1468728000.000000,9.042000,1.942000,7.604000,1.492000,1.553000,0.701000,31.867001
1468731600.000000,9.310000,2.210000,7.569000,1.244000,1.858000,0.975000,32.219002
1468735200.000000,11.454000,3.215000,8.884000,1.421000,2.437000,0.792000,31.726000
1468738800.000000,7.703000,2.009000,5.686000,0.711000,2.376000,1.066000,32.289001
1468742400.000000,7.837000,2.210000,5.650000,0.746000,2.345000,1.036000,34.258999
1468746000.000000,7.770000,2.143000,5.366000,1.102000,2.650000,1.249000,33.978001
1468749600.000000,9.176000,3.081000,6.432000,1.173000,2.894000,1.218000,34.470001
1468753200.000000,9.645000,2.478000,6.610000,1.350000,3.107000,1.005000,35.243999
1468756800.000000,7.636000,1.808000,5.188000,0.249000,2.406000,0.975000,36.299000
1468760400.000000,8.038000,1.541000,5.010000,0.497000,2.437000,1.036000,36.721001
1468764000.000000,8.372000,2.411000,6.148000,1.031000,2.193000,0.975000,38.339001
1468767600.000000,8.374436,2.344000,5.899000,0.853000,2.345000,1.066000,40.027000
1468771200.000000,7.703000,2.143000,5.472000,1.066000,2.224000,0.975000,37.987000
1468774800.000000,8.506000,2.545000,5.792000,1.173000,2.711000,1.127000,39.112999
1468778400.000000,8.306000,1.942000,5.543000,0.533000,2.710082,1.097000,37.002998
nan,8.105000,1.674000,5.366000,0.320000,2.711000,1.066000,36.889770
nan,9.913000,1.677101,6.396000,0.284000,3.381000,0.975000,37.112532
nan,10.248000,0.536000,6.503000,-0.746000,3.290000,0.914000,37.088090
nan,12.458000,3.684000,9.808000,2.132000,2.528000,0.822000,37.239921
nan,14.267000,4.287000,11.655000,2.878000,2.467000,0.761000,37.071352
nan,14.535000,3.952000,10.163000,2.061000,4.569000,1.340000,36.854185
nan,15.874000,5.157000,11.371000,2.772000,4.356000,1.310000,36.642500
nan,15.137000,4.153000,10.092000,2.168000,4.447000,1.401000,36.433755
nan,14.468000,4.220000,9.594000,2.132000,4.325000,1.462000,36.256437
1468814400.000000,12.190000,3.282000,7.924000,0.888000,4.173000,1.340000,34.962002
1468818000.000000,12.793000,2.746000,8.244000,0.959000,4.417000,1.371000,34.821999
1468821600.000000,13.195000,2.947000,8.635000,1.031000,4.752000,1.401000,34.681000
1468825200.000000,13.597000,4.153000,8.630011,1.279000,4.904000,1.675000,36.580002
1468828800.000000,9.913000,2.545000,7.711000,1.208000,2.589000,1.127000,34.400002
1468832400.000000,8.105000,1.942000,6.112000,0.604000,2.376000,1.310000,36.088001
1468836000.000000,8.975000,2.880000,6.432000,0.853000,2.772000,1.279000,36.229000
1468839600.000000,9.310000,3.081000,6.437343,1.031000,3.229000,1.278368,36.299000
1468843200.000000,7.636000,1.674000,5.046000,0.284000,2.437000,1.036000,35.946999
1468846800.000000,8.239000,2.076000,5.686000,0.640000,2.345000,0.914000,37.354000
1468850400.000000,8.707000,2.009000,6.432000,0.746000,2.437000,1.005000,38.549999
1468854000.000000,7.904000,2.277000,5.437000,0.675000,2.833000,1.127000,38.057999
1468857600.000000,8.439000,1.741000,5.579000,0.462000,2.802000,1.157000,35.525002
1468861200.000000,8.506000,2.076000,5.472000,0.497000,3.015000,1.310000,35.666000
1468864800.000000,8.372000,1.942000,5.543000,0.391000,3.290000,1.340000,33.132999
1468868400.000000,8.172000,1.741000,5.330000,0.320000,2.833000,1.036000,33.625999
1468872000.000000,10.516000,2.076000,6.823000,0.497000,3.686000,1.127000,35.243999
1468875600.000000,11.454000,1.674000,8.066000,0.178000,3.564000,1.157000,33.556000
1468879200.000000,12.458000,3.416000,9.950000,1.777000,2.863000,0.883000,33.907001
1468882800.000000,12.056000,3.349000,10.056000,1.774632,2.437000,0.883713,33.695999
1468886400.000000,13.597000,4.086000,11.371000,2.487000,2.315000,0.853000,33.766998
1468890000.000000,7.943950,4.089714,11.300000,5.809798,3.186054,0.670000,33.625999
1468893600.000000,6.871950,4.354000,10.838000,5.133798,3.187578,0.669709,33.485001
1468897200.000000,5.532950,3.215000,9.594000,5.027798,3.064054,0.731000,33.132999
1468900800.000000,6.670949,4.153000,10.554000,4.849798,3.065532,1.005000,32.922001
1468904400.000000,6.201950,3.081000,10.234000,4.458798,3.246054,0.731000,31.656000
1468908000.000000,4.929950,2.545000,8.777000,3.712798,3.612054,0.914000,32.852001
1468911600.000000,2.718950,2.076000,6.148000,2.930798,3.673054,1.066000,32.219002
1468915200.000000,2.852950,2.545000,5.579000,4.210798,3.977054,1.127000,31.726000
1468918800.000000,3.790950,2.679000,6.894000,3.534798,3.917054,1.310000,32.640999
1468922400.000000,4.766625,2.478000,6.752000,2.987665,4.238712,1.036000,32.148998
1468926000.000000,5.608300,2.545000,6.183000,2.546532,4.164370,1.127000,27.506001
1468929600.000000,4.775975,1.808000,4.904000,1.678399,2.933027,0.853000,29.264000
1468933200.000000,5.952650,1.741000,5.224000,1.308266,2.676685,0.851665,31.445000
1468936800.000000,6.526325,1.474000,5.792000,1.152133,2.267342,0.853000,31.514999
1468940400.000000,9.578000,2.746000,6.894000,0.995000,1.980000,0.914000,32.077999
1468944000.000000,7.904000,2.076000,5.508000,0.853000,2.741000,1.279000,32.045909
1468947600.000000,8.372000,1.875000,5.472000,0.391000,2.924000,1.218000,33.837002
1468951200.000000,7.837000,1.674000,4.975000,0.178000,2.711000,1.066000,34.048000
1468954800.000000,7.636000,1.541000,5.082000,0.213000,2.619000,1.066487,33.695999
1468958400.000000,9.645000,1.540465,6.361000,0.462000,3.320000,1.066000,33.485001
1468962000.000000,9.578000,1.875000,6.183000,0.284000,3.015000,1.036000,32.710999
1468965600.000000,8.439000,1.808000,5.934000,0.746000,2.345000,0.731000,32.640999
1468969200.000000,10.650000,2.411000,8.066000,1.279000,2.163000,0.701000,32.430000
1468972800.000000,13.530000,4.019000,8.209000,1.564000,4.569000,1.401000,32.007999
1468976400.000000,13.329000,3.483000,8.848000,1.635000,4.295000,1.371000,31.656000
1468980000.000000,12.257000,2.947000,7.960000,1.599000,4.234000,1.279000,31.375000
1468983600.000000,11.186000,3.215000,7.214000,1.244000,4.142000,1.278783,31.586000
1468987200.000000,11.788000,1.942000,7.000000,0.817000,4.203000,1.310000,32.430000
1468990800.000000,12.257000,2.411000,7.178000,0.815800,4.447000,1.371000,31.797001
1468994400.000000,13.128000,3.416000,8.031000,1.066000,4.904000,1.492000,33.203999
1468998000.000000,11.119000,2.880000,6.219000,0.249000,5.026000,1.645000,34.681000
1469001600.000000,8.038000,2.143000,5.792000,0.995000,2.619000,1.097000,34.400002
1469005200.000000,8.707000,3.081000,6.254000,1.279000,2.802000,1.249000,36.931999
1469008800.000000,10.382000,2.813000,7.071000,1.244000,2.711000,1.157000,33.485001
1469012400.000000,10.181000,2.880000,6.894000,1.137000,3.503000,1.097000,33.625999
1469016000.000000,8.038000,1.942000,5.650000,0.391000,2.528000,0.944000,33.203999
1469019600.000000,8.707000,2.210000,5.970000,0.213000,2.802000,1.066000,33.273998
1469023200.000000,9.377000,2.209368,6.716000,1.066000,2.680000,1.188000,35.525002
1469026800.000000,9.390159,2.545000,6.396000,0.711000,2.711000,1.279000,35.033001
1469030400.000000,8.506000,2.076000,5.792000,0.675000,2.650000,1.277610,35.666000
1469034000.000000,8.975000,2.143000,5.899000,0.640000,2.985000,1.127000,33.695999
1469037600.000000,9.042000,1.808000,5.721000,0.284000,2.863000,1.157000,34.400002
1469041200.000000,8.506000,2.210000,5.579000,0.497000,3.046000,1.066000,36.791000
1469044800.000000,11.989000,2.277000,7.498000,0.355000,4.508000,1.249000,35.946999
1469048400.000000,11.999329,1.875000,7.924000,-0.142000,4.173000,1.097000,35.384998
1469052000.000000,15.271000,4.086000,11.194000,2.203000,3.625000,1.036000,34.328999
1469055600.000000,14.937000,4.090641,10.909000,2.345000,3.046000,1.157000,35.736000
1469059200.000000,15.204000,4.622000,12.046000,2.701000,2.802000,0.975000,34.891998
1469062800.000000,16.945999,5.358000,14.676000,4.122000,2.589000,0.914000,35.313999
1469066400.000000,15.204000,4.890000,12.793000,3.163000,2.163000,0.883000,35.326976
1469070000.000000,13.932000,5.090000,11.904000,3.198000,2.132000,0.883278,35.876999
1469073600.000000,13.731000,4.086000,11.051000,2.274000,2.041000,0.822000,35.525002
1469077200.000000,13.530000,3.148000,11.371000,1.670000,2.193000,0.821184,34.470001
1469080800.000000,14.200000,3.885000,11.762000,1.919000,2.437000,0.883000,34.258999
1469084400.000000,13.798000,4.220000,11.371000,1.883000,2.559000,1.097000,37.214001
1469088000.000000,13.932000,4.555000,10.980000,2.985000,2.955000,1.249000,40.942001
1469091600.000000,12.927000,4.556100,9.594000,2.168000,2.772000,1.279000,38.761002
1469095200.000000,10.918000,3.617000,7.427000,1.812000,3.350000,1.340000,35.243999
1469098800.000000,11.521000,3.349000,8.031000,1.492000,3.320000,1.249000,33.063000
1469102400.000000,9.377000,2.478000,5.899000,0.142000,2.863000,1.005000,32.289001
1469106000.000000,10.047000,2.411000,7.107000,0.640000,3.015000,1.036000,33.203999
1469109600.000000,9.913000,2.411171,7.036000,0.782000,2.833000,0.975000,33.556000
1469113200.000000,8.239000,1.340000,5.970000,0.569000,2.071000,0.761000,35.313999
1469116800.000000,8.238311,2.076000,6.112000,0.675000,2.132000,0.944000,36.721001
1469120400.000000,9.377000,2.210000,6.219000,0.604000,3.350000,1.401000,36.862000
1469124000.000000,9.444000,2.880000,5.934000,0.391000,3.442000,1.371000,34.962002
1469127600.000000,8.908000,1.608000,5.686000,0.178000,3.168000,1.097000,37.354000
1469131200.000000,12.592000,2.143000,7.853000,0.391000,4.599000,1.157000,36.580002
1469134800.000000,14.535000,3.885000,10.447000,1.848000,4.843000,1.249000,35.033001
1469138400.000000,14.200000,3.952000,10.438806,2.452000,4.142000,1.066000,36.721001
1469142000.000000,15.070000,5.023000,11.122000,3.092000,3.807000,1.097000,36.862000
1469145600.000000,17.816999,6.162000,11.975000,3.589000,5.818000,1.584000,36.651001
1469149200.000000,18.152000,6.296000,13.077000,3.696000,5.269000,1.492000,36.158001
1469152800.000000,16.275999,6.095000,11.194000,4.193000,4.965000,1.462000,36.018002
1469156400.000000,15.271000,5.291000,9.772000,2.452000,4.813000,1.401000,35.666000
1469160000.000000,12.525000,3.684000,7.782000,1.990000,4.630000,1.371000,35.525002
1469163600.000000,13.329000,4.421000,8.315000,2.025000,4.873000,1.401000,36.862000
1469167200.000000,12.860000,4.488000,8.102000,2.097000,4.904000,1.492000,35.033001
1469170800.000000,12.324000,4.019000,7.427000,2.487000,4.905628,1.767000,38.620998
1469174400.000000,10.516000,3.818000,7.889000,2.239000,2.833000,1.157000,38.198002
1469178000.000000,11.922000,4.890000,8.848000,2.949000,2.831552,1.218000,37.214001
1469181600.000000,11.588000,3.215000,7.569000,1.528000,3.290000,1.401000,37.354000
1469185200.000000,11.583268,3.081000,7.676000,1.137000,3.777000,1.279000,37.636002
1469188800.000000,10.516000,2.612000,7.356000,0.888000,3.259000,1.066000,37.002998
1469192400.000000,11.588000,2.143000,7.249000,0.782000,3.746000,1.249000,37.494999
1469196000.000000,11.387000,5.575308,13.079718,0.959000,3.472000,0.718799,39.182999
1469199600.000000,11.119000,4.905308,12.368718,0.853000,3.137000,0.779800,39.675999
1469203200.000000,10.114000,6.044308,11.764718,0.711000,3.350000,0.962800,39.042999
1469206800.000000,10.516000,5.575308,12.155717,1.066000,3.807000,0.962784,40.167999
1469210400.000000,9.846000,5.106308,11.658718,0.995000,3.716000,0.810799,37.214001
1469214000.000000,9.851095,4.771308,11.409718,0.391000,3.564000,0.779800,39.042999
1469217600.000000,14.267000,5.508308,13.790717,0.640000,5.422000,0.871799,38.691002
1469221200.000000,14.669000,4.243923,13.055264,0.497000,5.513000,0.913833,37.284000
1469224800.000000,16.476999,5.994538,14.914812,2.274000,4.569000,0.712866,36.862000
1469228400.000000,14.803000,4.328154,12.474359,1.173000,4.203000,0.907900,37.636002
1469232000.000000,14.535000,4.202769,12.591906,3.873000,3.564000,0.797933,36.651001
1469235600.000000,13.664000,4.814385,11.395453,2.097000,3.259000,0.840967,37.847000
1469239200.000000,12.860000,3.952000,9.843000,2.310000,2.924000,0.944000,37.917000
1469242800.000000,13.329000,4.153000,10.732000,2.061000,2.680000,0.883000,36.791000
1469246400.000000,12.659000,4.019000,9.523000,1.706000,2.650000,1.005000,35.174000
1469250000.000000,11.721000,3.282000,8.955000,1.883000,2.645482,0.975000,35.188364
1469253600.000000,11.320000,3.286340,8.777000,1.031000,2.772000,1.066000,36.721001
1469257200.000000,11.922000,4.019000,9.310000,2.381000,2.680000,1.127000,38.902000
1469260800.000000,10.114000,3.215000,7.071000,1.137000,3.015000,1.249000,41.223000
1469264400.000000,11.119000,3.550000,7.960000,1.492000,3.046000,1.523000,40.730999
1469268000.000000,11.186000,2.679000,7.818000,1.102000,3.807000,1.371000,39.957001
1469271600.000000,11.788000,2.880000,7.782000,0.995000,4.112000,1.279000,37.284000
1469275200.000000,11.855000,3.014000,16.942282,0.426000,3.868000,1.218000,45.837186
1469278800.000000,12.726000,3.017920,7.924000,0.888000,4.142000,1.097000,38.832001
1469282400.000000,12.458000,2.411000,7.853000,0.959000,4.234000,1.218000,40.027000
1469286000.000000,12.123000,2.210000,7.818000,0.782000,3.777000,1.127000,41.012001
1469289600.000000,11.119000,2.746000,7.356000,0.959000,3.716000,1.249000,41.223000
1469293200.000000,11.320000,3.215000,7.711000,1.066000,3.899000,1.279000,40.379002
1469296800.000000,11.253000,2.880000,7.214000,0.924000,3.929000,1.310000,38.832001
1469300400.000000,11.252404,2.344000,7.356000,0.817000,3.924609,1.066000,39.112999
1469304000.000000,13.597000,2.478000,9.914000,0.817866,3.746000,0.731000,38.832001
1469307600.000000,16.075001,3.483000,10.021000,0.675000,5.970000,1.340000,38.409000
1469311200.000000,16.410000,3.885000,11.229000,1.208000,5.026000,1.157000,38.269001
1469314800.000000,16.209000,3.952000,11.442000,1.635000,4.691000,1.127000,38.198002
1469318400.000000,17.080000,5.559000,10.234000,2.452000,6.671000,1.675000,38.269001
1469322000.000000,18.219000,4.890000,12.046000,2.132000,6.427000,1.677349,38.409000
1469325600.000000,18.620001,5.358000,11.940000,2.168000,5.818000,1.492000,37.636002
1469329200.000000,17.750000,5.359414,11.371000,2.701000,5.604000,1.614000,37.847000
1469332800.000000,15.070000,4.957000,10.234000,2.345000,5.513000,1.613724,37.636002
1469336400.000000,16.142000,4.756000,10.661000,1.812000,5.483000,1.706000,37.706001
1469340000.000000,15.137000,4.354000,9.701000,1.670000,5.361000,1.614000,38.339001
1469343600.000000,15.539000,4.957000,9.808000,2.274000,5.330000,1.736000,40.730999
1469347200.000000,11.119000,3.751000,8.031000,1.528000,3.168000,1.279000,42.418999
1469350800.000000,11.721000,4.086000,8.209000,1.599000,3.107000,1.310000,42.630001
1469354400.000000,12.257000,3.416000,8.671000,2.203000,3.868000,1.311197,40.520000
1469358000.000000,12.927000,3.417091,8.742000,1.492000,4.508000,1.340000,39.957001
1469361600.000000,12.793000,2.478000,8.671000,1.031000,4.203000,1.127000,38.127998
1469365200.000000,14.200000,3.751000,9.417000,1.492000,4.813000,1.279000,39.957001
1469368800.000000,13.195000,2.679000,8.706000,1.066000,4.660000,1.340000,41.575001
1469372400.000000,12.525000,3.617000,8.528000,0.995000,4.173000,1.249000,44.178001
1469376000.000000,12.257000,3.282000,8.280000,1.315000,4.051000,1.218000,44.459000
1469379600.000000,12.190000,3.215000,8.031000,1.244000,4.234000,1.340000,45.444000
1469383200.000000,11.788000,2.813000,7.604000,0.959000,4.173000,1.310000,45.091999
1469386800.000000,13.195000,3.416000,8.599000,1.492000,4.630000,1.401000,41.997002
1469390400.000000,16.945999,3.885000,10.732000,1.777000,6.275000,1.492000,40.520000
1469394000.000000,17.214001,3.349000,10.625000,0.746000,6.610000,1.584000,40.379002
1469397600.000000,18.219000,5.157000,12.793000,2.310000,5.483000,1.279000,39.745998
1472019520.989584,2.534693,5.023000,12.899000,-0.600557,5.087000,1.310000,40.098000
1469404800.000000,16.745001,4.555000,12.117000,2.559000,4.752000,1.279000,39.957001
1469408400.000000,16.275999,4.153000,11.798000,2.416000,4.112000,1.188000,40.730999
1469412000.000000,16.142000,5.090000,11.727000,2.487000,3.899000,1.157000,40.379002
1469415600.000000,15.137000,4.086000,11.122000,2.381000,3.472000,1.249000,39.745998
1469419200.000000,13.195000,2.947000,9.737000,1.244000,2.985000,1.036000,38.761002
1469422800.000000,12.659000,3.282000,9.204000,1.528000,2.863000,1.005000,39.112999
1469426400.000000,12.592000,3.081000,8.635000,0.817000,3.076000,1.218000,39.605000
1469430000.000000,5.023000,1.741000,1.457000,0.320000,3.137000,1.340000,41.153000
1469433600.000000,3.215000,1.340000,0.107000,-0.071000,3.046000,1.310000,43.263000
1469437200.000000,3.550000,1.474000,0.107158,0.000000,3.442000,1.371000,42.841000
1469440800.000000,4.019000,1.273000,0.142000,-0.000000,3.838000,1.218000,42.138000
1469444400.000000,5.961000,-0.402000,2.559000,-2.025000,4.325000,1.127000,39.887001
1469448000.000000,13.932000,1.674000,8.919000,0.320000,4.386000,1.157000,40.872002
1469451600.000000,14.736000,0.737000,9.594000,-1.528000,4.965000,1.249000,41.645000
1469455200.000000,13.664000,0.067000,9.097000,-1.741000,4.660000,1.218000,41.655248
1469458800.000000,13.865000,0.134000,9.061000,-1.954000,4.417000,1.097000,43.896999
1469462400.000000,12.860000,0.268000,8.599000,-1.528000,4.234000,1.249000,43.615002
1469466000.000000,12.458000,0.134000,8.493000,-1.635000,4.051000,1.188000,45.654999
1469469600.000000,12.123000,0.000000,8.138000,-1.812000,4.112000,1.249000,43.685001
1469473200.000000,13.262000,0.335000,8.635000,-1.635000,4.660000,1.401000,41.363998
1469476800.000000,17.615999,1.139000,11.158000,-1.244000,6.549000,1.523000,40.590000
1469480400.000000,17.750000,0.804000,11.229000,-1.528000,6.488000,1.614000,40.660999
1469484000.000000,17.348000,1.474000,11.798000,-0.711000,5.635000,1.371000,39.254002
1469487600.000000,16.075001,1.541000,11.407000,-0.817000,2.118280,2.064816,25.675311
1469491200.000000,17.884001,2.277000,11.016000,-0.355000,6.731000,1.675000,39.535000
1469494800.000000,18.419001,2.612000,11.762000,-0.249000,6.488000,1.645000,39.042999
1469498400.000000,15.874000,1.741000,9.879000,-0.533000,6.183000,1.706000,39.254002
1469502000.000000,16.007999,1.808000,10.270000,-1.208000,5.787000,1.645000,38.409000
1469505600.000000,12.927000,0.804000,7.427000,-2.168000,5.452000,1.492000,39.112999
1469509200.000000,12.926270,0.938000,7.640000,-2.166416,5.269000,1.432000,37.284000
1469512800.000000,12.994000,1.273000,8.066000,-0.995000,5.117000,1.645000,38.269001
1469516400.000000,13.798000,1.608000,8.065033,-1.244000,5.117346,1.736000,40.520000
1469520000.000000,11.052000,0.603000,8.457000,-1.350000,2.863000,1.249000,40.942001
1469523600.000000,11.655000,0.670000,8.422000,-0.782000,2.859695,1.127000,39.112999
1469527200.000000,13.329000,0.871000,9.523000,-0.995000,3.503000,1.126802,39.957001
1469530800.000000,14.334000,0.938000,9.559000,-1.492000,4.082000,1.066000,38.902000
1469534400.000000,14.937000,0.670000,9.737000,-0.391000,4.538000,1.097000,39.324001
1469538000.000000,15.740000,0.737000,9.879000,-1.741000,5.208000,1.310000,40.027000
1469541600.000000,15.405000,0.536000,9.701000,-1.954000,5.026000,1.249000,40.730999
1469545200.000000,13.597000,0.670000,9.239000,-1.599000,4.477000,1.097000,42.490002
1469548800.000000,13.329000,0.603000,8.990000,-0.888000,4.295000,1.249000,44.741001
1469552400.000000,13.128000,1.474000,8.671000,-0.675000,4.447000,1.310000,45.021999
1469556000.000000,12.793000,1.072000,8.351000,-0.746000,4.386000,1.371000,42.841000
1469559600.000000,13.932000,1.273000,8.919000,-0.711000,5.026000,1.401000,41.785999
1469563200.000000,18.754000,2.612000,11.869000,0.036000,6.884000,1.492000,41.293999
1469566800.000000,16.812000,1.474000,10.803000,-0.853000,6.890413,1.523000,41.223000
1469570400.000000,17.482000,3.081000,11.691000,0.640000,5.726000,1.371000,40.872002
1469574000.000000,17.415001,3.282000,11.655000,0.639586,5.300000,1.279000,40.520000
1469577600.000000,16.677999,2.545000,11.666670,0.640000,4.843000,1.188000,39.675999
1469581200.000000,14.401000,2.679000,10.234000,0.533000,4.386000,1.127000,38.409000
1469584800.000000,14.468000,1.808000,10.237212,0.569000,4.051000,1.066000,38.620998
1469588400.000000,14.267000,2.210000,10.127000,0.355000,3.746000,1.097000,37.917000
1469592000.000000,14.066000,2.076000,10.234000,0.391000,3.350000,1.005000,40.308998
1469595600.000000,12.659000,2.277000,9.523000,0.320000,3.229000,0.975000,39.816002
1469599200.000000,13.195000,1.808000,9.559000,-0.284000,3.137000,1.097000,37.706001
1469602800.000000,11.655000,1.474000,7.853000,-0.178000,3.350000,1.371000,40.098000
1469606400.000000,12.123000,1.741000,8.031000,-0.604000,3.411000,1.340000,42.208000
1469610000.000000,12.659000,1.808000,8.315000,-0.355000,3.655000,1.340949,40.027000
1469613600.000000,14.937000,2.076000,9.808000,0.000000,4.356000,1.432000,39.465000
1469617200.000000,15.472000,1.541000,10.305000,-0.036000,4.995000,1.310000,38.691002
1469620800.000000,16.275999,2.009000,10.341000,-0.711000,5.208000,1.310493,38.198002
1469624400.000000,16.611000,1.942000,10.376000,-0.604000,5.635000,1.340000,38.761002
1469628000.000000,16.075001,1.941364,10.379681,-0.355000,5.208000,1.339597,39.254002
1469631600.000000,15.137000,1.875000,10.518000,-0.213000,4.752000,1.279000,41.363998
1469635200.000000,12.994000,1.407000,8.955000,-0.284000,4.112000,1.279350,42.981998
1469638800.000000,12.860000,1.139000,8.706000,-0.604000,4.173000,1.127000,44.669998
1469642400.000000,12.726000,0.938000,8.351000,-0.888000,4.295000,1.279000,41.575001
1469646000.000000,14.133000,1.206000,9.132000,-0.817000,5.148000,1.371000,39.816002
1469649600.000000,19.156000,2.344000,12.082000,-0.178000,7.097000,1.584000,40.027000
1469653200.000000,18.285999,1.608000,11.620000,-0.782000,6.671000,1.553000,39.745998
1469656800.000000,19.424000,2.277000,13.326000,0.355000,5.726000,1.279000,40.379002
1469660400.000000,19.290001,3.684000,14.711000,1.066000,5.148000,1.218000,39.605000
1469664000.000000,21.434000,3.818000,14.178000,0.497000,7.127000,1.706000,39.324001
1469667600.000000,19.558001,3.952000,13.077000,0.569000,6.731000,1.736000,40.308998
1469671200.000000,18.955000,3.684000,12.473000,1.031000,6.366000,1.614000,40.730999
1469674800.000000,16.812000,2.478000,10.874000,-0.036000,5.940000,1.675000,41.716000
1469678400.000000,17.281000,2.813000,11.584000,0.355000,5.696000,1.523000,39.394001
1469682000.000000,17.080000,3.416000,11.727000,0.604000,5.604000,1.645000,38.620998
1469685600.000000,14.669000,1.674000,8.955000,-1.066000,5.909000,1.858000,39.112999
1469689200.000000,14.937000,2.545000,8.848000,0.000000,5.604000,1.858151,41.433998
1469692800.000000,11.119000,1.541000,7.889000,-0.640000,3.290000,1.310000,41.926998
1469696400.000000,12.391000,1.608000,8.706000,-0.142000,3.625000,1.310043,38.198002
1469700000.000000,14.267000,2.277000,9.594000,-0.142113,4.173000,1.371000,38.057999
1469703600.000000,14.274694,1.875000,9.589823,-0.284000,4.752000,1.370798,38.339001
1469707200.000000,15.606000,0.804000,9.772000,-1.102000,5.117000,1.279000,38.761002
1469710800.000000,16.209000,2.076000,11.265000,-0.391000,5.726000,1.371000,40.379002
1469714400.000000,16.075001,1.808000,10.234000,-0.640000,5.452000,1.401000,39.957001
1469718000.000000,15.405000,1.674000,10.163000,-0.569000,5.087000,1.340000,43.123001
1469721600.000000,13.999000,1.474000,9.417000,-0.391000,4.630000,1.279000,44.599998
1469725200.000000,13.530000,1.407000,8.706000,-0.746000,4.782000,1.401000,44.952000
1469728800.000000,12.994000,1.340000,8.528000,-0.604000,4.508000,1.462000,43.334000
1469732400.000000,13.865000,2.746000,9.594000,0.533000,4.995000,1.461489,41.926998
1469736000.000000,18.955000,3.416000,11.762000,0.604000,7.097000,1.553000,40.730999
1469739600.000000,18.419001,2.612000,11.655000,0.249000,6.792000,1.432000,39.957001
1469743200.000000,17.482000,3.818000,11.549000,0.888000,6.031000,1.430827,39.324001
1469746800.000000,17.415001,3.416000,12.437000,1.564000,5.422000,1.310000,38.832001
1469750400.000000,17.214001,4.153000,12.579000,1.812000,5.056000,1.308328,39.675999
1469754000.000000,15.004000,3.148000,10.661000,0.853000,4.538000,1.188000,38.409000
1469757600.000000,15.338000,3.617000,10.909000,1.990000,4.082000,1.127000,40.590000
1469761200.000000,13.597000,3.081000,9.417000,1.457000,3.960000,1.249000,38.620998
1469764800.000000,12.927000,2.947000,9.406321,1.137000,3.472000,1.157000,38.127998
1469768400.000000,13.798000,2.344000,9.950000,0.320000,3.350000,1.097000,38.409000
1469772000.000000,11.320000,2.612000,7.924000,0.497000,3.411000,1.371000,38.761002
1469775600.000000,12.793000,3.215000,9.381000,1.457000,3.381000,1.340000,41.153000
1469779200.000000,11.320000,2.813000,7.747000,0.675000,3.472000,1.432000,42.771000
1469782800.000000,13.128000,3.416000,9.417000,1.244000,3.777000,1.340000,41.083000
1469786400.000000,14.535000,2.947000,9.488000,0.888000,4.386000,1.432000,41.645000
1469790000.000000,13.530000,2.950815,9.950000,1.137000,3.868000,0.975000,41.083000
1469793600.000000,15.807000,2.880000,10.199000,0.533000,5.300000,1.371000,40.027000
1469797200.000000,16.879000,2.478000,10.412000,0.853000,5.848000,1.523000,40.872002
1469800800.000000,15.606000,2.545000,10.305000,0.640000,5.604000,1.401000,43.685001
1469804400.000000,15.204000,2.478000,9.808000,0.675000,5.208000,1.371000,46.007000
1469808000.000000,14.602000,3.148000,9.523000,0.853000,5.117000,1.553000,44.599998
1469811600.000000,13.999000,3.081000,9.168000,0.817000,4.873000,1.492000,44.108002
1469815200.000000,13.061000,2.210000,8.493000,0.320000,4.569000,1.371000,40.167999
1469818800.000000,13.999000,2.411000,9.026000,0.213000,5.056000,1.340000,37.847000
1469822400.000000,19.156000,1.674000,11.833000,-1.102000,7.341000,1.645000,39.745998
1469826000.000000,19.089001,1.139000,11.940000,-1.528000,7.219000,1.644080,39.324001
1469829600.000000,20.295000,2.947000,14.498000,0.178000,6.610000,1.553000,39.887001
1469833200.000000,19.357000,2.813000,13.752000,-0.071000,5.970000,1.492000,40.450001
1469836800.000000,21.568001,3.684000,13.753987,0.213000,7.889000,1.980000,40.872002
1469840400.000000,21.032000,3.677349,13.752000,0.426000,7.402000,1.797000,41.012001
1469844000.000000,19.558001,2.545000,12.828000,-0.036000,6.975000,1.888000,40.520000
1469847600.000000,19.021999,2.076000,11.904000,0.142000,6.396000,1.706000,40.590000
1469851200.000000,17.615999,3.014000,11.407000,-0.320000,6.214000,1.767000,39.182999
1469854800.000000,17.013000,2.545000,11.122000,-0.391000,6.061000,1.828000,39.605000
1469858400.000000,16.410000,2.344000,10.412000,-0.249000,5.940000,1.825842,39.182999
1469862000.000000,16.476999,4.421000,10.483000,1.102000,5.879000,1.980000,41.363998
1469865600.000000,14.602000,4.086000,10.270000,0.888000,3.807000,1.553000,44.319000
1469869200.000000,13.262000,2.746000,9.168000,0.426000,4.295000,1.553332,44.389000
1469872800.000000,15.338000,3.617000,10.625000,1.279000,4.569000,1.432000,43.826000
1469876400.000000,16.343000,3.550000,10.661000,0.782000,5.300000,1.584000,45.233002
1469880000.000000,17.281000,3.282000,10.945000,0.817000,5.665000,1.401000,44.036999
1469883600.000000,17.750000,2.746000,11.300000,0.782000,6.153000,1.492000,43.685001
1469887200.000000,17.214001,3.550000,11.371000,0.640000,5.940000,1.490221,44.529999
1469890800.000000,16.476999,2.679000,10.270000,0.391000,5.483000,1.462000,44.881001
1469894400.000000,15.004000,2.880000,9.985000,0.746000,5.026000,1.401000,44.389000
1469898000.000000,14.401000,2.344000,9.239000,0.426000,4.995000,1.432000,43.123001
1469901600.000000,13.865000,2.210000,8.955000,0.284000,4.989220,1.371000,40.800999
1469905200.000000,11.119000,2.009000,9.132000,0.426000,1.888000,0.731000,37.917000
1469908800.000000,17.348000,1.072000,12.899000,-0.675000,4.234000,0.975000,35.596001
1469912400.000000,17.549000,0.201000,12.970000,-1.812000,4.538000,1.066000,39.324001
1469916000.000000,19.290001,3.282000,15.706000,0.604000,3.960000,0.944000,38.198002
1469919600.000000,20.965000,3.684000,16.417000,1.244000,5.300000,1.310000,37.917000
1469923200.000000,21.367001,3.617000,16.346001,0.533000,4.660000,1.249000,38.269001
1469926800.000000,21.354672,3.617126,16.341385,0.533028,4.673056,1.246675,38.254411
1469930400.000000,21.367001,3.617000,16.346001,0.533000,4.660000,1.249000,38.269001
1469934000.000000,21.345110,3.608792,16.384435,0.532881,4.665322,1.249139,38.315034
1469937600.000000,21.367001,3.617000,16.346001,0.533000,4.660000,1.249000,38.269001
1469941200.000000,21.378267,3.620615,16.329578,0.533443,4.658533,1.248404,38.208254
1469944800.000000,21.367001,3.617000,16.346001,0.533000,4.660000,1.249000,38.269001
1469948400.000000,21.362882,3.616603,16.359500,0.532117,4.656941,1.249731,38.247670
1469952000.000000,21.367001,3.617000,16.346001,0.533000,4.660000,1.249000,38.269001
1469955600.000000,21.352316,3.619053,16.332608,0.533225,4.659041,1.250149,38.251289
1469959200.000000,21.367001,3.617000,16.346001,0.533000,4.660000,1.249000,38.269001
1469962800.000000,21.332106,3.617151,16.339135,0.533208,4.657367,1.250302,38.278392
1469966400.000000,21.367001,3.617000,16.346001,0.533000,4.660000,1.249000,38.269001
1469970000.000000,21.361480,3.618294,16.355035,0.532579,4.652044,1.248330,38.305098
1469973600.000000,21.367001,3.617000,16.346001,0.533000,4.660000,1.249000,38.269001
1469977200.000000,21.334646,3.610172,16.364937,0.532532,4.654440,1.250411,38.286765
1469980800.000000,21.367001,3.617000,16.346001,0.533000,4.660000,1.249000,38.269001
1469984400.000000,21.402508,3.611165,16.324565,0.532753,4.660193,1.250558,38.269633
1469988000.000000,21.367001,3.617000,16.346001,0.533000,4.660000,1.249000,38.269001
1469991600.000000,21.367471,3.612395,16.350080,0.533240,4.666334,1.249030,38.356447
1469995200.000000,21.367001,3.617000,16.346001,0.533000,4.660000,1.249000,38.269001
1469998800.000000,21.362967,3.616196,16.351590,0.532910,4.658817,1.247099,38.308718
1470002400.000000,21.367001,3.617000,16.346001,0.533000,4.660000,1.249000,38.269001
1470006000.000000,21.357302,3.619351,16.312751,0.533989,4.660648,1.247621,38.283278
1470009600.000000,20.496000,3.818000,15.920000,1.279000,4.660000,1.157000,36.229000
1470013200.000000,19.691999,3.952000,15.458000,1.457000,4.264000,1.066000,35.806999
1470016800.000000,18.084999,2.545000,13.681000,0.284000,3.899000,1.066454,35.780207
1470020400.000000,18.219000,2.813000,14.711000,0.746000,3.777000,1.218000,35.666000
1470024000.000000,15.807000,1.541000,12.544000,0.284000,3.198000,1.066000,34.188999
1470027600.000000,16.075001,2.478000,13.717000,0.426000,3.076000,0.975000,33.837002
1470031200.000000,18.018000,3.215000,14.178000,0.817000,3.259000,1.249000,33.834510
1470034800.000000,15.941000,5.157000,12.722000,2.665000,3.107000,1.246542,34.750999
1470038400.000000,14.535000,3.751000,10.661000,1.173000,3.472000,1.401000,35.455002
1470042000.000000,11.989000,2.143000,8.102000,0.497000,3.198000,1.218000,34.611000
1470045600.000000,13.128000,2.813000,8.599000,0.711000,3.746000,1.310000,34.750999
1470049200.000000,13.396000,2.746000,8.848000,0.320000,4.386000,1.249000,35.174000
1470052800.000000,14.736000,2.344000,9.275000,0.462000,4.630000,1.310000,34.821999
1470056400.000000,15.606000,2.813000,10.056000,0.604000,5.208000,1.279000,36.299000
1470060000.000000,15.070000,3.215000,9.594000,0.569000,4.782000,1.311600,36.931999
1470063600.000000,13.731000,2.143000,9.488000,0.249000,4.386000,1.374200,38.127998
1470067200.000000,12.726000,2.277000,8.493000,0.391000,4.234000,1.436800,40.027000
1470070800.000000,12.659000,2.411000,8.599000,0.604000,4.051000,1.560400,39.112999
1470074400.000000,10.717000,1.474000,6.610000,-0.178000,4.048817,1.592000,38.409000
1470078000.000000,11.989000,1.674000,7.853000,0.000000,4.173000,1.654600,37.564999
1470081600.000000,18.018000,1.273000,11.727000,-1.244000,6.396000,1.462000,37.143002
1470085200.000000,19.290001,1.541000,13.468000,-1.031000,6.457000,1.462152,35.313999
1470088800.000000,18.552999,1.674000,13.112000,-0.426000,5.544000,1.371000,35.525002
1470092400.000000,19.959999,3.885000,14.996000,1.102000,5.361000,1.432000,36.158001
1470096000.000000,22.304001,3.215000,15.138000,0.355000,7.219000,1.980000,35.666000
1470099600.000000,20.830999,3.684000,14.356000,0.711000,6.671000,1.706000,35.455002
1470103200.000000,21.299999,3.885000,14.569000,0.817000,6.396000,1.645000,35.946999
1470106800.000000,19.290001,4.957000,13.361000,1.990000,6.214000,1.767000,36.088001
1470110400.000000,19.089001,5.023000,13.468000,2.381000,5.726000,1.614000,35.596001
1470114000.000000,18.419001,5.157000,12.970000,2.132000,5.665000,1.736000,34.962002
1470117600.000000,16.611000,4.354000,11.051000,1.279000,5.726000,1.767000,34.188999
1470121200.000000,16.075001,4.555000,11.229000,2.274000,4.904000,1.706000,34.891998
1470124800.000000,13.262000,4.220000,10.199000,2.203000,3.290000,1.553000,36.088001
1470128400.000000,12.659000,2.411000,9.168000,0.426000,3.442000,1.371000,36.509998
1470132000.000000,13.463000,3.215000,9.381000,0.959000,4.386000,1.523000,37.214001
1470135600.000000,14.267000,2.411000,9.488000,0.320000,4.782000,1.432000,38.972000
1470139200.000000,14.803000,2.413013,9.843000,0.533000,4.873000,1.310000,38.902000
1470142800.000000,14.468000,2.210000,9.858470,0.604000,4.752000,1.309626,39.535000
1470146400.000000,12.056000,1.474000,7.995000,-0.213000,4.173000,1.340000,38.972000
1470150000.000000,11.186000,2.545000,7.391000,0.284000,3.716000,1.371000,36.651001
1470153600.000000,10.449000,1.875000,6.894000,0.178000,3.807000,1.310000,36.439999
1470157200.000000,10.985000,2.210000,6.884396,0.355000,3.564000,1.249000,32.710999
1470160800.000000,8.640000,1.541000,5.686000,0.036000,2.985000,1.157000,33.556000
1470164400.000000,9.511000,0.804000,6.361000,-0.320000,3.168000,0.883000,34.821999
1470168000.000000,12.994000,1.541000,8.564000,0.000000,4.569000,1.036000,35.384998
1470171600.000000,11.588000,0.737000,7.356000,-0.782000,4.142000,1.127000,32.710999
1470175200.000000,12.659000,2.009000,8.635000,0.462000,3.625000,1.036000,34.750999
1470178800.000000,15.004000,3.014000,11.584000,1.173000,3.320000,1.005000,33.344002
1470182400.000000,14.669000,3.550000,11.975000,1.599000,2.924000,0.944000,31.093000
1470186000.000000,13.798000,3.148000,10.696000,1.421000,2.741000,0.975000,31.304001
1470189600.000000,9.578000,1.206000,7.285000,0.355000,2.315000,0.973227,33.556000
1470193200.000000,9.377000,0.938000,7.178000,0.000000,2.132000,0.731000,32.360001
1470196800.000000,9.578000,1.340000,7.569000,0.142000,2.130183,0.822000,31.023001
1470200400.000000,8.372000,0.268000,6.290000,-0.959000,2.224000,0.761000,32.500000
1470204000.000000,9.913000,0.670000,7.143000,-0.569000,2.650000,0.822000,32.640999
1470207600.000000,9.779000,1.808000,7.427000,0.249000,2.315000,0.822588,31.797001
1470211200.000000,6.631000,0.536000,4.051000,-1.137000,2.437000,1.036000,30.389999
1470214800.000000,6.966000,1.206000,4.655000,-0.142000,2.772000,1.097000,30.459999
1470218400.000000,4.622000,-0.402000,1.954000,-2.097000,2.680000,1.005000,28.490999
1470222000.000000,3.014000,1.005000,0.000000,0.000000,2.955000,0.914000,28.983000
1470225600.000000,2.277000,1.003627,-0.000000,-0.000000,2.376000,0.915251,30.882000
1470229200.000000,2.411000,3.700308,0.000000,0.000000,2.467000,0.853000,32.500000
1470232800.000000,2.545000,3.708672,0.000000,0.000000,2.498000,0.883000,31.938000
1470236400.000000,2.277000,3.700308,0.000000,-0.071000,2.437000,0.944000,31.869124
1470240000.000000,5.358000,5.106308,2.949000,1.350000,2.376000,0.853000,32.570999
1470243600.000000,8.640000,6.513308,5.650000,2.381000,3.046000,1.097000,34.328999
1470247200.000000,8.439000,7.049308,5.366000,2.559000,2.955000,0.883000,33.063000
1470250800.000000,8.172000,6.111308,5.543000,2.381000,2.619000,0.731000,33.132999
1470254400.000000,10.650000,6.714308,7.249000,2.701000,3.411000,0.761000,32.360001
1470258000.000000,9.243000,5.910308,6.574000,1.954000,2.955000,0.760697,30.531000
1470261600.000000,8.707000,6.848308,6.183000,2.701000,2.376000,0.731000,31.445000
1470265200.000000,8.573000,7.719307,7.107000,3.802000,2.467000,0.853000,31.421904
1470268800.000000,9.444000,7.384308,6.929000,2.736000,1.919000,0.701000,31.867001
1470272400.000000,9.042000,4.689000,7.036000,3.056000,2.115530,0.761000,32.289001
1470276000.000000,8.439000,3.751000,6.361000,3.411000,1.919564,0.822000,32.077999
1470279600.000000,8.239000,4.354000,6.290000,3.020000,1.782043,0.853000,32.360001
1470283200.000000,7.904000,3.952000,5.366000,2.310000,1.727216,1.005000,32.077999
1470286800.000000,8.306000,4.019000,5.757000,2.309548,2.350710,0.853000,30.952999
1470290400.000000,8.774000,4.287000,6.645000,2.594000,2.785176,0.852324,31.938000
1470294000.000000,8.640000,4.689000,5.721000,3.482000,2.729971,1.005000,32.148998
1470297600.000000,8.707000,4.823000,6.041000,3.589000,2.234408,0.944000,32.077999
1470301200.000000,9.109000,4.220000,6.254000,2.772000,2.209890,0.914000,34.188999
1470304800.000000,10.851000,4.622000,7.960000,3.198000,2.813093,0.883000,35.736000
1470308400.000000,8.908000,4.220000,5.615000,2.061000,3.759478,1.127000,35.033001
1470312000.000000,8.239000,3.483000,5.650000,2.239000,3.001170,1.005000,33.837002
1470315600.000000,8.105000,3.751000,5.899000,2.310000,2.315000,0.822000,30.671000
1470319200.000000,7.435000,3.282000,5.579000,2.487000,2.254000,0.883000,31.233999
1470322800.000000,8.105000,3.952000,5.721000,2.594000,2.406000,0.914000,32.570999
1470326400.000000,7.636000,3.952568,5.046000,2.736000,2.315000,0.944000,34.750999
1470330000.000000,8.306000,3.952000,5.721000,2.665000,2.559000,0.914000,35.596001
1470333600.000000,8.239000,3.885000,5.472000,2.559000,2.863000,1.127000,36.299000
1470337200.000000,8.105000,3.684000,5.224000,2.381000,2.772000,1.005000,35.596001
1470340800.000000,10.918000,3.686942,7.462000,2.345000,3.564000,0.883000,33.063000
1470344400.000000,9.980000,3.952000,6.538000,2.344603,3.350000,1.005000,32.640999
1470348000.000000,10.784000,4.086000,8.138000,2.949000,2.833000,0.975000,33.273998
1470359372.689803,12.525000,6.095000,10.838000,4.300000,2.340331,0.944000,32.430000
1470024744.299333,13.798000,6.028000,11.869000,4.691000,2.296038,0.822000,32.852001
1470069294.023308,11.655000,5.492000,9.630000,3.767000,2.294106,0.823000,33.695999
1470766809.517858,13.865000,6.095000,11.016000,4.904000,1.985690,0.853000,33.132999
1470412345.616865,11.454000,5.626000,9.843000,3.980000,2.301848,0.851449,33.766998
1470058982.848869,13.396000,6.028000,10.874000,4.300000,2.131746,0.853000,34.188999
1469938284.490915,12.123000,5.626000,9.737000,3.980000,1.962590,0.852187,33.485001
1469909513.374261,14.267000,6.028000,12.117000,4.442000,2.490907,0.761000,33.695999
1470380400.000000,13.463000,6.966000,11.194000,4.833000,2.619000,1.157000,35.876999
1470384000.000000,10.851000,5.894000,8.209000,4.264000,2.650000,1.340000,35.666000
1470387600.000000,9.980000,5.157000,7.249000,3.376000,2.955000,1.523000,34.118000
1470391200.000000,11.119000,4.756000,7.427000,3.198000,3.320000,1.401000,34.048000
1470394800.000000,10.985000,5.224000,7.214000,3.411000,3.442000,1.371000,35.243999
1470398400.000000,8.239000,3.818000,5.792000,2.630000,2.772000,1.036000,35.596001
1470402000.000000,9.042000,4.488000,6.325000,2.274000,2.863000,1.005000,34.118000
1470405600.000000,8.908000,4.555000,6.254000,2.843000,2.437000,1.036000,33.556000
1470409200.000000,9.042000,3.818000,6.005000,2.203000,2.315000,1.066000,35.384998
1470412800.000000,8.439000,4.019000,5.792000,2.630000,2.589000,1.097000,36.866777
1470416400.000000,9.243000,4.086000,6.041000,2.843000,3.046000,1.279000,33.189267
1470420000.000000,8.239000,3.751000,5.437000,2.772000,2.802000,1.249000,32.555797
1470423600.000000,8.038000,3.416000,5.401000,2.239000,2.589000,0.853000,34.020985
1470427200.000000,10.516000,3.550000,7.214000,2.381000,3.229000,0.792000,34.294134
1470430800.000000,9.377000,3.617000,6.432000,2.452000,2.924000,0.822000,36.255051
1470434400.000000,11.253000,5.157000,8.386000,3.660000,2.711000,0.914000,30.399524
1470438000.000000,12.525000,5.559000,9.594000,3.411000,2.437000,1.157000,28.806574
1470441600.000000,14.602000,5.760000,9.310000,3.589000,4.873000,1.492000,32.262094
1470445200.000000,13.463000,6.363000,9.594000,3.909000,4.477000,1.432000,33.508248
1470448800.000000,13.396000,5.961000,9.879000,4.193000,4.203000,1.371000,28.742918
1470452400.000000,13.061000,5.894000,9.026000,3.838000,4.234000,1.340000,33.837002
1470456000.000000,13.128000,6.296000,8.990000,3.447000,4.232406,1.492000,33.907001
1470459600.000000,13.932000,6.294355,9.417000,3.411000,4.508000,1.401000,33.625999
1470463200.000000,13.798000,6.229000,9.239000,3.234000,4.873000,0.901800,42.245315
1470466800.000000,12.525000,6.028000,7.462000,3.198000,4.660000,1.114800,42.949314
1470470400.000000,9.243000,5.492000,6.752000,3.234000,2.467000,0.597800,46.536315
1470474000.000000,9.712000,5.358000,7.320000,3.305000,2.469874,0.627800,47.099315
1470477600.000000,11.387000,4.756000,7.676000,3.234000,3.015000,0.628820,47.381313
1470481200.000000,11.588000,4.823000,7.569000,3.056000,3.290000,0.597800,48.084316
1470484800.000000,10.047000,4.488000,6.823000,3.056112,2.924000,0.596896,46.396316
1470488400.000000,10.114000,4.622000,7.604000,2.701000,3.168000,0.682866,45.375210
1470492000.000000,9.913000,4.086000,7.462000,2.665000,2.894000,0.816900,44.618156
1470495600.000000,9.645000,4.555000,7.071000,2.985000,3.168000,1.010933,41.470104
1470499200.000000,9.779000,4.689000,6.681000,3.020000,3.229000,1.083967,40.362053
1470502800.000000,10.047000,4.555000,6.752000,2.772000,3.290000,1.218000,38.480000
1470506400.000000,9.645000,4.421000,6.503000,2.807000,3.107000,1.127000,37.636002
1470510000.000000,9.913000,3.885000,6.538000,2.381000,3.290000,1.125784,36.862000
1470513600.000000,13.865000,4.555000,9.239000,2.665000,4.691000,1.066000,35.033001
1470517200.000000,12.324000,4.287000,8.280000,2.345000,4.051000,1.097000,34.611000
1470520800.000000,12.257000,4.957000,8.884000,3.056000,3.381000,1.005000,34.188999
1470524400.000000,12.056000,5.358000,9.026000,3.696000,3.168000,1.066000,33.837002
1470528000.000000,11.989000,5.559000,9.346000,3.625000,2.772000,0.944000,33.695999
1470531600.000000,11.387000,5.358000,9.204000,3.623291,2.498000,0.853000,34.470001
1470535200.000000,10.851000,5.492000,9.026000,3.944000,2.224000,0.854028,34.188999
1470538800.000000,9.243000,5.090000,7.143000,3.340000,2.163000,0.822000,34.470001
1470542400.000000,9.645000,4.890000,7.071000,3.376000,2.102000,1.157000,33.132999
1470546000.000000,9.176000,4.287000,7.036000,3.305000,2.345000,0.822000,33.415001
1470549600.000000,10.449000,5.224000,8.706000,3.625000,2.254000,0.670000,32.993000
1470553200.000000,10.985000,5.626000,8.671000,3.980000,2.284000,0.853000,33.132999
1470556800.000000,8.306000,5.358000,6.610000,4.087000,2.224000,0.914000,34.048000
1470560400.000000,9.913000,4.756000,7.143000,3.482000,2.894000,1.188000,35.243999
1470564000.000000,11.052000,5.023000,7.711000,3.092000,3.137000,1.127000,34.048000
1470567600.000000,11.454000,5.492000,7.818000,3.020000,3.686000,1.097000,34.258999
1470571200.000000,11.052000,4.153000,7.107000,2.949000,3.503000,1.157000,35.313999
1470574800.000000,11.989000,5.023000,7.889000,3.447000,3.838000,1.066000,34.821999
1470578400.000000,11.721000,5.090000,8.173000,3.163000,3.777000,1.218000,35.876999
1470582000.000000,11.922000,5.492000,8.244000,3.305000,3.533000,1.217315,36.509998
1470585600.000000,10.650000,4.756000,6.823000,3.198000,3.381000,1.157000,36.862000
1470589200.000000,10.918000,4.622000,7.178000,3.092000,3.899000,1.249000,37.214001
1470592800.000000,9.980000,4.488000,6.503000,2.807000,3.716000,1.066000,36.368999
1470596400.000000,10.784000,4.086000,7.071000,2.559000,3.720372,1.036000,36.721001
1470600000.000000,15.405000,5.224000,10.127000,3.340000,5.391000,1.310000,34.188999
1470603600.000000,14.267000,5.090000,9.275000,3.411000,4.904000,1.188000,34.891998
1470607200.000000,13.195000,5.693000,9.168000,3.625000,4.142000,1.157000,34.188999
1470610800.000000,14.870000,6.229000,11.336000,4.229000,3.564000,1.036000,34.118000
1470614400.000000,15.472000,4.823000,12.046000,3.305000,3.198000,1.005000,33.556000
1470618000.000000,14.401000,6.631000,11.727000,4.691000,2.985000,1.036000,33.695999
1470621600.000000,12.659000,6.162000,10.483000,4.158000,2.741000,1.005000,33.485001
1470625200.000000,12.592000,5.961000,9.914000,4.051000,2.528000,0.944000,33.273998
1470628800.000000,12.726000,6.229000,10.056000,4.122000,2.498000,0.914000,33.132999
1470632400.000000,13.396000,5.559000,10.589000,4.726000,2.496091,0.853000,32.640999
1470636000.000000,13.262000,5.894000,10.483000,4.513000,2.711000,1.036000,31.938000
1470639600.000000,11.655000,5.827000,9.204000,4.087000,2.985000,1.249000,33.415001
1470643200.000000,10.248000,5.224000,7.143000,3.234000,2.680000,1.127000,33.203999
1470646800.000000,9.645000,4.622000,6.503000,3.020000,2.863000,1.157000,32.993000
1470650400.000000,11.922000,5.626000,7.747000,3.305000,3.503000,1.310000,34.048000
1470654000.000000,12.123000,5.559000,8.173000,3.589000,3.655000,1.218000,34.540001
1470657600.000000,11.454000,4.555000,8.138000,2.878000,3.503000,1.216719,33.766998
1470661200.000000,12.190000,4.354000,7.853000,2.701000,3.625000,1.066000,33.978001
1470664800.000000,11.788000,5.492000,8.280000,3.411000,3.503000,1.218000,35.313999
1470668400.000000,12.056000,5.626000,8.386000,3.482000,3.655000,1.157000,35.806999
1470672000.000000,11.320000,5.492000,7.747000,3.802000,3.686000,1.218000,38.198002
1470675600.000000,11.186000,5.358000,7.498000,3.340000,3.655000,1.310000,36.439999
1470679200.000000,10.315000,4.756000,6.716000,2.985000,3.625000,1.309419,36.862000
1470682800.000000,11.454000,4.622000,7.604000,2.914000,3.838000,1.127000,36.509998
1470686400.000000,16.677999,3.952000,10.803000,1.599000,5.726000,1.553000,35.596001
1470690000.000000,17.013000,5.626000,11.762000,3.198000,5.300000,1.310000,35.103001
1470693600.000000,18.219000,5.559000,13.717000,3.127000,4.569000,1.249000,34.891998
1470697200.000000,17.816999,5.090000,13.361000,2.985000,4.082000,1.218000,34.258999
1470700800.000000,20.629999,6.296000,14.285000,3.305000,6.183000,1.736000,33.132999
1470704400.000000,19.558001,5.760000,13.503000,3.020000,5.665000,1.675000,33.837002
1470708000.000000,19.223000,5.827000,13.574000,3.016586,5.300000,1.614000,33.556000
1470711600.000000,17.951000,8.239000,12.437000,4.762000,5.288651,1.614156,33.415001
1470715200.000000,17.816999,7.435000,12.260000,4.833000,5.026000,1.614000,32.710999
1470718800.000000,18.018000,8.038000,12.402000,4.655000,4.934000,1.523000,32.219002
1470722400.000000,18.888000,6.363000,12.864000,3.553000,5.513000,1.736000,33.063000
1470726000.000000,18.219000,6.430000,12.260000,3.127000,5.361000,1.828000,34.540001
1470729600.000000,13.463000,5.224000,10.661000,3.447000,3.198000,1.371000,33.344002
1470733200.000000,11.387000,5.220436,8.031000,3.376000,2.894000,1.340000,34.048000
1470736800.000000,12.525000,6.028000,8.671000,4.051000,3.472000,1.401000,33.485001
1470740400.000000,11.922000,5.827000,8.209000,2.985000,3.838000,1.340000,33.344002
1470744000.000000,12.123000,5.224000,8.031000,3.163000,3.716000,1.218000,33.132999
1470747600.000000,12.927000,4.957000,8.244000,3.092000,4.082000,1.279000,34.188999
1470751200.000000,12.123000,5.559000,8.351000,3.589000,4.051000,1.371000,35.596001
1470754800.000000,11.454000,5.561068,7.853000,3.056000,3.442000,1.279000,35.580932
1470758400.000000,11.253000,5.358000,7.569000,3.376000,3.533000,1.280246,36.580002
1470762000.000000,10.918000,5.157000,7.578187,3.373741,3.381000,1.340000,35.806999
1470765600.000000,10.114000,4.555000,7.597982,2.878000,3.472000,1.249000,36.229000
1470769200.000000,10.315000,4.354000,7.555390,2.772000,3.533000,1.127000,34.891998
1470772800.000000,14.066000,4.555000,7.487626,2.701000,5.056000,1.218000,31.514999
1470776400.000000,14.133000,5.023000,7.427781,3.411000,4.477000,1.097000,32.148998
1470780000.000000,15.874000,6.095000,7.372014,4.371000,3.929000,1.066000,32.077999
1470783600.000000,15.338000,6.092448,7.313531,3.909000,3.655000,1.097000,32.148998
1470787200.000000,17.884001,7.703000,7.251640,4.904000,3.290000,1.066000,31.233999
1470790800.000000,16.544001,6.497000,7.187918,4.762000,2.833000,0.914000,31.375000
1470794400.000000,16.410000,6.564000,7.122826,5.259000,2.711000,0.944000,31.445000
1470798000.000000,14.803000,7.033000,7.056209,4.975000,2.619000,1.005000,31.304001
1470801600.000000,14.669000,6.832000,6.988154,4.655000,2.559000,0.975000,30.320000
1470805200.000000,14.937000,6.430000,12.579000,4.833000,2.802000,1.005000,31.375000
1470808800.000000,16.945999,6.497000,13.006000,4.939000,3.015000,1.066000,30.952999
1470812400.000000,15.539000,7.636000,12.935000,5.330000,2.924000,1.249000,31.023001
1470816000.000000,14.200000,7.100000,10.661000,4.797000,3.320000,1.340000,32.500000
1470819600.000000,11.655000,3.684000,8.244000,1.706000,3.564000,1.462000,32.360001
1470823200.000000,11.721000,5.023000,7.995000,3.269000,4.021000,2.469389,32.922001
1470826800.000000,12.659000,5.224000,8.066000,3.127000,4.142000,1.462000,33.344002
1470830400.000000,11.721000,4.555000,7.889000,2.914000,4.082000,1.432000,33.386532
1470834000.000000,13.396000,5.358000,8.209000,2.843000,4.325000,1.371000,33.837002
1470837600.000000,13.061000,5.693000,8.564000,3.873000,4.142000,1.310000,34.750999
1470841200.000000,12.257000,4.957000,8.280000,3.127000,3.868000,1.279000,35.596001
1470844800.000000,11.922000,5.626000,7.853000,3.553000,3.865981,1.523000,35.103001
1470848400.000000,11.588000,5.492000,7.711000,3.802000,3.990000,1.553000,33.556000
1470852000.000000,10.784000,4.890000,6.894000,2.878000,3.992611,1.432000,32.430000
1470855600.000000,11.855000,4.488000,7.747000,2.701000,4.203000,1.218000,31.726000
1470859200.000000,17.013000,3.818000,10.909000,1.564000,6.122000,1.340000,31.164000
1470862800.000000,15.807000,4.287000,10.376000,1.812000,5.544000,1.310000,30.389999
1470866400.000000,15.338000,4.354000,10.767000,2.168000,4.599000,1.097000,30.108999
1470870000.000000,15.204000,4.957000,10.021000,2.239000,4.595253,1.340000,29.686001
1470873600.000000,16.544001,7.234000,10.163000,4.300000,6.518000,1.797000,29.334999
1470877200.000000,14.669000,6.363000,8.990000,4.158000,6.031000,1.645000,29.405001
1470880800.000000,14.870000,6.564000,8.386000,4.371000,5.818000,1.706000,29.615999
1470884400.000000,14.937000,6.404062,8.955000,4.136381,5.665000,1.797000,29.124001
1470888000.000000,14.468000,5.962188,8.351000,3.871603,5.513000,1.767000,28.771999
1470891600.000000,13.061000,5.925590,7.853000,3.717804,5.422000,1.584000,28.490999
1470895200.000000,14.602000,5.858110,8.813000,3.594742,5.483000,1.736000,28.350000
1470898800.000000,10.047000,5.722857,6.894000,3.467104,3.168000,1.432000,29.334999
1470902400.000000,11.253000,5.532503,7.782000,3.323681,3.290000,1.492000,29.475000
1470906000.000000,11.387000,5.399873,8.031000,3.182127,3.533000,1.432000,30.179001
1470909600.000000,12.726000,5.275203,8.635000,3.059435,3.990000,1.462000,31.375000
1470913200.000000,13.865000,5.145715,8.884000,2.958052,4.538000,1.401000,31.445000
1470916800.000000,13.731000,5.022516,8.848000,2.876344,4.534568,1.340000,31.375000
1470920400.000000,14.736000,5.693000,9.310000,2.878000,5.208000,1.462000,32.148998
1470924000.000000,14.535000,6.095000,9.097000,3.269000,4.752000,1.401000,32.993000
1470927600.000000,13.262000,5.425000,9.061000,3.198000,4.508000,1.432000,34.400002
1470931200.000000,12.458000,5.492000,8.386000,3.767000,4.173000,1.279000,35.384998
1470934800.000000,11.454000,5.023000,7.285000,3.020000,4.264000,1.462000,35.313999
1470938400.000000,6.631000,2.210000,2.487000,0.675000,4.112000,1.371000,33.485001
1470942000.000000,10.248000,3.617000,6.183000,2.061000,4.114842,1.097000,32.077999
1470945600.000000,17.482000,4.086000,11.300000,2.060965,6.061000,1.432000,30.742001
1470949200.000000,17.146999,4.488000,11.051000,2.097000,5.757000,1.340000,30.249001
1470952800.000000,17.951000,5.626000,13.041000,2.985000,5.178000,1.341139,30.601000
1470956400.000000,17.482000,6.162000,12.970000,3.980000,4.691000,1.432000,30.179001
1470960000.000000,18.152000,5.358000,13.823000,3.482000,4.203000,1.279000,30.531000
1470963600.000000,16.945999,6.028000,13.183000,3.234000,3.929000,1.218000,30.038000
1470967200.000000,16.611000,5.760000,13.326000,3.269000,3.503000,1.097000,29.615999
1470970800.000000,15.405000,6.832000,12.366000,4.797000,2.955000,1.066000,28.983000
1470974400.000000,14.736000,7.100000,11.904000,4.939000,2.985000,1.066770,28.771999
1470978000.000000,13.664000,5.961000,10.447000,3.909000,2.772000,0.944000,28.278999
1470981600.000000,12.994000,5.894000,10.341000,3.908737,2.770394,1.005000,27.857000
1470985200.000000,13.061000,6.229000,10.127000,4.193000,2.955000,1.218000,29.827000
1470988800.000000,12.927000,6.698000,9.488000,3.909000,3.198000,1.492000,29.896999
1470992400.000000,11.721000,5.693000,8.066000,5.117000,3.442000,1.584000,30.531000
1470996000.000000,13.597000,6.028000,8.990000,3.767000,3.929000,1.553000,30.521835
1470999600.000000,13.664000,6.296000,9.097000,3.376000,4.264000,1.371000,31.023001
1471003200.000000,13.530000,5.358000,9.132000,3.092000,4.447000,1.369591,31.008357
1471006800.000000,14.602000,5.559000,9.772000,3.447000,4.813000,1.310000,31.797001
1471010400.000000,14.200000,5.626000,9.132000,3.020000,4.477000,1.340000,33.837002
1471014000.000000,13.999000,4.957000,8.990000,3.163000,4.082000,1.310000,33.415001
1471017600.000000,12.659000,4.890000,8.635000,2.949000,4.021000,1.371000,35.384998
1471021200.000000,12.860000,5.090000,8.422000,2.956601,4.203000,1.432000,34.400002
1471024800.000000,11.721000,5.095921,7.462000,3.056000,4.206311,1.492000,33.766998
1471028400.000000,12.391000,4.890000,8.066000,3.054953,4.325000,1.279000,31.938000
1471032000.000000,18.018000,4.086000,11.655000,1.777000,6.396000,1.401000,31.586000
1471035600.000000,17.816999,3.550000,11.194000,0.853000,6.275000,1.462000,31.375000
1471039200.000000,21.434000,6.966000,15.635000,4.442000,5.635000,1.310000,31.514999
1471042800.000000,19.893000,5.827000,14.676000,3.234000,5.056000,1.309249,31.233999
1471046400.000000,20.965000,5.961000,14.646877,3.127000,6.579000,1.675000,31.514999
1471050000.000000,20.764000,6.564000,14.214000,3.056000,6.366000,1.645000,30.742001
1471053600.000000,18.219000,4.689000,12.331000,2.203000,5.879000,1.553000,30.766905
1471057200.000000,18.620001,6.095000,13.112000,3.305000,5.787000,1.614000,30.601000
1471060800.000000,18.888000,5.492000,12.828000,2.701000,5.635000,1.858000,29.968000
1471064400.000000,16.410000,5.023000,11.336000,2.594000,5.361000,1.614000,29.546000
1471068000.000000,15.472000,4.153000,9.701000,1.796596,5.356073,1.759693,29.194000
1471071600.000000,15.405000,5.559000,9.666000,2.330645,5.628902,1.881586,30.671000
1471075200.000000,14.200000,5.224000,10.518000,3.146177,3.469789,1.541324,30.812000
1471078800.000000,12.190000,4.086000,8.386000,3.593218,3.527951,1.424332,31.233999
1471082400.000000,13.865000,6.229000,9.132000,4.204609,4.096165,1.352098,32.640999
1471086000.000000,14.736000,6.233201,9.275000,3.300647,4.713934,1.398680,32.430000
1471089600.000000,14.723215,5.827000,9.737000,3.380283,5.025195,1.203877,32.289001
1471093200.000000,15.137000,5.894000,10.199000,4.182302,5.508685,1.294759,33.344002
1471096800.000000,15.271000,6.162000,9.914000,3.157170,5.299245,1.490882,34.891998
1471100400.000000,14.937000,5.492000,9.559000,3.198000,4.691000,1.371000,35.806999
1471104000.000000,13.195000,5.291000,8.777000,3.234000,4.447000,1.218000,36.651001
1471107600.000000,13.061000,5.358000,8.742000,3.305000,4.417000,1.340000,36.791000
1471111200.000000,12.793000,5.090000,8.280000,3.340000,4.599000,1.492000,35.455002
1471114800.000000,13.865000,5.693000,9.417000,3.553000,4.965000,1.340000,33.766998
1471118400.000000,19.893000,6.966000,12.615000,4.087000,7.188000,1.645000,33.063000
1471122000.000000,18.955000,7.435000,11.975000,4.264000,6.945000,1.584000,32.640999
1471125600.000000,19.357000,5.224000,12.935000,2.239000,6.000000,1.492000,32.500000
1471129200.000000,18.084999,4.220000,12.508000,2.452000,5.604000,1.462000,32.289001
1471132800.000000,18.018000,5.827000,13.539000,2.949000,4.721000,1.188000,31.938000
1471136400.000000,19.156000,5.961000,14.925000,3.696000,4.325000,1.187872,31.726000
1471140000.000000,17.549000,5.827000,13.326000,3.163000,4.142000,1.218000,30.882000
1471143600.000000,16.007999,7.435000,12.046000,5.579000,3.746000,1.157000,30.389999
1471147200.000000,14.937000,6.363000,11.655000,4.442000,3.472000,1.371000,30.179001
1471150800.000000,14.066000,5.559000,10.696000,3.589000,3.471716,1.157000,29.615999
1471154400.000000,13.731000,6.162000,10.163000,4.158000,3.290000,1.097000,28.913000
1471158000.000000,13.999000,7.100000,10.092000,4.335000,3.137000,1.310000,30.671000
1471161600.000000,10.650000,6.497000,7.604000,3.838000,3.533000,1.553000,30.952999
1471165200.000000,11.989000,6.229000,8.066000,3.873000,3.655000,1.523000,31.164000
1471168800.000000,13.731000,4.488000,9.168000,1.883000,4.417000,1.553000,32.007999
1471172400.000000,14.468000,4.153000,9.701000,1.812000,4.965000,1.492000,32.570999
1471176000.000000,14.870000,4.019000,10.021000,1.706000,5.330000,1.706000,32.430000
1471179600.000000,16.476999,4.153000,10.447000,1.492000,5.696000,1.523000,33.344002
1471183200.000000,16.075001,4.555000,10.305000,1.564000,5.178000,1.371000,34.750999
1471186800.000000,15.271000,4.488000,9.737000,1.559465,4.782000,1.370828,35.876999
1471190400.000000,14.066000,5.358000,9.275000,3.127000,4.752000,1.645000,37.002998
1471194000.000000,13.597000,5.894000,8.848000,3.873000,4.691000,1.432000,36.368999
1471197600.000000,12.525000,5.090000,8.244000,3.234000,4.264000,1.188000,35.455002
1471201200.000000,13.664000,5.492000,8.990000,3.482000,4.630000,1.340000,33.063000
1471204800.000000,19.089001,4.756000,12.153000,1.848000,6.914000,1.523000,32.640999
1471208400.000000,18.353001,4.086000,11.727000,1.564000,6.671000,1.492000,32.782001
1471212000.000000,17.281000,5.023000,11.513000,2.345000,6.092000,1.462000,32.219002
1471215600.000000,16.410000,4.622000,11.122000,2.274000,5.361000,1.371000,31.867001
1471219200.000000,19.558001,7.395144,12.402000,2.772000,7.280000,1.919000,31.890200
1471222800.000000,17.549000,6.847549,11.194000,2.807000,6.671000,1.767000,31.164000
1471226400.000000,16.611000,6.931490,10.270000,4.406000,6.214000,1.766793,31.023001
1471230000.000000,15.673000,7.335236,9.914000,4.300000,5.726000,1.675000,30.389999
1471233600.000000,14.803000,4.703213,8.386000,3.767000,5.909000,1.767000,30.038000
1471237200.000000,16.075001,8.163430,9.559000,4.300000,5.848000,1.766772,29.827000
1471240800.000000,15.941000,8.599762,9.594000,3.767000,5.909000,1.797000,29.194000
1471244400.000000,15.137000,8.518124,8.955000,4.300000,5.848000,2.132000,30.742001
1471248000.000000,11.253000,8.427925,7.924000,3.873000,3.503000,1.462000,30.812000
1471251600.000000,11.922000,7.610950,8.528000,3.944000,3.411000,1.371000,31.375000
1471255200.000000,14.267000,5.333493,9.204000,3.802000,4.386000,1.370922,32.640999
1471258800.000000,14.669000,4.867556,9.452000,3.980000,4.721000,1.310000,32.570999
1471262400.000000,15.137000,6.155208,9.843000,3.873000,4.995000,1.432000,32.430000
1471266000.000000,16.275999,5.010748,11.158000,1.990000,5.269000,1.433885,33.344002
1471269600.000000,16.291149,2.740332,11.229000,2.310000,4.995000,1.401000,35.384998
1471273200.000000,15.405000,4.086000,10.056000,1.492000,4.965000,1.492000,35.876999
1471276800.000000,14.133000,4.488000,9.666000,2.132000,4.508000,1.675000,36.158001
1471280400.000000,13.597000,5.894000,9.168000,3.838000,4.477000,1.401000,36.931999
1471284000.000000,12.726000,5.425000,8.244000,3.376000,4.447000,1.401501,34.962002
1471287600.000000,14.334000,5.626000,9.204000,3.376424,4.995000,1.371000,33.132999
1471291200.000000,19.290001,4.488000,12.437000,2.132000,7.006000,1.492000,31.867001
1471294800.000000,18.888000,4.153000,12.473000,2.025000,6.396000,1.371000,31.852634
1471298400.000000,20.228001,6.095000,14.321000,3.553000,5.604000,1.340000,32.430000
1471302000.000000,18.955000,5.827000,14.214000,3.092000,5.300000,1.401000,32.500000
1471305600.000000,20.094000,5.157000,14.463000,3.234000,4.934000,1.371000,31.726000
1471309200.000000,17.348000,5.425000,13.361000,3.127000,4.234000,1.157000,31.164000
1471312800.000000,17.281000,6.698000,13.255000,4.762000,3.746000,1.127000,31.093000
1471316400.000000,15.405000,4.756000,12.046000,2.416000,3.686000,1.097000,30.671000
1471320000.000000,16.410000,5.157000,12.579000,3.198000,3.320000,1.066000,30.655478
1471323600.000000,14.334000,5.626000,11.158000,4.122000,3.229000,1.065345,29.896999
1471327200.000000,11.387000,5.492000,8.173000,3.234000,3.290000,1.097000,29.827000
1471330800.000000,10.449000,4.957000,7.604000,2.985000,3.046000,1.310000,30.459999
1471334400.000000,8.774000,4.354000,5.508000,2.843000,3.320000,1.279000,30.882000
1471338000.000000,10.315000,4.890000,6.538000,2.772000,3.625000,1.310000,30.893462
1471341600.000000,12.056000,4.823000,7.391000,2.665000,4.142000,1.553000,31.726000
1471345200.000000,12.994000,5.626000,7.640000,2.914000,4.599000,1.492000,31.867001
1471348800.000000,13.061000,5.358000,8.031000,2.523000,4.904000,1.432000,32.360001
1471352400.000000,14.669000,5.224000,8.422000,2.736000,5.726000,1.553000,33.344002
1471356000.000000,13.597000,4.890000,8.209000,2.665000,5.361000,1.552821,35.033001
1471359600.000000,13.128000,5.157000,7.533000,2.381000,4.904000,1.340000,35.455002
1471363200.000000,11.855000,4.287000,7.391000,2.203000,4.477000,1.462000,36.368999
1471366800.000000,11.253000,3.818000,6.752000,1.954000,4.478084,1.340000,36.344880
1471370400.000000,10.918000,3.751000,6.467000,1.948747,4.447000,1.553000,34.540001
1471374000.000000,11.922000,3.885000,7.000000,2.025000,4.934000,1.310000,33.063000
1471377600.000000,16.410000,5.358000,9.452000,2.310000,7.402000,1.492000,31.867001
1471381200.000000,18.353001,4.019000,11.869000,1.208000,6.518000,1.675000,32.289001
1471384800.000000,18.820999,5.559000,12.579000,2.061000,5.879000,1.401000,31.375000
1471388400.000000,18.353001,5.425000,13.361000,2.487000,5.330000,1.279000,31.164000
1471392000.000000,18.018000,5.827000,13.752000,2.985000,4.630000,1.218000,30.531000
1471395600.000000,18.152000,5.358000,13.361000,3.305000,4.386000,1.217978,29.896999
1471399200.000000,17.080000,4.689000,13.326000,2.985000,3.868000,1.157000,29.475000
1471402800.000000,14.066000,6.296000,11.158000,4.051000,3.503000,1.066000,29.124001
1471406400.000000,14.200000,5.961000,11.336000,4.264000,3.107000,1.340000,28.420000
1471410000.000000,12.324000,4.555000,9.026000,2.914000,3.106919,1.127000,28.561001
1471413600.000000,12.927000,5.157000,9.061000,3.092000,3.320000,1.218000,28.350000
1471417200.000000,10.114000,4.689000,8.386000,3.589000,2.254000,0.853000,29.405001
1471420800.000000,10.181000,5.827000,7.214000,3.234000,2.863000,1.249000,29.968000
1471424400.000000,12.056000,5.961000,8.244000,3.625000,3.442000,1.432000,30.320000
1471428000.000000,14.066000,6.564000,9.808000,4.015000,4.173000,1.492000,31.164000
1471431600.000000,14.401000,6.430000,9.914000,4.193000,4.538000,1.371000,31.233999
1471435200.000000,15.004000,5.961000,9.772000,3.660000,4.599000,1.614000,32.500000
1471438800.000000,16.544001,5.894000,11.194000,3.838000,5.422000,1.612720,32.640999
1471442400.000000,16.007999,6.698000,10.554000,1.297202,6.688054,1.206800,34.258999
1471446000.000000,15.204000,6.229000,10.021000,1.404202,6.292054,1.208517,34.400002
1471449600.000000,13.731000,5.492000,8.884000,0.480202,5.957054,1.114800,35.525002
1471453200.000000,13.329000,5.157000,8.874044,0.658202,5.653054,1.084800,35.736000
1471456800.000000,12.592000,5.090000,8.244000,0.409202,5.622054,1.053800,34.540001
1471460400.000000,13.530000,4.689000,8.777000,-0.052798,6.018054,0.901800,32.993000
1471464000.000000,18.620001,5.693000,11.620000,0.338202,8.069271,1.053800,32.782001
1471467600.000000,17.951000,5.827000,11.300000,0.409202,8.070794,1.297799,32.219002
1471471200.000000,17.615999,6.631000,11.762000,2.129335,7.071712,1.187833,31.375000
1471474800.000000,17.884001,5.961000,12.722000,1.824468,6.205370,1.108866,31.164000
1471478400.000000,20.898001,6.966000,12.615000,1.554601,7.898027,1.668900,30.531000
1471482000.000000,19.089001,8.172000,11.727000,3.808734,7.214685,1.772933,30.179001
1471485600.000000,16.476999,6.765000,10.056000,3.751867,6.561342,1.693967,30.153707
1471489200.000000,16.544001,7.100000,10.412000,4.335000,5.970000,1.767000,29.757000
1471492800.000000,14.669000,6.162000,8.990000,3.376000,5.604000,1.768074,29.334999
1471496400.000000,16.075001,6.966000,10.376000,4.655000,5.635000,1.797000,28.913000
1471500000.000000,15.204000,7.234000,9.772000,4.015000,5.940000,1.919000,28.420000
1471503600.000000,14.468000,7.033000,7.995000,3.838000,5.848000,1.949000,29.757000
1471507200.000000,11.387000,6.095000,8.777000,4.335000,3.503000,1.553000,30.389999
1471510800.000000,12.592000,6.631000,8.813000,4.015000,3.501822,1.523000,30.601000
1471514400.000000,14.066000,5.827000,9.310000,3.767000,4.538000,1.462000,31.938000
1471518000.000000,14.669000,5.894000,9.381000,3.873000,4.721000,1.553000,33.063000
1471521600.000000,15.405000,6.028000,9.808000,3.020000,5.239000,1.492000,33.485001
1471525200.000000,16.209000,5.894000,10.518000,3.163000,5.909000,1.645000,34.470001
1471528800.000000,15.539000,5.760000,10.376000,3.411000,5.391000,1.523000,36.088001
1471532400.000000,15.517843,6.564000,10.021000,3.553000,5.330000,1.553000,36.580002
1471536000.000000,14.200000,5.559000,9.381000,3.340000,5.087000,1.584000,38.409000
1471539600.000000,14.267000,5.626000,9.275000,3.447000,5.026000,1.614000,37.917000
1471543200.000000,13.128000,5.358000,8.351000,3.020000,4.752000,1.613115,35.596001
1471681105.714286,14.133000,4.488000,9.026000,2.345000,5.087000,1.371000,36.080739
1471819011.428571,19.826000,4.421000,12.473000,1.528000,7.371000,1.767000,35.158475
1471956917.142857,18.754000,4.689000,12.117000,1.954000,6.823000,1.553000,35.714212
1472094822.857143,22.170000,6.631000,16.062000,3.589000,6.000000,1.492000,36.550947
1472232728.571429,21.032000,6.497000,15.458000,3.127000,5.726000,1.401000,35.769683
1472370634.285714,21.166000,6.631000,16.062000,3.980000,4.934000,1.340000,37.028419
1472508540.000000,19.156000,6.095000,14.356000,3.234000,4.660000,1.249000,37.373157
1472646445.714286,19.558001,5.961000,14.996000,3.660000,4.386000,1.310000,37.716893
1472784351.428571,17.951000,6.363000,13.823000,3.269000,4.173000,1.279000,38.131631
1472922257.142857,17.750000,6.162000,14.001000,3.660000,3.716000,1.218000,38.476369
1473060162.857143,16.476999,5.626000,13.255000,2.843000,3.746000,1.249000,38.469105
1473198068.571429,16.007999,5.157000,12.508000,2.416000,3.838000,1.310000,39.727843
1473335974.285714,16.142000,7.770000,12.046000,5.224000,3.655000,1.553000,41.338576
1471593600.000000,14.937000,5.693000,11.194000,3.056000,3.746000,1.584000,35.313999
1471597200.000000,15.472000,5.224000,11.051000,2.665000,4.082000,1.614000,35.033001
1471600800.000000,15.134187,5.827000,9.597025,3.767000,5.178000,1.553000,36.346609
1471604400.000000,16.938372,6.430000,9.814052,3.980000,5.483000,1.492000,35.550217
1471608000.000000,19.011560,5.693000,9.603077,3.731000,5.787000,1.614000,35.527823
1471611600.000000,19.543746,4.689000,9.784103,1.919000,5.818000,1.401000,34.028432
1471615200.000000,18.936931,4.153000,8.259128,1.315000,5.148000,1.399540,32.880038
1471618800.000000,18.933118,5.492000,7.907154,4.193000,5.026000,1.371000,33.982648
1471622400.000000,18.461305,5.559000,6.488180,3.020000,4.995000,1.614000,33.468254
1471626000.000000,18.457491,5.358000,5.532206,3.019682,5.026000,1.432000,32.178861
1471629600.000000,18.051678,4.689000,4.326231,2.594000,4.782000,1.492000,28.920471
1471633200.000000,21.463864,4.756000,5.502257,2.381000,6.122000,1.493972,27.843077
1471636800.000000,20.027000,4.488000,12.579000,1.528000,7.523000,1.767000,34.750999
1471640400.000000,19.021999,4.153000,12.153000,1.421000,7.280000,1.797000,33.837002
1471644000.000000,22.705999,8.573000,16.167999,4.548000,6.335000,1.614000,34.611000
1471647600.000000,23.643999,6.966000,17.341000,4.193000,5.787000,1.553000,33.837002
1471651200.000000,19.759001,6.430000,14.818000,3.980000,5.239000,1.432000,35.384998
1471654800.000000,19.959999,6.229000,15.422000,3.873000,4.782000,1.310000,34.891998
1471658400.000000,17.816999,5.358000,13.503000,2.985000,4.447000,1.218000,35.033001
1471662000.000000,17.281000,5.492000,12.828000,2.701000,4.142000,1.279000,33.837002
1471665600.000000,15.874000,6.497000,12.295000,4.371000,3.807000,1.278581,34.188999
1471669200.000000,14.267000,4.622000,10.874000,2.594000,3.625000,1.279000,33.556000
1471672800.000000,15.137000,6.430000,11.762000,4.264000,3.686000,1.157000,32.993000
1471676400.000000,15.472000,6.765000,11.655000,4.762000,3.533000,1.310000,33.625999
1471680000.000000,15.539000,7.636000,11.661493,5.046000,3.655000,1.462000,34.750999
1471683600.000000,14.870000,7.435000,10.874000,4.300000,3.838000,1.432000,35.384998
1471687200.000000,17.482000,6.832000,12.224000,4.904000,4.965000,1.523000,36.299000
1471690800.000000,15.137000,5.559000,9.666000,2.843000,4.995000,1.553000,35.666000
1471694400.000000,10.315000,4.421000,6.005000,2.239000,4.295000,1.218000,34.681000
1471698000.000000,11.454000,4.555000,7.143000,2.630000,4.051000,1.217602,33.273998
1471701600.000000,10.918000,4.019000,6.965000,2.487000,4.142000,1.310000,32.430000
1471705200.000000,10.516000,4.421000,7.178000,2.772000,3.503000,1.218000,33.132999
1471708800.000000,9.712000,3.751000,7.320000,2.381000,2.802000,0.914000,31.375000
1471712400.000000,11.387000,4.086000,7.285000,2.097000,4.082000,1.310000,32.782001
1471716000.000000,7.904000,2.411000,5.579000,1.457000,2.284000,0.670000,30.531000
1471719600.000000,8.908000,2.545000,6.396000,1.564000,2.528000,0.670390,30.249001
1471723200.000000,12.123000,3.215000,8.493000,1.954000,3.594000,0.761000,27.434999
1471726800.000000,14.401000,4.555000,9.879000,2.736000,4.599000,1.036000,27.927999
1471730400.000000,14.410234,5.827000,10.199000,3.376000,3.868000,1.035210,27.787001
1471734000.000000,15.271000,7.167000,12.402000,4.833000,3.381000,1.036000,27.927999
1471737600.000000,14.602000,6.296000,11.087000,4.264000,3.259000,0.975000,27.434999
1471741200.000000,15.070000,6.966000,12.224000,4.833000,2.924000,1.005000,27.013000
1471744800.000000,13.798000,6.965388,11.158000,4.655000,2.772000,1.004947,27.716999
1471748400.000000,13.329000,6.631000,11.300000,5.010000,2.559000,0.975000,28.209000
1471752000.000000,13.061000,5.626000,10.056000,3.802000,2.315000,0.914000,28.913000
1471755600.000000,11.922000,3.014000,9.452000,1.706000,2.345000,0.883000,28.068001
1471759200.000000,13.463000,4.086000,11.051000,2.274000,2.680000,0.914000,26.591000
1471762800.000000,13.329000,4.823000,10.163000,3.234000,2.559000,1.005000,27.434999
1471766400.000000,12.659000,4.354000,9.488000,2.594000,2.650000,1.036000,27.927999
1471770000.000000,10.583000,3.081000,7.960000,1.635000,2.741000,1.127000,28.841999
1471773600.000000,10.305797,5.157000,7.247399,3.340000,3.350000,1.280690,29.896999
1471777200.000000,10.251099,4.823000,6.943062,2.985000,3.807000,1.057056,30.249001
1471780800.000000,9.245126,4.421000,7.351739,2.523000,3.320000,1.127311,30.320000
1471784400.000000,13.730633,4.428461,8.213215,2.630000,3.655000,1.192532,30.671000
1471788000.000000,9.931678,4.153000,6.384294,2.594000,3.533000,1.075454,31.093000
1471791600.000000,10.133604,4.756000,7.364658,2.630000,3.229000,0.961708,30.389999
1471795200.000000,12.067986,3.952000,6.261802,2.274000,3.168000,1.099522,31.023001
1471798800.000000,10.178762,3.818000,4.962101,2.310000,3.503000,0.955990,30.389999
1471802400.000000,10.168551,3.751000,4.485153,2.274000,3.350000,1.028206,28.913000
1471806000.000000,11.729933,3.684000,8.091820,2.310000,3.472000,0.971145,28.983000
1471809600.000000,17.221203,4.488000,9.729595,2.594000,5.300000,1.207320,27.787001
1471813200.000000,15.839823,4.086000,8.444132,2.665000,4.660000,1.178931,27.506001
1471816800.000000,14.535000,3.818000,10.163000,2.097000,4.112000,1.127000,27.997999
1471820400.000000,15.740000,5.023000,11.655000,3.163000,3.594000,1.097000,27.716999
1471824000.000000,20.027000,6.832000,14.001000,4.158000,5.757000,1.614000,27.506001
1471827600.000000,19.156000,6.162000,13.432000,4.406000,5.361000,1.492000,27.434999
1471831200.000000,18.084999,6.430000,12.473000,4.122000,5.026000,1.462000,28.983000
1471834800.000000,16.209000,6.229000,11.407000,3.447000,5.030914,1.553000,27.787001
1471838400.000000,17.884001,5.626000,12.864000,3.660000,4.965000,1.584000,29.896999
1471842000.000000,15.807000,4.890000,10.696000,3.092000,4.508000,1.340000,29.546000
1471845600.000000,15.811531,5.157000,11.229000,3.056000,4.752000,1.401000,29.968000
1471849200.000000,13.865000,6.631000,8.813000,3.944000,4.599000,1.584000,29.052999
1471852800.000000,9.846000,4.555000,7.889000,3.625000,1.919000,0.822000,23.496000
1471856400.000000,8.640000,4.554810,6.396000,3.269000,1.980000,0.822916,25.395000
1471860000.000000,10.851000,5.425000,7.107000,3.482000,3.229000,1.218000,28.350000
1471863600.000000,10.516000,4.153000,7.356000,2.949000,2.955000,1.036000,29.124001
1471867200.000000,9.377000,4.287000,6.929000,2.665000,2.680000,0.944000,29.827000
1471870800.000000,9.176000,4.421000,6.823000,2.452000,2.772000,1.005000,29.475000
1471874400.000000,9.712000,4.416910,6.396000,2.345000,2.833000,1.097000,28.702000
1471878000.000000,8.975000,3.818000,6.361000,2.630000,2.772000,1.005000,29.124001
1471881600.000000,8.908000,4.153000,6.254000,2.843000,2.619000,1.005054,28.841999
1471885200.000000,10.047000,4.287000,6.681000,2.772000,3.381000,1.279000,28.771999
1471888800.000000,8.908000,3.885000,5.863000,2.416000,3.015000,1.097000,28.139000
1471892400.000000,10.717000,4.019000,7.000000,2.452000,3.716000,1.097739,27.013000
1471896000.000000,12.525000,4.021109,8.138000,2.487000,4.356000,1.097000,26.662001
1471899600.000000,13.329000,4.354000,9.488000,2.594000,3.929000,0.975000,26.732000
1471903200.000000,13.597000,3.751000,10.021000,2.061000,3.290000,1.036000,27.153999
1471906800.000000,13.865000,3.550000,10.909000,2.594000,3.046000,0.975000,26.802000
1471910400.000000,14.133000,4.287000,11.549000,3.127000,2.772000,0.974861,27.153999
1471914000.000000,14.334000,4.890000,12.331000,2.914000,2.528000,0.853000,27.013000
1471917600.000000,14.066000,4.756000,11.336000,2.594000,2.498000,0.883000,27.023645
1471921200.000000,13.329000,6.497000,10.945000,4.264000,2.254000,0.853000,26.732000
1471924800.000000,13.597000,6.490631,10.838000,5.046000,2.163000,0.822000,26.662001
1471928400.000000,11.186000,5.425000,9.417000,3.980000,2.132000,0.731000,26.802000
1471932000.000000,13.530000,6.162000,10.803000,4.584000,2.589000,0.822000,26.309999
1471935600.000000,11.989000,6.095000,9.310000,4.548000,2.376000,0.975000,26.591000
1471939200.000000,12.391000,5.894000,9.346000,4.051000,2.437000,1.005000,28.068001
1471942800.000000,9.980000,4.957000,6.823000,3.056000,2.498000,1.066000,28.278999
1471946400.000000,11.052000,5.626000,7.747000,3.163000,3.411000,1.097000,28.350000
1471950000.000000,12.391000,5.492000,8.884000,3.696000,3.533000,1.036000,29.546000
1471953600.000000,11.052000,4.421000,7.107000,2.559000,3.503000,1.279000,29.615999
1471957200.000000,12.123000,4.957000,7.640000,3.092000,3.655000,1.066000,30.531000
1471960800.000000,11.788000,4.890000,7.604000,2.914000,3.533000,1.036000,31.867001
1471964400.000000,10.985000,4.823000,7.995000,3.127000,3.350000,1.249000,32.148998
1471968000.000000,10.583000,4.622000,7.427000,2.630000,3.229000,1.188000,33.132999
1471971600.000000,10.650000,5.023000,7.285000,3.092000,3.411000,1.157000,32.852001
1471975200.000000,9.779000,3.885000,6.467000,2.345000,3.320000,1.066000,31.514999
1471978800.000000,11.253000,3.952000,7.285000,2.274000,3.929000,1.157000,30.882000
1471982400.000000,15.606000,5.559000,10.127000,3.163000,5.574000,1.036000,29.686001
1471986000.000000,14.133000,4.957000,9.097000,2.878000,4.995000,1.249000,29.757000
1471989600.000000,13.731000,6.095000,9.666000,3.909000,4.173000,1.188000,29.475000
1471993200.000000,13.396000,6.094278,10.021000,4.087000,3.625000,1.066000,29.493938
1471996800.000000,14.468000,6.028000,11.584000,4.833000,3.107000,1.066864,28.913000
1472000400.000000,13.597000,6.363000,10.412000,4.620000,3.442000,1.066000,28.278999
1472004000.000000,11.989000,5.760000,9.452000,3.944000,2.650000,0.853000,28.209000
1472007600.000000,12.391000,6.497000,10.127000,4.868000,2.589000,0.944000,27.506001
1472011200.000000,10.047000,5.023000,7.320000,3.234000,2.498000,0.945948,27.295000
1472014800.000000,11.922000,5.961000,9.026000,4.051000,2.619000,0.944000,26.872999
1472018400.000000,11.454000,5.291000,8.635000,3.340000,2.589000,0.822000,26.591000
1470106585.765705,12.123000,6.430000,9.737000,4.477000,7.681801,1.005000,26.943001
1472025600.000000,10.650000,5.492000,7.995000,3.767000,2.498000,1.127000,27.716999
1472029200.000000,10.717000,5.559000,7.569000,3.802000,2.496995,1.066000,28.139000
1472032800.000000,11.588000,5.358000,7.711000,3.553000,3.198000,1.127000,29.546000
1472036400.000000,11.721000,4.756000,8.138000,3.056000,3.777000,1.066000,29.615999
1472040000.000000,11.655000,4.957000,7.427000,2.523000,3.472000,1.157000,29.896999
1472043600.000000,13.463000,4.555000,8.671000,2.701000,4.082000,1.127000,30.671000
1472047200.000000,11.721000,5.157000,8.777000,3.127000,3.899000,1.249000,32.570999
1472050800.000000,12.860000,5.693000,9.204000,3.873000,3.594000,1.127000,32.993000
1472054400.000000,10.918000,5.090000,7.640000,3.340000,3.320000,1.218000,34.188999
1472058000.000000,10.851000,4.756000,7.462000,3.305000,3.472000,1.127000,33.837002
1472061600.000000,9.846000,3.952000,6.503000,2.452000,3.290000,1.066000,31.797001
1472065200.000000,10.784000,3.684000,7.107000,2.239000,3.716000,1.249000,31.233999
1472068800.000000,15.070000,4.622000,9.666000,2.701000,5.300000,1.157000,30.179001
1472072400.000000,13.798000,4.624113,8.599000,2.807000,5.178000,1.340000,29.475000
1472076000.000000,15.137000,6.430000,11.762000,4.406000,4.082000,1.097000,29.194000
1472079600.000000,15.405000,3.818000,11.904000,2.203000,3.503000,1.005000,28.420000
1472083200.000000,17.281000,5.559000,12.473000,2.985000,5.604000,1.584000,28.068001
1472086800.000000,16.075001,4.153000,10.518000,2.061000,5.239000,1.432000,27.365000
1472090400.000000,13.798000,3.349000,9.097000,1.635000,4.873000,1.371000,27.153999
1472094000.000000,13.597000,5.760000,9.346000,3.767000,4.630000,1.340000,26.802000
1472097600.000000,12.994000,5.693000,8.599000,3.269000,4.447000,1.249000,26.309999
1472101200.000000,13.597000,5.492000,8.848000,3.411000,4.538000,1.310000,26.591000
1472104800.000000,13.798000,5.961000,9.239000,3.909000,4.508000,1.218000,26.239000
1472108400.000000,15.271000,5.090000,10.021000,2.274000,4.477000,1.432000,27.927999
1472112000.000000,10.583000,3.349000,8.777000,2.594000,2.284000,0.944000,28.631001
1472115600.000000,10.516000,5.559000,7.391000,3.163000,2.467000,0.944087,29.615999
1472119200.000000,11.387000,5.492000,7.747000,3.159994,3.076000,1.066000,32.148998
1472122800.000000,11.588000,5.224000,7.995000,3.020000,3.594000,1.064614,31.656000
1472126400.000000,10.583000,4.019000,7.249000,2.487000,3.290000,1.005000,31.586000
1472130000.000000,12.726000,4.957000,8.528000,2.665000,3.807000,1.036000,33.063000
1470253320.000000,17.709050,5.492000,8.209000,3.518000,2.418946,1.249000,33.203999
1470256920.000000,18.312050,4.823000,8.244000,3.056000,2.387946,1.340000,32.852001
1470260520.000000,16.705050,4.153000,7.391000,2.630000,2.022946,1.249000,33.907001
1470264120.000000,16.906050,4.689000,7.498000,2.949000,2.235946,1.097000,33.695999
1470267720.000000,16.102050,4.220000,6.716000,2.630000,2.174946,1.157000,32.148998
1470271320.000000,18.178051,4.287000,8.031000,2.381000,2.997946,1.157788,31.867001
1470901680.000000,19.910700,3.081000,10.199000,1.173000,4.820630,1.127000,30.320000
1471218660.000000,19.404024,4.622000,11.513000,2.559000,4.193973,1.188000,30.179001
1471849020.000000,16.983674,4.153000,12.153000,2.025000,3.885658,1.097000,29.827000
1472166000.000000,16.476999,5.157000,12.650000,3.589000,3.777000,1.249000,28.771999
1472169600.000000,18.018000,6.095000,14.392000,1.139085,3.533000,2.042773,42.068361
1472173200.000000,16.544001,5.626000,13.965000,3.518000,3.107000,0.944000,28.139000
1472176800.000000,15.539000,4.555000,12.793000,2.949000,2.589000,0.883000,27.646000
1472180400.000000,15.338000,7.301000,13.255000,5.188000,2.376000,0.822000,27.857000
1472184000.000000,15.740000,5.291000,13.041000,3.198000,2.650000,0.883000,27.434999
1472187600.000000,14.870000,6.966000,12.402000,4.620000,2.772000,0.914000,26.662001
1472191200.000000,13.731000,5.626000,11.442000,4.264000,2.437000,0.853000,26.028000
1472194800.000000,11.721000,5.760000,9.843000,4.015000,2.010000,0.914000,25.325001
1472198400.000000,10.315000,6.162000,8.422000,4.833000,1.888000,0.853000,25.606001
1472202000.000000,9.444000,5.760000,7.249000,4.300000,2.315000,1.036000,26.802000
1472205600.000000,10.181000,5.023000,6.503000,3.376000,2.711000,1.279000,26.797785
1472209200.000000,9.109000,4.957000,6.396000,3.056000,2.833000,1.097000,27.365000
1472212800.000000,7.636000,3.818000,4.939000,2.310000,2.163000,0.975000,26.521000
1472216400.000000,8.172000,3.684000,5.295000,2.594000,2.345000,1.036000,27.434999
1472220000.000000,7.569000,4.354000,5.117000,2.487000,2.772000,1.097000,27.787001
1472223600.000000,7.368000,4.086000,5.579000,2.736000,1.888000,0.883000,27.084000
1472227200.000000,6.765000,3.751000,4.762000,2.594000,2.041000,0.944000,27.365000
1472230800.000000,7.636000,3.416000,5.082000,2.310000,2.498000,1.005000,25.816999
1472234400.000000,6.296000,3.081000,4.442000,2.025000,1.888000,0.701000,24.621000
1472238000.000000,6.292266,2.478000,4.441622,1.564000,1.767000,0.548000,23.848000
1472241600.000000,6.966000,2.612000,5.010000,1.883000,1.980000,0.548115,23.426001
1472245200.000000,7.435000,2.939615,4.868000,0.438886,2.559000,0.883000,23.003000
1472248800.000000,11.052000,4.942231,8.848000,2.512772,2.193000,0.853000,22.370001
1472252400.000000,11.253000,4.264846,9.630000,0.571658,2.163000,1.005000,22.089001
1472256000.000000,15.472000,6.936461,10.767000,1.294544,4.599000,1.492000,22.863001
1472259600.000000,15.137000,6.327077,10.518000,1.129430,4.295000,1.462000,23.636999
1472263200.000000,15.070000,8.797692,11.122000,2.066316,4.173000,1.371000,23.285000
1472266800.000000,15.204000,6.631000,11.158000,4.797000,4.112000,1.340000,23.215000
1472270400.000000,14.401000,5.626000,10.447000,3.944000,4.356000,1.401000,23.355000
1472274000.000000,16.945999,5.492000,12.295000,2.985000,4.447000,1.310000,23.073999
1472277600.000000,18.219000,7.502000,12.793000,5.188000,5.087000,1.614000,23.143999
1472281200.000000,14.200000,4.823000,9.132000,2.310000,4.782000,1.858000,23.566000
1472284800.000000,12.123000,4.086000,9.204000,2.594000,2.467000,1.340000,23.848000
1472288400.000000,9.511000,3.148000,6.858000,1.350000,2.345000,1.339801,25.254999
1472292000.000000,9.712000,4.421000,6.432000,3.376000,2.619000,1.249000,26.309999
1472295600.000000,9.310000,4.689000,6.361000,2.452000,3.229000,1.066000,26.662001
1472299200.000000,7.301000,3.952000,5.188000,2.487000,2.376000,1.065250,27.506001
1472302800.000000,7.368000,3.617000,4.939000,2.452000,2.345000,1.188000,27.576000
1472306400.000000,8.172000,4.689000,5.437000,2.665000,2.343073,1.218000,28.490999
1472310000.000000,8.239000,3.885000,5.295000,2.381000,2.193000,1.066000,28.209000
1472313600.000000,7.234000,3.881919,4.833000,2.949000,2.315000,1.036000,27.716999
1472317200.000000,8.306000,4.220000,5.543000,2.665000,2.711000,1.037244,27.745523
1472320800.000000,7.569000,3.751000,5.010000,2.416000,2.528000,1.005000,26.521000
1472324400.000000,6.631000,3.282000,4.335000,2.061000,2.254000,0.975000,26.028000
1470447720.000000,7.502000,6.044308,5.082000,2.239000,3.673054,0.822000,25.184000
1470451320.000000,7.167000,5.441308,4.655000,1.492000,3.825054,0.914000,24.340000
1470454920.000000,9.109000,6.714308,6.610000,2.701000,3.460054,0.853000,24.270000
1470458520.000000,10.918000,7.986308,8.599000,3.411000,3.521054,0.914000,23.988001
1470462120.000000,9.511000,7.585308,7.071000,3.625000,3.246054,0.761000,23.848000
1470465720.000000,8.506000,7.183308,6.076000,2.665000,3.094054,0.731000,23.496000
1470469320.000000,6.564000,6.580308,5.401000,2.523000,2.972054,0.701000,22.299999
1470786300.000000,7.368000,5.717923,5.828000,2.878000,2.715712,0.731000,22.159000
1471103280.000000,8.105000,5.190538,5.899000,2.807000,2.519369,0.640000,22.299999
1471420260.000000,7.837000,5.467154,6.290000,2.487000,2.537027,0.670000,20.962999
1471737240.000000,8.172000,4.068769,6.005000,2.239000,2.950685,0.822000,20.330000
1472054220.000000,9.444000,4.747385,6.929000,3.092000,2.845342,1.066000,21.667000
1472371200.000000,8.975000,3.282000,5.899000,1.031000,2.650000,1.157000,22.580999
1472374800.000000,8.439000,4.756000,5.259000,2.949000,2.498000,1.155697,25.325001
1472378400.000000,9.846000,5.023000,6.183000,2.772000,3.290000,1.371000,26.802000
1472382000.000000,9.578000,4.957000,6.823000,3.234000,2.985000,1.249000,26.810200
1472385600.000000,6.966000,3.349000,4.548000,1.812000,2.315000,0.975000,26.802000
1472389200.000000,8.439000,4.086000,5.579000,2.878000,2.467000,1.097000,27.576000
1472392800.000000,8.506000,4.756000,5.792000,2.594000,2.254000,1.157000,29.052999
1472396400.000000,6.832000,3.349000,4.691000,2.590911,2.132000,1.097000,28.913000
1472400000.000000,7.301000,4.086000,4.975000,2.630000,2.254000,1.005000,30.249001
1472403600.000000,7.904000,3.751000,5.224000,2.381000,2.741000,1.036000,30.262358
1472407200.000000,7.703000,3.483000,4.939000,2.239000,2.680000,1.066000,29.052999
1472410800.000000,6.966000,3.081000,4.548000,1.919000,2.376000,0.944000,27.646000
1472414400.000000,8.372000,3.617000,5.472000,2.203000,2.802000,0.942429,26.662001
1472418000.000000,7.368000,3.349000,4.904000,2.452000,2.376000,0.822000,25.816999
1472421600.000000,8.105000,3.818000,5.970000,2.381000,2.254000,0.944000,25.254999
1472425200.000000,8.506000,4.354000,5.899000,2.594000,2.193000,0.944231,24.621000
1472428800.000000,6.430000,3.751000,4.513000,2.452000,2.071000,0.883000,24.481001
1472432400.000000,7.703000,3.748837,5.899000,2.523000,1.949000,0.883941,23.988001
1472436000.000000,7.502000,4.019000,6.148000,2.843000,1.797000,0.822000,24.198999
1472439600.000000,7.100000,4.015110,4.762000,2.736000,1.858000,0.853000,23.636999
1472443200.000000,6.363000,3.349000,4.264000,2.452000,1.858902,0.914000,23.073999
1472446800.000000,7.368000,3.014000,5.259000,2.487000,2.071000,0.792000,22.580999
1472450400.000000,10.784000,4.488000,7.676000,3.056000,2.741000,1.036000,23.143999
1472454000.000000,8.306000,4.756000,5.579000,2.523000,2.467000,1.218000,23.917999
1472457600.000000,8.573000,4.622000,5.543000,3.376000,2.711000,1.340000,25.395000
1472461200.000000,8.975000,5.224000,6.254000,3.553000,2.741000,1.339856,26.662001
1472464800.000000,10.047000,5.425000,6.681000,3.163000,2.985000,1.310000,26.169001
1472468400.000000,9.846000,4.756000,6.687616,2.949000,3.290000,1.309885,25.816999
1472472000.000000,8.372000,4.019000,5.650000,2.239000,2.376000,1.066000,27.787001
1472475600.000000,8.774000,4.622000,5.828000,2.914000,2.528000,1.157000,28.420000
1472479200.000000,8.640000,4.689000,5.650000,2.843000,2.467000,1.188000,28.490999
1472482800.000000,8.707000,4.756000,5.472000,2.949000,2.589000,1.187454,29.334999
1472486400.000000,8.975000,4.957000,6.361000,3.163000,2.619000,1.218000,29.827000
1472490000.000000,8.774000,4.555000,6.371716,2.949000,2.711000,1.217278,29.264000
1472493600.000000,7.837000,3.952000,5.295000,2.239000,2.559000,1.066000,26.521000
1472497200.000000,7.435000,3.148000,4.833000,1.954000,2.528000,0.944000,26.099001
1472500800.000000,8.372000,3.416000,5.721000,2.274000,2.650000,0.761000,25.254999
1472504400.000000,10.382000,3.818000,7.427000,2.594000,2.376000,0.853000,24.551001
1472508000.000000,9.645000,4.890000,7.782000,3.696000,1.949000,0.822000,24.691999
1472511600.000000,10.918000,5.626000,8.884000,3.802000,1.951001,0.914000,24.832001
1472515200.000000,14.870000,6.497000,10.127000,4.726000,4.295000,1.401000,24.129000
1472518800.000000,14.669000,7.100000,10.341000,4.584000,4.082000,1.340000,23.917999
1472522400.000000,13.664000,6.765000,9.452000,4.087000,4.021000,1.342127,24.551001
1472526000.000000,13.530000,6.296000,9.666000,4.015000,3.899000,1.310000,24.481001
1472529600.000000,12.994000,6.095000,8.671000,4.406000,4.173000,1.371000,24.621000
1472533200.000000,15.070000,6.832000,9.950000,4.015000,4.752000,1.432000,24.600420
1472536800.000000,15.338000,7.100000,10.376000,3.944000,5.208000,1.614000,24.410000
1472540400.000000,16.209000,6.028000,11.655000,3.376000,4.965000,1.767000,24.903000
1472544000.000000,12.994000,5.559000,10.092000,3.198000,2.680000,1.401000,25.325001
1472547600.000000,9.779000,4.622000,7.285000,3.020000,2.376000,1.157000,26.521000
1472551200.000000,9.645000,4.689000,6.787000,3.376000,2.863000,1.218000,27.716999
1472554800.000000,9.913000,4.756000,7.000000,3.056000,3.015000,1.127000,27.787001
1472558400.000000,8.439000,3.885000,5.401000,2.168000,2.345000,0.944000,28.278999
1472562000.000000,8.573000,4.354000,6.325000,2.914000,2.224000,1.005000,28.702000
1472565600.000000,8.506000,4.823000,5.792000,3.163000,2.254000,1.066000,30.320000
1472569200.000000,7.904000,4.689000,6.112000,3.589000,2.224000,1.097000,30.038000
1472572800.000000,7.897486,4.555000,5.437000,2.985000,2.437000,1.218000,30.531000
1472576400.000000,8.908000,4.421000,5.899000,3.020000,2.772000,1.249000,30.320000
1472580000.000000,8.105000,4.086000,5.366000,2.665000,2.680000,1.097000,28.771999
1472583600.000000,7.770000,3.617000,5.188000,2.168000,2.589000,1.036000,26.872999
1472587200.000000,8.573000,3.885000,5.899000,2.594000,2.559000,0.883000,25.958000
1472590800.000000,9.511000,3.617000,7.533000,2.523000,2.254000,0.853000,25.254999
1472594400.000000,11.454000,5.291000,9.310000,4.513000,2.102000,0.761000,24.832001
1472598000.000000,12.793000,3.818000,10.909000,2.274000,1.949000,0.792000,24.410000
1472601600.000000,13.798000,4.622000,12.366000,3.056000,1.858000,0.822000,25.044001
1472605200.000000,13.785958,4.618356,12.365699,3.058190,1.858405,0.821745,25.060056
1472608800.000000,13.798000,4.622000,12.366000,5.702798,1.858000,0.822000,25.044001
1472612400.000000,13.819056,4.626040,12.370146,5.707485,1.858604,0.821238,25.105667
1472616000.000000,13.798000,4.622000,12.366000,5.702798,1.858000,0.822000,25.044001
1472619600.000000,13.786852,4.629709,12.346158,5.702457,1.857411,0.821050,25.053570
1472623200.000000,13.798000,4.622000,12.366000,5.702798,1.858000,0.822000,25.044001
1472626800.000000,13.783102,4.626721,12.376190,5.699010,1.855678,0.820574,25.073245
1472630400.000000,13.798000,4.622000,12.366000,5.702798,1.858000,0.822000,25.044001
1472634000.000000,13.792044,4.617957,12.365602,5.707009,1.856954,0.821686,25.020977
1472637600.000000,13.798000,4.622000,12.366000,5.702798,1.858000,0.822000,25.044001
1472641200.000000,13.805307,4.629341,12.354092,5.701237,1.856040,0.822433,25.031882
1472644800.000000,13.798000,4.622000,12.366000,5.702798,1.858000,0.822000,25.044001
1472648400.000000,13.800212,4.626846,12.373980,5.709256,1.855483,0.821577,25.054715
1472652000.000000,13.798000,4.622000,12.366000,3.056000,1.858000,0.822000,25.044001
1472655600.000000,13.807453,4.621563,12.380062,3.054388,1.859077,0.823267,25.069334
1472659200.000000,13.798000,4.622000,12.366000,3.056000,1.858000,0.822000,25.044001
1472662800.000000,13.790235,4.625256,12.355546,3.057579,1.858977,0.822865,25.017741
1472666400.000000,13.798000,4.622000,12.366000,3.056000,1.858000,0.822000,25.044001
1472670000.000000,13.811172,4.619579,12.354364,3.059873,1.857789,0.822782,25.043246
1472673600.000000,13.798000,4.622000,12.366000,3.056000,1.858000,0.822000,25.044001
1472677200.000000,13.774905,4.610228,12.361839,3.056872,1.857202,0.822427,25.019386
1472680800.000000,13.798000,4.622000,12.366000,3.056000,1.858000,0.822000,25.044001
1472684400.000000,13.806252,4.615414,12.364520,3.056667,1.861738,0.822615,26.047297
1472688000.000000,16.007999,7.234000,10.874000,4.620000,4.538000,1.553000,28.100043
1472691600.000000,14.535000,6.229000,9.701000,4.051000,4.295000,1.797000,24.563091
1472695200.000000,14.401000,4.488000,9.772000,2.061000,4.477000,1.584000,28.319133
1472698800.000000,14.602000,6.430000,10.305000,4.371000,4.325000,1.523000,23.771733
1472702400.000000,12.324000,5.157000,8.599000,3.305000,4.331760,1.553000,26.478080
1472706000.000000,13.865000,6.229000,9.239000,4.122000,4.782000,1.550571,23.882486
1472709600.000000,14.602000,4.287000,9.737000,1.457000,5.148000,1.736000,25.440174
1472713200.000000,15.874000,5.894000,10.661000,3.340000,5.087000,1.919000,26.530411
1472716800.000000,10.382000,3.550000,7.214000,1.848000,2.680000,1.401000,27.533157
1472720400.000000,9.511000,3.684000,6.823000,2.097000,2.711000,1.310000,26.725271
1472724000.000000,10.181000,3.818000,7.000000,1.315000,3.046000,1.401000,30.183596
1472727600.000000,10.784000,3.818796,7.320000,1.528000,3.320000,1.310000,25.949180
1472731200.000000,8.774000,4.488000,6.005000,2.772000,2.437000,1.127000,26.903944
1472734800.000000,8.172000,3.818000,5.792000,2.487000,2.406000,0.944000,26.788310
1472738400.000000,8.439000,3.952000,5.828000,2.630000,2.467000,1.218000,30.531000
1472742000.000000,9.243000,3.617000,6.929000,1.528000,2.650000,1.188000,30.524438
1472745600.000000,9.511000,3.483000,6.610000,1.599000,2.653417,1.614000,30.742001
1472749200.000000,9.444000,3.081000,6.467000,1.492000,2.924000,1.218000,30.320000
1472752800.000000,8.306000,4.153000,5.686000,2.736000,2.650000,1.097000,30.108999
1472756400.000000,8.908000,3.885000,5.828000,2.345000,2.955000,1.036000,29.052999
1472760000.000000,9.779000,3.818000,6.574000,2.381000,3.259000,1.066000,28.420000
1472763600.000000,9.042000,3.215000,5.934000,1.848000,3.046000,1.097000,27.857000
1472767200.000000,9.310000,4.287000,6.183000,2.381000,2.863000,1.066000,27.646000
1472770800.000000,10.784000,5.090000,7.960000,3.980000,2.345000,0.975000,26.943001
1472774400.000000,12.123000,6.095000,9.452000,3.977928,2.284000,1.066000,26.802000
1472778000.000000,16.772050,8.455308,8.209000,3.909000,2.254000,1.005000,26.309999
1472781600.000000,16.370050,8.522308,8.564000,4.087000,2.163000,1.036000,25.958000
1472785200.000000,15.432050,7.719307,7.853000,3.234000,2.071000,1.005000,25.466000
1472788800.000000,16.236050,7.585308,8.564000,3.447000,1.949000,0.944000,24.903000
1472792400.000000,16.906050,8.321308,9.132000,4.051000,2.041000,0.853000,24.410000
1472796000.000000,18.379050,6.714308,9.239000,2.310000,2.711000,1.005000,24.198999
1472799600.000000,16.906050,6.580308,8.351000,2.097000,2.680000,1.371000,24.621000
1472803200.000000,16.772050,7.317308,8.457000,2.594000,2.833000,1.462000,24.832001
1472806800.000000,16.169050,9.125308,7.604000,3.944000,2.955000,1.463393,26.239000
1472810400.000000,16.638051,9.058308,7.533000,3.838000,3.107000,1.492000,28.068001
1472814000.000000,16.169050,8.053308,7.391000,3.873000,3.290000,1.340000,27.716999
1472817600.000000,14.762050,7.317308,5.543000,2.168000,2.863000,1.310000,28.561001
1472821200.000000,15.097050,7.319605,6.041000,2.630000,2.955000,1.310835,29.194000
1472824800.000000,14.829051,8.053308,6.044605,3.127000,3.076000,1.371000,31.726000
1472828400.000000,15.700050,7.986308,6.610000,3.127935,2.894000,1.310000,31.514999
1472832000.000000,15.298050,7.116308,6.538000,2.878000,2.833000,1.340000,31.726000
1472835600.000000,9.511000,4.689000,6.432000,3.020000,3.076000,1.249000,32.570999
1472839200.000000,8.774000,4.287000,5.757000,2.665000,2.985000,1.218000,30.179001
1472839200.000000,8.759292,4.284481,5.757649,2.668079,2.993501,1.217080,30.182698
1472839200.000000,8.774000,4.287000,5.757000,2.665000,2.985000,1.218000,30.179001
1472839200.000000,8.764297,4.292254,5.764508,2.664527,2.987093,1.218116,30.178792
1472839200.000000,8.774000,4.287000,5.757000,2.665000,2.985000,1.218000,30.179001
1472839200.000000,8.777199,4.281639,5.761235,2.665205,2.986854,1.217914,30.192071
1472839200.000000,8.774000,4.287000,5.757000,2.665000,2.985000,1.218000,30.179001
1472839200.000000,8.768972,4.298073,5.756039,2.667058,2.982116,1.219115,30.143851
1472839200.000000,8.774000,4.287000,5.757000,2.665000,2.985000,1.218000,30.179001
1472839200.000000,8.775075,4.290941,5.761474,2.668819,2.984154,1.219244,30.204076
1472875200.000000,14.066000,5.693000,8.777000,3.944000,4.599000,1.675000,26.169001
1472878800.000000,14.937000,6.899000,9.914000,4.300000,4.630000,1.645000,26.239000
1472882400.000000,16.879000,7.301000,11.762000,4.655000,5.422000,1.828000,25.958000
1472886000.000000,13.999000,6.899000,9.417000,4.442000,5.117000,1.828559,27.013000
1472889600.000000,8.439000,5.693000,6.041000,3.518000,2.711000,1.523000,27.716999
1472893200.000000,9.310000,5.760000,6.823000,3.802000,2.833000,1.432000,28.209000
1472896800.000000,11.052000,5.626000,7.320000,3.909000,3.259000,1.433228,28.913000
1472900400.000000,10.784000,4.957000,7.328356,3.127000,3.472000,1.401000,29.757000
1472904000.000000,9.980000,4.823000,6.894000,3.376000,2.772000,1.127000,30.671000
1472907600.000000,10.717000,5.157000,7.071000,2.772000,2.955000,1.249000,30.952999
1472911200.000000,9.578000,5.090000,6.929000,3.696000,2.772000,1.340000,30.108999
1472914800.000000,2.986949,5.224000,11.658718,3.092000,2.650000,1.218000,21.559685
1472918400.000000,2.919950,4.890000,11.444717,3.696000,2.619000,1.217568,22.051686
1472922000.000000,3.455950,4.823000,11.480718,3.163000,2.955000,1.310000,22.010109
1472925600.000000,2.277000,4.019000,10.307717,2.701000,2.650000,1.097000,20.081685
1472929200.000000,3.187950,3.550000,11.018717,2.168000,3.015000,1.005000,19.448685
1472932800.000000,3.589950,3.552055,11.338718,2.132000,3.046000,0.944000,19.307686
1472936400.000000,4.661950,4.153000,12.724718,2.452000,2.741000,0.914000,19.026686
1472940000.000000,4.527950,4.354000,12.866717,2.914000,2.376000,0.944000,18.745686
1472943600.000000,6.201950,5.224000,14.038717,3.873000,2.467000,1.066000,18.604685
1472947200.000000,6.240625,4.823000,13.162265,3.909000,2.345000,1.036000,19.712738
1472950800.000000,7.417300,5.157000,12.995812,4.513000,2.071000,0.914000,20.891791
1472954400.000000,8.793975,4.957000,11.514359,3.944000,2.068910,0.944000,22.210842
1472958000.000000,9.636650,5.693000,11.241906,3.980000,1.888000,0.883000,23.178896
1472961600.000000,9.406325,5.157000,9.263453,3.234000,1.980000,0.884111,24.356947
1472965200.000000,11.119000,4.823000,9.239000,3.340000,2.041000,0.853000,25.816999
1472968800.000000,13.195000,6.028000,10.732000,3.944000,2.711000,1.005000,25.958000
1472972400.000000,11.721000,4.890000,8.884000,3.198000,2.711479,1.218000,25.747000
1472976000.000000,10.114000,4.555000,7.676000,3.056000,2.711000,1.279000,26.379999
1472979600.000000,8.573000,4.354000,5.970000,2.665000,2.619000,1.276198,27.646000
1472983200.000000,9.980000,4.488000,7.107000,2.985000,2.741000,1.249000,28.278999
1472986800.000000,9.109000,3.885000,6.254000,2.416000,2.924000,1.127000,29.194000
1472990400.000000,7.167000,3.014000,4.620000,1.564000,2.528000,1.097000,29.124001
1472994000.000000,7.301000,2.880000,4.868000,1.635000,2.498000,1.097926,28.983000
1472997600.000000,7.167000,3.148000,4.833000,1.812000,2.315000,1.036000,28.841999
1473001200.000000,7.301000,3.416000,4.904000,2.132000,2.498000,1.127000,27.506001
1473004800.000000,7.368000,3.885000,5.046000,2.594000,2.254000,1.157000,26.802000
1473008400.000000,8.239000,3.751000,5.437000,2.310000,2.772000,1.127000,27.084000
1473012000.000000,6.966000,3.282000,4.584000,2.061000,2.376000,1.005000,26.099001
1473015600.000000,7.703000,3.081000,5.082000,1.954000,2.619000,0.853000,26.068461
1473019200.000000,7.904000,3.080196,5.086489,1.883000,2.741000,0.883000,25.747000
1473022800.000000,6.899000,3.751000,4.442000,2.097000,2.528000,0.884442,25.606001
1473026400.000000,8.506000,4.689000,6.148000,3.340000,2.224000,0.883000,25.114000
1473030000.000000,9.444000,5.358000,7.320000,3.660000,1.949000,0.853000,24.973000
1473033600.000000,9.154738,6.966000,11.442000,5.863000,1.888000,0.853324,24.903000
1473037200.000000,9.244076,6.698000,10.127000,4.904000,1.736000,0.792000,24.270000
1473040800.000000,9.686452,6.564000,9.275000,4.264000,1.645000,0.853000,24.481001
1473044400.000000,9.817503,6.832000,10.376000,5.224000,1.767000,0.975000,24.496688
1473048000.000000,9.794733,6.162000,10.234000,4.513000,1.949000,0.944000,24.340000
1473051600.000000,9.891876,5.157000,8.102000,3.838000,2.132000,0.943294,24.324787
1473055200.000000,9.978505,6.564000,10.341000,4.868000,2.711000,1.066000,24.270000
1473058800.000000,10.002976,6.832000,9.239000,4.762000,2.528000,1.218000,24.551001
1473062400.000000,10.021169,7.033000,7.782000,4.371000,2.559000,1.401000,24.903000
1473066000.000000,10.051905,6.028000,6.538000,3.305000,2.680000,1.279000,25.606001
1473069600.000000,10.072642,4.957000,6.929000,3.302500,2.863000,1.278626,26.309999
1473073200.000000,10.084499,4.354000,6.467000,2.878000,2.772000,1.157000,26.450001
1473076800.000000,10.096327,4.287000,5.686000,2.416000,2.437000,1.036000,27.506001
1473080400.000000,10.107892,4.354000,5.579000,2.452000,2.467000,1.157000,27.497107
1473084000.000000,7.837000,4.823000,5.721000,3.127000,2.224000,1.066000,28.209000
1473087600.000000,7.703000,4.287000,5.828000,3.163000,2.345000,1.097000,28.561001
1473091200.000000,7.502000,4.220000,5.117000,2.949000,2.348848,1.096667,29.827000
1473094800.000000,8.439000,4.153000,5.615000,2.665000,2.741000,1.097000,28.209000
1473098400.000000,7.502000,3.885000,4.868000,2.381000,2.559000,1.066000,27.857000
1473102000.000000,8.038000,3.349000,5.224000,2.025000,2.772000,1.005000,27.013000
1473105600.000000,8.035639,3.282000,5.330000,2.061000,2.711000,0.944000,26.169001
1473109200.000000,7.100000,3.148000,4.655000,1.954000,2.467000,0.914000,26.662001
1473112800.000000,7.703000,3.483000,4.762000,2.097000,2.193000,0.944000,26.450001
1473116400.000000,7.837000,3.885000,5.686000,2.239000,2.254000,0.975000,25.958000
1473120000.000000,11.788000,5.827000,7.533000,3.625000,4.508000,1.614000,25.747000
1473123600.000000,9.913000,5.425000,8.386000,4.229000,1.949000,0.944000,25.709931
1473127200.000000,11.253000,4.756000,6.858000,2.807000,4.234000,1.462000,25.325001
1473130800.000000,10.717000,5.023000,6.929000,3.234000,4.230315,1.523000,26.028000
1473134400.000000,10.784000,5.157000,7.249000,3.233867,4.264000,1.584000,25.747000
1473138000.000000,12.190000,5.425000,7.676000,2.949000,4.386000,1.371000,25.254999
1473141600.000000,13.396000,4.555000,8.244000,2.947959,4.934000,1.462000,23.777000
1473145200.000000,11.721000,5.358000,6.538000,2.878000,4.721000,1.553000,23.496000
1473148800.000000,8.975000,4.220000,6.536292,3.447000,2.132000,1.188000,22.933001
1473152400.000000,8.774000,4.689000,6.503000,3.625000,2.284000,1.157000,23.707001
1471275720.000000,9.109000,4.957000,6.361000,3.163000,2.650000,0.779800,24.410000
1471279320.000000,8.573000,4.354000,5.650000,2.949000,2.376000,0.566800,24.198999
1471282920.000000,6.430000,3.550000,4.406000,2.239000,1.767000,0.548000,23.917999
1471286520.000000,6.564000,3.549258,4.051000,1.599000,1.888000,0.547118,22.441000
1471290120.000000,6.095000,3.215000,4.264000,2.416000,1.886654,0.627800,21.737000
1471293720.000000,6.430000,3.751000,4.477000,2.239000,1.828000,0.548000,21.525999
1471297320.000000,5.961000,3.081000,3.944000,1.670000,1.980000,0.627800,20.962999
1471300920.000000,7.703000,3.550000,5.117000,2.239000,2.528000,0.566800,20.681999
1471617900.000000,6.229000,2.813000,3.980000,1.670000,2.132000,0.548000,20.190001
1471934880.000000,5.827000,2.411000,3.873000,1.528000,1.980000,0.547169,19.908001
1472251860.000000,5.626000,2.410820,3.553000,1.492000,2.193000,0.548000,19.486000
1472568840.000000,4.957000,2.679000,3.305000,1.208000,1.797000,0.584933,17.516001
1472885820.000000,4.689000,2.478000,3.980000,1.919000,1.371000,0.548000,17.522234
1473202800.000000,6.966000,3.416000,6.076000,3.092000,1.462000,0.701000,17.868000
1473206400.000000,8.105000,4.019000,6.965000,3.198000,1.523000,0.731000,18.009001
1473210000.000000,8.172000,4.354000,6.823000,2.985000,1.492000,0.731119,18.290001
1473213600.000000,8.372000,4.555000,6.929000,3.234000,1.279000,0.609000,18.219999
1473217200.000000,6.631000,3.684000,5.366000,2.701000,1.310000,0.640000,18.290001
1473220800.000000,8.105000,4.019000,6.894000,3.198000,1.432000,0.701000,18.361000
1473224400.000000,9.377000,4.488000,7.498000,2.878000,1.675000,0.699539,18.219999
1473228000.000000,10.717000,5.090000,8.422000,3.376000,2.498000,0.853000,18.500999
1473231600.000000,10.315000,5.827000,8.031000,4.158000,2.467000,1.127000,19.063999
1473235200.000000,9.310000,5.358000,6.432000,3.020000,2.437000,1.157000,19.627001
1473238800.000000,8.372000,5.157000,10.627718,0.729202,2.224000,1.249000,20.823000
1473242400.000000,9.042000,5.425000,11.302718,0.800202,2.559000,1.279000,21.455999
1473246000.000000,8.105000,4.220000,10.627718,0.302201,2.589000,0.944000,22.441000
1473249600.000000,5.961000,3.617000,8.957717,-1.047798,1.980000,0.975000,23.636999
1473253200.000000,6.028000,3.550000,9.312718,-0.407798,1.888000,0.914000,23.988001
1473256800.000000,6.899000,3.952000,7.842812,0.332468,1.887855,0.975000,25.184000
1473260400.000000,6.966000,3.617000,6.124906,1.676734,1.797000,1.066000,25.114000
1473264000.000000,6.698000,3.818000,4.939000,2.487000,1.888000,1.005000,25.958000
1473267600.000000,7.234000,3.684000,4.975000,2.381000,2.345000,0.944000,24.832001
1473271200.000000,6.631000,3.349000,4.442000,2.132000,2.132000,0.943217,24.198999
1473274800.000000,6.632472,2.746000,4.193000,1.564000,2.376000,0.914000,23.003000
1473278400.000000,6.497000,3.014000,4.442000,1.812000,2.482218,0.853000,22.652000
1473282000.000000,6.500048,3.215000,3.944000,1.809191,2.576253,0.761000,22.441000
1473285600.000000,5.224000,3.216869,3.589000,1.954000,2.586471,0.762210,22.447896
1473289200.000000,7.100000,4.086000,5.792000,3.092000,2.643193,0.761000,22.580999
1473292800.000000,10.382000,5.090000,6.219000,3.020000,2.685073,1.340000,22.018999
1473296400.000000,11.052000,4.756000,6.894000,3.447000,2.718020,1.279000,22.159000
1473300000.000000,10.114000,5.358000,6.432000,3.838000,2.746746,1.340000,22.089001
1473303600.000000,10.248000,5.090000,5.828000,2.914000,2.777978,1.401000,21.525999
1473307200.000000,10.449000,5.291000,5.650000,3.127000,2.807667,1.462000,21.808001
1473310800.000000,10.047000,5.224000,5.437000,2.452000,2.835927,1.492000,22.159000
1473314400.000000,12.860000,5.827000,7.214000,3.625000,2.863830,1.553000,21.455999
1473318000.000000,11.655000,5.224000,6.361000,3.056000,2.891580,1.584000,22.299999
1473321600.000000,8.239000,4.354000,5.899000,2.736000,2.919038,1.340000,23.285000
1473325200.000000,8.038000,4.823000,6.148000,3.092000,2.467000,1.401000,24.198999
1473328800.000000,8.975000,4.957000,5.899000,2.843000,2.863000,1.371000,25.466000
1473332400.000000,9.176000,4.756000,6.005000,3.198000,2.955000,1.157000,25.044001
1473336000.000000,7.368000,3.617000,4.371000,1.670000,2.224000,1.036000,25.466000
1473339600.000000,6.363000,3.751000,4.300000,1.848000,2.193000,1.066000,25.888000
1473343200.000000,7.569000,3.952000,4.904000,2.132000,2.132000,1.065113,27.927999
1473346800.000000,6.765000,3.952440,5.330000,2.487000,2.130053,1.249000,27.787001
1473350400.000000,6.899000,3.751000,4.939000,2.416000,2.345000,1.157000,27.716999
1473354000.000000,7.569000,3.885000,5.188000,2.594000,2.437000,1.036000,27.224001
1473357600.000000,6.832000,3.282000,4.477000,2.025000,2.284000,0.914000,26.169001
1473361200.000000,7.368000,3.283656,12.590758,2.239000,5.450191,2.229169,24.903000
1473364800.000000,7.388241,3.416000,4.904000,2.234821,2.528000,0.944000,25.395000
1473368400.000000,8.707000,3.349000,6.503000,2.381000,2.071000,0.853000,24.761999
1473372000.000000,10.047000,5.090000,8.138000,3.767000,1.888000,0.883000,24.551001
1473375600.000000,10.918000,5.559000,9.346000,3.731000,1.706000,0.882729,24.129000
1473379200.000000,11.989000,6.430000,10.341000,4.833000,1.584000,0.853000,24.691999
1473382800.000000,12.726000,6.765000,10.518000,4.620000,1.706000,0.914000,24.270000
1473386400.000000,12.659000,7.100000,10.945000,4.975000,1.675000,0.853000,23.988001
1473390000.000000,12.458000,6.497000,10.199000,4.726000,1.462000,0.761000,23.964263
1473393600.000000,12.190000,6.564000,10.767000,5.224000,1.706000,0.914000,23.848000
1473397200.000000,11.721000,3.751000,9.985000,2.274000,1.980000,0.944000,23.845920
1473400800.000000,12.659000,3.483000,10.092000,2.097000,2.559000,1.036000,23.285000
1473404400.000000,10.315000,3.215000,8.066000,1.848000,2.284000,1.005000,23.777000
1473408000.000000,11.052000,4.622000,8.528000,2.203000,2.282698,1.127000,24.340000
1473411600.000000,9.377000,3.014000,7.498000,1.137000,2.406000,1.218000,25.325001
1473415200.000000,9.913000,5.023000,6.610000,3.127000,2.650000,1.217715,26.802000
1473418800.000000,9.176000,5.025695,6.219000,2.914000,2.711000,1.127000,26.662001
1473422400.000000,7.234000,3.349000,4.868000,1.883000,2.467000,1.157000,27.506001
1473426000.000000,7.837000,3.952000,5.082000,2.665000,2.589000,1.157260,28.420000
1473429600.000000,8.774000,4.823000,5.792000,2.701000,2.559000,1.249000,29.615999
1473433200.000000,8.769280,5.224000,6.325000,3.234000,2.528000,1.218000,29.546000
1473436800.000000,8.439000,4.287000,6.041000,2.701000,2.680000,1.217314,29.194000
1473440400.000000,8.841000,4.153000,6.005000,2.452000,2.802000,1.188000,28.702000
1473444000.000000,7.703000,3.550000,4.904000,2.132000,2.801503,1.218000,27.434999
1473447600.000000,8.439000,3.617000,5.615000,2.132257,2.894000,1.097000,27.084000
1473451200.000000,7.904000,3.416000,5.259000,2.203000,2.650000,0.944000,27.101933
1473454800.000000,13.222050,2.947000,4.975000,1.706000,2.376000,0.914000,26.662001
1473458400.000000,15.499051,4.622000,7.071000,3.411000,1.980000,0.883000,26.802000
1473462000.000000,16.236050,4.957000,8.386000,3.163000,2.010000,0.975000,25.888000
1473465600.000000,16.035050,5.492000,8.351000,3.838000,1.828000,0.853000,26.239000
1473469200.000000,16.772050,5.626000,8.742000,3.909000,1.584000,0.792000,25.747000
1473472800.000000,16.973051,5.224000,9.452000,4.300000,1.462000,0.701000,25.395000
1473476400.000000,16.638051,4.957000,8.848000,3.447000,1.461874,0.731000,25.535999
1473480000.000000,16.571050,4.622000,8.564000,3.340000,1.736000,0.883000,24.551001
1473483600.000000,10.315000,5.157000,7.995000,3.482000,1.858000,0.792000,24.903000
1473487200.000000,10.717000,5.023000,8.031000,2.914000,2.376000,1.005000,23.988001
1473490800.000000,9.913000,5.425000,7.285000,3.020000,2.589000,1.279000,24.198999
1473494400.000000,10.918000,5.961000,8.457000,3.625000,2.711000,1.340000,24.832001
1473498000.000000,9.042000,5.559000,6.538000,3.447000,2.863000,1.492000,26.521000
1473501600.000000,9.980000,5.894000,7.107000,3.696000,3.137000,1.493968,27.013000
1473505200.000000,10.315000,5.492000,7.249000,3.269000,3.107000,1.279000,26.662001
1473508800.000000,7.971000,4.019000,4.939000,2.594000,2.345000,1.127000,27.295000
1473512400.000000,7.837000,4.086000,5.010000,1.812000,2.437000,1.157000,27.857000
1473516000.000000,7.846146,3.818000,5.508000,3.092000,2.376000,1.159298,28.278999
1473519600.000000,8.306000,4.689000,5.472000,2.807000,2.406000,1.127000,28.139000
1473523200.000000,7.301000,4.086000,5.010000,2.630000,2.376000,1.097000,27.646000
1473526800.000000,8.841000,4.354000,6.148000,2.878000,2.741000,1.097201,27.506001
1473530400.000000,7.569000,3.751000,4.975000,2.594000,2.376000,0.944000,27.084000
1473534000.000000,8.239000,3.684000,5.721000,2.168000,2.619000,1.005000,26.309999
1473537600.000000,7.636000,3.349000,5.366000,2.310000,2.284000,0.792000,25.535999
1473541200.000000,9.176000,3.617000,6.965000,1.883000,2.254000,0.853000,24.973000
1473544800.000000,11.119000,4.957000,9.594000,4.371000,2.041000,0.944000,24.198999
1473548400.000000,13.128000,3.885000,10.518000,2.807000,1.797000,0.914000,24.270000
1473552000.000000,17.348000,5.894000,12.970000,3.518000,4.203000,1.401000,24.551001
1473555600.000000,16.611000,5.425000,12.473000,2.985000,4.173000,1.371000,24.410000
1473559200.000000,16.879000,5.961000,12.686000,3.482000,4.082000,1.432000,24.903000
1473562800.000000,16.544001,5.291000,12.437000,2.985000,3.868000,1.401000,24.691999
1473566400.000000,14.870000,6.430000,10.518000,4.158000,4.021000,1.492000,24.340000
1473570000.000000,15.606000,4.890000,11.194000,2.523000,4.569000,1.493226,25.184000
1473573600.000000,17.951000,5.090000,12.544000,2.701000,5.117000,1.645000,24.903000
1473577200.000000,16.476999,5.425000,11.762000,2.736000,4.965000,1.797000,25.254999
1473580800.000000,13.999000,4.421000,11.513000,2.914000,2.467000,1.249000,25.206307
1473584400.000000,10.918000,5.894000,8.493000,3.944000,2.193000,1.247567,25.677000
1473588000.000000,8.774000,4.890000,6.076000,2.665000,2.589000,1.157000,25.395000
1473591600.000000,9.377000,4.689000,6.219000,2.416000,3.229000,1.218000,25.184000
1473595200.000000,7.167000,3.550000,4.300000,2.203000,2.345000,1.036000,24.973000
1473598800.000000,7.169812,3.416000,4.513000,2.487000,2.376000,1.097000,25.254999
